{"type": "FeatureCollection", "features": [{"type": "Feature", "properties": {"name": "墾丁國家公園", "source": "OpenStreetMap", "osm_type": "relation", "osm_id": 4129686}, "geometry": {"type": "Polygon", "coordinates": [[[120.6768631, 22.0252955], [120.6769487, 22.024239], [120.6772759, 22.0222436], [120.6783684, 22.0171428], [120.678955, 22.0147054], [120.6797126, 22.0125212], [120.6808654, 22.0093985], [120.6822911, 22.0063485], [120.6828056, 22.0052849], [120.6828056, 22.0052838], [120.6837837, 22.0032626], [120.6867868, 21.9985447], [120.6886884, 21.9961097], [120.691829, 21.9929997], [120.6929996, 21.9918188], [120.6945979, 21.9898076], [120.6957089, 21.9883646], [120.6971448, 21.9862177], [120.697983, 21.9846026], [120.6987147, 21.9833756], [120.7002185, 21.9797566], [120.7007838, 21.9780235], [120.7016529, 21.9754872], [120.7019777, 21.973835], [120.7021278, 21.9715141], [120.7020561, 21.9687502], [120.7016639, 21.9659767], [120.7014247, 21.9646125], [120.7012526, 21.963131], [120.7011331, 21.9614689], [120.7000198, 21.9562916], [120.699891, 21.9553701], [120.6996167, 21.9541323], [120.6991877, 21.952867], [120.6990061, 21.9521442], [120.6989317, 21.9511234], [120.6986223, 21.9495875], [120.6984209, 21.9482594], [120.6982922, 21.946796], [120.6980698, 21.9452873], [120.6979538, 21.9438691], [120.6980193, 21.9421983], [120.6980261, 21.9407803], [120.697972, 21.9393984], [120.6978827, 21.9381428], [120.6979498, 21.9361469], [120.6979592, 21.9344037], [120.6981036, 21.9320647], [120.6982946, 21.9300871], [120.6985761, 21.9283626], [120.6989175, 21.9266291], [120.6995622, 21.9238665], [120.7008695, 21.9203465], [120.7016789, 21.9184241], [120.7027492, 21.9162133], [120.7034906, 21.9148327], [120.7044261, 21.9131906], [120.7056301, 21.9117928], [120.7070357, 21.910269], [120.7085744, 21.9089892], [120.7108493, 21.9073855], [120.7127341, 21.9062237], [120.7143261, 21.9052962], [120.71613, 21.9044911], [120.71613, 21.904491], [120.7164428, 21.9043515], [120.7189441, 21.9031726], [120.7213125, 21.902147], [120.7244511, 21.9011227], [120.7266705, 21.9005664], [120.7294118, 21.8997761], [120.7320309, 21.8991933], [120.7348951, 21.8983761], [120.7377292, 21.8976761], [120.739787, 21.897011], [120.7421301, 21.8964367], [120.745999, 21.8955937], [120.7523803, 21.8940589], [120.7593064, 21.8925789], [120.7644103, 21.8914122], [120.7666487, 21.8908734], [120.7716573, 21.8899863], [120.7745205, 21.8896199], [120.7770038, 21.888964], [120.7801596, 21.8883902], [120.7820608, 21.8880224], [120.7855009, 21.887476], [120.7886024, 21.8869471], [120.7953813, 21.8856099], [120.8241357, 21.8806936], [120.8380708, 21.8786757], [120.8476528, 21.8776913], [120.8524776, 21.8778312], [120.8592809, 21.8793094], [120.8635674, 21.8816161], [120.8654793, 21.8829725], [120.8667845, 21.884238], [120.8689981, 21.8869223], [120.8703041, 21.8886304], [120.8713282, 21.8904737], [120.872741, 21.8927238], [120.873395, 21.8941513], [120.8742515, 21.8963106], [120.8748124, 21.8982303], [120.8748125, 21.8982303], [120.8749695, 21.8987678], [120.8753557, 21.9008635], [120.8763983, 21.9072228], [120.8787125, 21.9231788], [120.8870335, 21.9883919], [120.8879023, 21.9968102], [120.8892967, 22.0057978], [120.8898587, 22.0067465], [120.8904168, 22.0077856], [120.8979547, 22.0164068], [120.9055221, 22.0244045], [120.9075406, 22.0261398], [120.9088046, 22.0278475], [120.9095006, 22.0285795], [120.9111674, 22.0339001], [120.9112304, 22.0353904], [120.9112816, 22.03726], [120.9102902, 22.0392194], [120.9099417, 22.0403391], [120.9090156, 22.0416934], [120.9080062, 22.0432249], [120.9080062, 22.043226], [120.907885, 22.0434088], [120.9071292, 22.044998], [120.906424, 22.046253], [120.905811, 22.04749], [120.9050754, 22.0492237], [120.9048723, 22.0501538], [120.9045057, 22.0521767], [120.903756, 22.05466], [120.9020384, 22.0585427], [120.9019449, 22.0606561], [120.9017472, 22.063519], [120.9016705, 22.0639073], [120.9015294, 22.0660026], [120.9019014, 22.069173], [120.9018943, 22.0695704], [120.9017887, 22.0709432], [120.9017214, 22.071476], [120.9015717, 22.0720449], [120.9009539, 22.0730922], [120.9008461, 22.073327], [120.9005609, 22.0738687], [120.9004793, 22.0741216], [120.9003869, 22.074555], [120.9001308, 22.0776799], [120.900097, 22.0803261], [120.9001289, 22.0819451], [120.90015, 22.0819654], [120.9001482, 22.0829465], [120.9050183, 22.0879846], [120.9050794, 22.0880151], [120.9053729, 22.088621], [120.9075204, 22.0930562], [120.9076502, 22.1109753], [120.8988853, 22.1148266], [120.891882, 22.1088245], [120.8916191, 22.1085991], [120.8915284, 22.1084564], [120.8915336, 22.1080237], [120.8914129, 22.107846], [120.8907199, 22.1074976], [120.8904777, 22.1073299], [120.890326, 22.1071803], [120.8899766, 22.1065786], [120.8894118, 22.1059784], [120.8891514, 22.1053731], [120.8886882, 22.1047587], [120.8885026, 22.1045768], [120.8883477, 22.1043654], [120.888291, 22.1040539], [120.8882866, 22.1034147], [120.888184, 22.1030558], [120.8878713, 22.1028334], [120.8878738, 22.1030421], [120.8878248, 22.10313], [120.8875963, 22.1031897], [120.8872629, 22.1034842], [120.8871284, 22.1034751], [120.8869335, 22.1033653], [120.8868311, 22.1033296], [120.8865451, 22.1032523], [120.886294, 22.1031494], [120.8860579, 22.1031443], [120.8854324, 22.1033926], [120.8853051, 22.1035215], [120.8846256, 22.1034553], [120.8842385, 22.103446], [120.8841517, 22.1035282], [120.8841843, 22.1037259], [120.8841562, 22.1040872], [120.8840252, 22.1041503], [120.8840057, 22.1043297], [120.883952, 22.1044302], [120.883892, 22.1044753], [120.8837885, 22.1044864], [120.8836093, 22.1044119], [120.8834339, 22.1042826], [120.883359, 22.1042582], [120.8832801, 22.1043174], [120.8832689, 22.1045381], [120.8830678, 22.1046937], [120.8830122, 22.1046031], [120.8829865, 22.1043844], [120.8828858, 22.1042759], [120.8827459, 22.1041068], [120.8826185, 22.1040409], [120.8825446, 22.104077], [120.8824833, 22.1041978], [120.8824271, 22.1042214], [120.8822709, 22.1041129], [120.882159, 22.1040586], [120.8820093, 22.1040495], [120.8818953, 22.1039681], [120.8818241, 22.1038778], [120.88172, 22.1035435], [120.8816244, 22.1034502], [120.8814283, 22.1034731], [120.8811483, 22.1034399], [120.8809866, 22.1034798], [120.8808479, 22.1034435], [120.8805364, 22.1036601], [120.8804632, 22.1037774], [120.8804167, 22.1040916], [120.8803237, 22.1041747], [120.8800221, 22.1041508], [120.8797447, 22.1040012], [120.8796832, 22.1039936], [120.8797026, 22.104072], [120.8798412, 22.104251], [120.880206, 22.1047591], [120.8802553, 22.1049233], [120.8801743, 22.1050807], [120.880107, 22.1052403], [120.8799837, 22.1053847], [120.8798951, 22.1056285], [120.8797968, 22.1056986], [120.8796818, 22.1056385], [120.8796432, 22.1054968], [120.8795389, 22.1053205], [120.8794363, 22.1053525], [120.8793298, 22.105312], [120.879174, 22.1056046], [120.8790237, 22.1056619], [120.8789173, 22.1056007], [120.8786707, 22.1053316], [120.878415, 22.1047694], [120.8784031, 22.104506], [120.878423, 22.104324], [120.8787648, 22.1036821], [120.8787662, 22.1035503], [120.8787145, 22.1034], [120.8785201, 22.1031257], [120.8784019, 22.1030714], [120.8781882, 22.1030753], [120.8781567, 22.1026106], [120.8781058, 22.1025293], [120.8778758, 22.1024464], [120.8777217, 22.1022671], [120.8774558, 22.1020271], [120.8773385, 22.1019727], [120.8772357, 22.1020258], [120.8770938, 22.1023637], [120.8768157, 22.1024541], [120.8766993, 22.1025303], [120.876459, 22.1028702], [120.8763317, 22.1029328], [120.876195, 22.1029563], [120.8760238, 22.1029351], [120.8758245, 22.1028706], [120.8756898, 22.1027533], [120.875591, 22.1025847], [120.8754609, 22.1025018], [120.8748017, 22.1024397], [120.8746061, 22.1022738], [120.8743831, 22.1023188], [120.8740762, 22.1022745], [120.8739858, 22.1022272], [120.8739304, 22.1021358], [120.8739165, 22.1019795], [120.8738524, 22.1018668], [120.8736603, 22.1017502], [120.8735069, 22.1015775], [120.8731057, 22.1012532], [120.8729227, 22.1011571], [120.8728459, 22.101026], [120.8728563, 22.1007849], [120.8726614, 22.1007844], [120.8726, 22.100984], [120.8726562, 22.1016772], [120.8728114, 22.1020938], [120.872679, 22.1029417], [120.872554, 22.1031329], [120.8723179, 22.1032565], [120.8717, 22.1033893], [120.8714085, 22.1034306], [120.8712269, 22.1033301], [120.8710279, 22.1035096], [120.8703248, 22.1039077], [120.8700516, 22.1041336], [120.8697689, 22.1044572], [120.8693289, 22.1047371], [120.8689068, 22.1047666], [120.8687973, 22.1047112], [120.8687063, 22.1046408], [120.8686164, 22.1043839], [120.8685768, 22.1042488], [120.8685104, 22.1041945], [120.8680966, 22.1042995], [120.8679274, 22.1042887], [120.8672023, 22.1038711], [120.8667253, 22.1035346], [120.8663364, 22.1034077], [120.8661496, 22.1033252], [120.8659803, 22.1031475], [120.86581, 22.1028828], [120.8656506, 22.1023239], [120.8656625, 22.1021237], [120.8655356, 22.1019809], [120.8654768, 22.101702], [120.8652491, 22.1015709], [120.8652096, 22.1014543], [120.8652469, 22.1012929], [120.865073, 22.1012396], [120.8647225, 22.1010556], [120.8644263, 22.1003267], [120.8645081, 22.1001745], [120.8644984, 22.1000757], [120.8643168, 22.1000428], [120.8641828, 22.0999983], [120.8641169, 22.0997035], [120.863892, 22.0995217], [120.8637767, 22.099375], [120.8636485, 22.0990813], [120.8635144, 22.098979], [120.8579858, 22.100072], [120.8574909, 22.1001628], [120.8572579, 22.1002642], [120.8569216, 22.1005198], [120.8566574, 22.1008036], [120.8564875, 22.1008979], [120.8560951, 22.1010468], [120.8557042, 22.1011513], [120.8552965, 22.1011709], [120.8545915, 22.1010746], [120.8540579, 22.1008945], [120.8535057, 22.1006146], [120.8529741, 22.1002121], [120.8522894, 22.0996796], [120.8519228, 22.0993359], [120.851309, 22.0986883], [120.8507828, 22.0981789], [120.8505134, 22.098067], [120.8501659, 22.0980011], [120.8491659, 22.0980006], [120.8487839, 22.098063], [120.8480833, 22.098309], [120.8476166, 22.0984018], [120.8473846, 22.098501], [120.8472091, 22.0986215], [120.8466979, 22.0991233], [120.8464524, 22.099073], [120.8461208, 22.0988522], [120.845772, 22.0984751], [120.8455871, 22.0981815], [120.8419549, 22.0940989], [120.8411858, 22.0941104], [120.8393916, 22.0941702], [120.8339579, 22.0959303], [120.8326591, 22.0961039], [120.830943, 22.0945837], [120.8301957, 22.0940677], [120.8300427, 22.093962], [120.8297341, 22.0937489], [120.829428, 22.093409], [120.8290484, 22.0932336], [120.8286492, 22.0930839], [120.8283882, 22.0930541], [120.8282317, 22.0928867], [120.8280427, 22.0926983], [120.8278247, 22.0924952], [120.8277066, 22.0923469], [120.8276314, 22.0921594], [120.8276573, 22.0919213], [120.8278121, 22.0916177], [120.8281732, 22.090993], [120.8282913, 22.0905308], [120.8278729, 22.0901182], [120.8274759, 22.0894571], [120.827256, 22.0889651], [120.8271433, 22.088448], [120.8268643, 22.0877174], [120.8268429, 22.0871706], [120.8270896, 22.0868127], [120.8274759, 22.0865343], [120.828133, 22.0862411], [120.8286828, 22.0862261], [120.8292971, 22.0861466], [120.8294071, 22.0857788], [120.8293883, 22.0854159], [120.829383, 22.0850655], [120.8293213, 22.0847797], [120.8292086, 22.0842875], [120.8290831, 22.084057], [120.8289484, 22.0840663], [120.8279533, 22.0842129], [120.8270682, 22.0843869], [120.8262903, 22.0845808], [120.8257056, 22.084884], [120.8246113, 22.0854954], [120.8237529, 22.0857887], [120.8231951, 22.0858136], [120.822841, 22.0856893], [120.8226586, 22.0853413], [120.8225728, 22.0850829], [120.8225942, 22.0848144], [120.8225459, 22.0845612], [120.8225835, 22.0842875], [120.8226264, 22.0838103], [120.8227337, 22.0832238], [120.8229818, 22.082754], [120.8231986, 22.0825851], [120.8233453, 22.082508], [120.82371, 22.0825676], [120.8241714, 22.0826571], [120.8247507, 22.0825775], [120.8254481, 22.082329], [120.8263708, 22.0822296], [120.8269394, 22.0821103], [120.8273042, 22.0820109], [120.8276261, 22.0817424], [120.8276609, 22.0815787], [120.8275617, 22.0814342], [120.8271599, 22.08113], [120.8267892, 22.0806687], [120.8266927, 22.0802014], [120.8263601, 22.0793067], [120.826124, 22.0785212], [120.8261562, 22.0779247], [120.8264674, 22.0770796], [120.8270896, 22.0762842], [120.8273471, 22.0755684], [120.8273793, 22.0743356], [120.8273364, 22.0726354], [120.8270848, 22.0720329], [120.8267141, 22.0718102], [120.8264566, 22.0718102], [120.8260441, 22.0720826], [120.8256579, 22.0722914], [120.8251751, 22.0723312], [120.824306, 22.0723809], [120.8236516, 22.0724604], [120.8230508, 22.0725201], [120.822487, 22.0726354], [120.8222509, 22.0728442], [120.8221436, 22.0731425], [120.822326, 22.0734507], [120.8222676, 22.0737927], [120.8220422, 22.0741009], [120.8215965, 22.074266], [120.8210874, 22.0742998], [120.8203948, 22.0741964], [120.8198477, 22.0741069], [120.8194936, 22.0739876], [120.8193237, 22.0739023], [120.8191181, 22.0736495], [120.8190645, 22.0734109], [120.8189572, 22.0729536], [120.8191074, 22.0722675], [120.8194936, 22.0715815], [120.8198047, 22.0709849], [120.8197818, 22.0705441], [120.8196659, 22.0703388], [120.8193996, 22.0699545], [120.819237, 22.0695872], [120.8190001, 22.0692151], [120.8190537, 22.0688572], [120.8189679, 22.068539], [120.8187748, 22.0682407], [120.8185066, 22.0676839], [120.8184851, 22.0671172], [120.8184803, 22.0666539], [120.8183623, 22.0659777], [120.8179487, 22.0654866], [120.8175088, 22.0649993], [120.8169616, 22.0642238], [120.8167363, 22.0635576], [120.8167792, 22.0631599], [120.8171655, 22.0628616], [120.8175732, 22.0627423], [120.8181632, 22.0628119], [120.8188487, 22.0630121], [120.8189464, 22.0630406], [120.8196653, 22.0631698], [120.8204807, 22.0630903], [120.8217359, 22.0625832], [120.8224226, 22.0623246], [120.8228839, 22.0614695], [120.8232702, 22.0603559], [120.8233238, 22.0598189], [120.8231092, 22.0594709], [120.8228625, 22.0589936], [120.8228196, 22.0584368], [120.8228839, 22.0577706], [120.823077, 22.0567563], [120.8231056, 22.055966], [120.8232594, 22.0550659], [120.8233667, 22.0537832], [120.8234955, 22.0527788], [120.8237851, 22.0519535], [120.8241821, 22.0511381], [120.8245684, 22.0505414], [120.8249331, 22.0503326], [120.8254481, 22.0505215], [120.8258665, 22.0507701], [120.826403, 22.050979], [120.8267356, 22.0509889], [120.8271969, 22.0505116], [120.8275939, 22.0500144], [120.8281518, 22.0494675], [120.8288384, 22.0488012], [120.8295417, 22.0481489], [120.8299435, 22.0476079], [120.8301795, 22.0463151], [120.8303512, 22.0454003], [120.8307911, 22.044376], [120.8310593, 22.0435307], [120.8310008, 22.0431369], [120.8302975, 22.042586], [120.8294071, 22.0418898], [120.8282913, 22.0414921], [120.827669, 22.0412534], [120.8274222, 22.0408556], [120.8271862, 22.0402291], [120.8272076, 22.0400103], [120.8270896, 22.0393937], [120.8267463, 22.0386578], [120.8264995, 22.0375141], [120.8266819, 22.0366887], [120.8271647, 22.0358632], [120.8276368, 22.0356246], [120.8279801, 22.0356246], [120.8282328, 22.0356484], [120.8283664, 22.0360423], [120.8290745, 22.0362909], [120.8298362, 22.0364898], [120.8304585, 22.0364401], [120.8310378, 22.0361715], [120.8317996, 22.0359329], [120.8328832, 22.035366], [120.8332587, 22.0349185], [120.8332694, 22.0343615], [120.833087, 22.0336156], [120.8333982, 22.0329195], [120.8338595, 22.0320945], [120.8342565, 22.0315674], [120.8344818, 22.0309607], [120.8343101, 22.0299562], [120.8337844, 22.0290512], [120.8333982, 22.0284545], [120.8337308, 22.0281064], [120.834235, 22.0279572], [120.8348573, 22.0278677], [120.8351853, 22.0278824], [120.8354469, 22.0278131], [120.836177, 22.0273306], [120.8368563, 22.0268293], [120.8369709, 22.0267239], [120.8373191, 22.0265839], [120.837839, 22.0265941], [120.8386674, 22.0263483], [120.8405724, 22.0257311], [120.842248, 22.0251873], [120.8430876, 22.0248492], [120.8439304, 22.0242277], [120.8444053, 22.0233904], [120.8444956, 22.0224922], [120.8445264, 22.0222356], [120.8446656, 22.0208429], [120.8447198, 22.0199956], [120.8447817, 22.0194225], [120.8448589, 22.0181862], [120.8446757, 22.017771], [120.8441513, 22.017482], [120.8429159, 22.0174139], [120.8424019, 22.0174358], [120.8409002, 22.0168622], [120.8390379, 22.0151889], [120.8381993, 22.0138961], [120.8378477, 22.012933], [120.8373916, 22.0129983], [120.8372453, 22.0130186], [120.8365605, 22.0131109], [120.8348286, 22.0139907], [120.8337956, 22.014523], [120.8327146, 22.0146945], [120.8298804, 22.0148628], [120.8160627, 22.0139475], [120.8063956, 22.0137892], [120.8026252, 22.013715], [120.7883127, 22.0135779], [120.7692572, 22.0118759], [120.7674235, 22.0085], [120.7640227, 22.007535], [120.7608458, 22.0080192], [120.7578833, 22.0082045], [120.756731, 22.0082815], [120.7571288, 22.0072191], [120.7571754, 22.0070945], [120.7572148, 22.0069895], [120.7580215, 22.0068988], [120.7596855, 22.0067065], [120.76176, 22.0056981], [120.7641443, 22.0024464], [120.7638143, 22.0018228], [120.7632599, 22.0004983], [120.762416, 21.9982919], [120.7600654, 21.9952343], [120.7599181, 21.9949152], [120.7598337, 21.9948285], [120.7596451, 21.994469], [120.7595042, 21.9940553], [120.759199, 21.9929827], [120.7591864, 21.9929383], [120.7591647, 21.9928945], [120.7574728, 21.9894863], [120.7579803, 21.9871761], [120.7577958, 21.9869238], [120.7575753, 21.9861439], [120.7573388, 21.9856108], [120.7573043, 21.9853675], [120.7570474, 21.9849304], [120.7568806, 21.984755], [120.7565331, 21.9846766], [120.7562221, 21.9845484], [120.7557364, 21.9842458], [120.7550707, 21.983596], [120.7552181, 21.9833549], [120.755283, 21.9832745], [120.7563208, 21.9830583], [120.7566111, 21.9830677], [120.7567748, 21.9831014], [120.756908, 21.9830326], [120.7570165, 21.982856], [120.7569521, 21.9825794], [120.7570048, 21.9822827], [120.757153, 21.9817595], [120.7572846, 21.9815979], [120.7572618, 21.9812337], [120.757148, 21.9810763], [120.7569988, 21.9810359], [120.7568892, 21.9809497], [120.7568393, 21.9807426], [120.7567713, 21.9800021], [120.7566521, 21.9799329], [120.7563606, 21.9799333], [120.7560888, 21.9798571], [120.7557143, 21.9796138], [120.7556987, 21.9796028], [120.7556839, 21.9795909], [120.7556699, 21.9795783], [120.7556567, 21.9795648], [120.7556445, 21.9795506], [120.7556332, 21.9795357], [120.755623, 21.9795202], [120.7556137, 21.9795041], [120.7556056, 21.9794875], [120.7555986, 21.9794705], [120.7555927, 21.9794532], [120.755588, 21.9794355], [120.7555845, 21.9794176], [120.7555822, 21.9793995], [120.755581, 21.9793813], [120.7555811, 21.9793631], [120.7555824, 21.9793449], [120.7555849, 21.9793268], [120.7555886, 21.9793089], [120.7555934, 21.9792913], [120.7555994, 21.9792739], [120.7556066, 21.979257], [120.7556149, 21.9792405], [120.7556242, 21.9792245], [120.7556346, 21.979209], [120.755646, 21.9791942], [120.7560165, 21.9786359], [120.7563696, 21.978445], [120.7563794, 21.9784394], [120.7563888, 21.9784331], [120.7563977, 21.9784264], [120.7564062, 21.9784191], [120.7564142, 21.9784113], [120.7564216, 21.9784031], [120.7564285, 21.9783945], [120.7564347, 21.9783855], [120.7564404, 21.9783761], [120.7564454, 21.9783664], [120.7564498, 21.9783565], [120.7564534, 21.9783463], [120.7564564, 21.9783359], [120.7564587, 21.9783254], [120.7564603, 21.9783147], [120.7564612, 21.978304], [120.7564613, 21.9782933], [120.7564607, 21.9782826], [120.7564594, 21.9782719], [120.7564574, 21.9782613], [120.7564547, 21.9782509], [120.7564513, 21.9782406], [120.7564472, 21.9782305], [120.7564424, 21.9782208], [120.756437, 21.9782113], [120.756431, 21.9782021], [120.7564243, 21.9781933], [120.7564171, 21.978185], [120.7564093, 21.978177], [120.7564011, 21.9781696], [120.7563923, 21.9781626], [120.7563831, 21.9781561], [120.7563735, 21.9781502], [120.7563634, 21.9781449], [120.7563531, 21.9781402], [120.7563425, 21.9781361], [120.7563316, 21.9781326], [120.7563205, 21.9781297], [120.7563092, 21.9781276], [120.7560551, 21.9780859], [120.7557213, 21.9780899], [120.755371, 21.9781065], [120.7552401, 21.9780492], [120.7552939, 21.9777793], [120.7554147, 21.9775529], [120.7555541, 21.9773718], [120.7556971, 21.9772879], [120.7560084, 21.9772514], [120.7562888, 21.9772717], [120.7564437, 21.9772784], [120.7565237, 21.977113], [120.7566167, 21.9769705], [120.7552111, 21.9759557], [120.7538323, 21.9756414], [120.7535481, 21.9755766], [120.7509803, 21.9749911], [120.7493107, 21.9767308], [120.7480191, 21.9780768], [120.7467274, 21.9794227], [120.7454356, 21.9807686], [120.7441439, 21.9821145], [120.7428521, 21.9834603], [120.7424097, 21.9837636], [120.7418739, 21.9838753], [120.7406487, 21.9839408], [120.7387138, 21.9840183], [120.737723, 21.9839252], [120.7368008, 21.9835747], [120.735268, 21.9827449], [120.7348614, 21.9825208], [120.7343604, 21.9822524], [120.7342121, 21.9821677], [120.7342139, 21.9821599], [120.7342097, 21.9821576], [120.73384, 21.9819554], [120.7338485, 21.9815639], [120.7334638, 21.9801164], [120.7333277, 21.979393], [120.7333456, 21.979256], [120.7334119, 21.9790645], [120.733618, 21.97877], [120.7335094, 21.9786553], [120.733163, 21.9783457], [120.7330712, 21.9782011], [120.7330542, 21.9780707], [120.7330454, 21.9780028], [120.7329769, 21.9779896], [120.7316663, 21.9777374], [120.7259574, 21.9759907], [120.7243288, 21.9754924], [120.7211327, 21.9784039], [120.7180004, 21.9767369], [120.7178771, 21.9771156], [120.7176721, 21.977641], [120.7176685, 21.9782309], [120.7176237, 21.9789353], [120.7175889, 21.9804319], [120.7176035, 21.981342], [120.7175923, 21.9816311], [120.717459, 21.9822022], [120.7169001, 21.9840276], [120.7156499, 21.9855325], [120.7148133, 21.9879208], [120.7140788, 21.988512], [120.7135363, 21.9888585], [120.7128472, 21.9909687], [120.7128148, 21.9915846], [120.7125594, 21.9927724], [120.71238, 21.9934184], [120.7116842, 21.994287], [120.7112641, 21.9946686], [120.7108848, 21.9949743], [120.7107693, 21.9950485], [120.7101771, 21.995276], [120.7101042, 21.9953532], [120.7095158, 21.9965727], [120.7086412, 21.9979918], [120.708001, 21.9989949], [120.7076596, 21.9997257], [120.7072997, 22.0003884], [120.7065055, 22.0010731], [120.7062891, 22.0013129], [120.7060152, 22.0018327], [120.7057477, 22.0020166], [120.7053237, 22.0024709], [120.704859, 22.0028784], [120.7042457, 22.0034871], [120.7039478, 22.0036519], [120.7034225, 22.003777], [120.702121, 22.0038578], [120.7015516, 22.0038504], [120.7010786, 22.0039327], [120.7007395, 22.0040096], [120.7005341, 22.004115], [120.7003551, 22.0042973], [120.7002887, 22.0047306], [120.7000885, 22.0054757], [120.6998341, 22.0066851], [120.6995381, 22.0073936], [120.699225, 22.0078753], [120.6992198, 22.0080847], [120.6989862, 22.008759], [120.6989337, 22.009329], [120.6998144, 22.009549], [120.6993237, 22.0111775], [120.6994875, 22.0116456], [120.699065, 22.0127268], [120.697923, 22.0122317], [120.697665, 22.0128346], [120.6969755, 22.0141879], [120.6954047, 22.0164636], [120.6947213, 22.0180177], [120.6943127, 22.0184803], [120.6940945, 22.0188818], [120.6937797, 22.0193869], [120.6933892, 22.0198731], [120.6932572, 22.0201293], [120.6932184, 22.0203922], [120.6930802, 22.0207669], [120.6930273, 22.0209886], [120.692808, 22.0216613], [120.6926144, 22.0220193], [120.6922012, 22.0231628], [120.6920991, 22.0234599], [120.6915241, 22.0246041], [120.6914837, 22.0251992], [120.6913812, 22.0255869], [120.6913976, 22.0258846], [120.6914988, 22.0264138], [120.691473, 22.0270203], [120.6915898, 22.0278252], [120.6915522, 22.0288202], [120.6914748, 22.0293302], [120.6915217, 22.0301315], [120.6915785, 22.0304286], [120.6915838, 22.0308378], [120.6916652, 22.0313087], [120.6916297, 22.0317232], [120.6916634, 22.0319751], [120.6919511, 22.0326576], [120.6921236, 22.0329052], [120.692565, 22.0336234], [120.6928985, 22.033706], [120.6932731, 22.0336539], [120.6942247, 22.0331676], [120.6944303, 22.0331], [120.6952434, 22.0330976], [120.6964011, 22.0333024], [120.6966827, 22.0334267], [120.6973054, 22.0334983], [120.6975319, 22.0336], [120.6977797, 22.0335903], [120.69954, 22.0337251], [120.6999841, 22.0339522], [120.7006318, 22.0345585], [120.7014938, 22.0351708], [120.7016813, 22.0356216], [120.7017785, 22.0363951], [120.7019567, 22.0367367], [120.7023034, 22.0375474], [120.7026982, 22.0382336], [120.7031021, 22.0388699], [120.7033843, 22.0394149], [120.7035604, 22.03963], [120.7040933, 22.039908], [120.7045834, 22.0400806], [120.7051991, 22.0403814], [120.7054963, 22.0406543], [120.7055684, 22.0408492], [120.7055844, 22.0412312], [120.7057125, 22.0421941], [120.7057244, 22.0428497], [120.705639, 22.0438788], [120.7057412, 22.0440834], [120.7060631, 22.0444344], [120.706424, 22.0446654], [120.7083825, 22.0481858], [120.7092263, 22.0486579], [120.7135391, 22.0511044], [120.7135931, 22.0511343], [120.7136482, 22.0511653], [120.7136956, 22.0511928], [120.7137889, 22.0512465], [120.7138603, 22.0512877], [120.7139429, 22.0513328], [120.7141155, 22.0514277], [120.7141377, 22.0514396], [120.7141641, 22.0514546], [120.7142398, 22.0514991], [120.7142499, 22.0515049], [120.714287, 22.051526], [120.714297, 22.0515323], [120.7143077, 22.0515387], [120.7143207, 22.0515462], [120.7143338, 22.051554], [120.7143454, 22.0515591], [120.7143917, 22.0515848], [120.7144094, 22.0515954], [120.7144338, 22.0516078], [120.7144477, 22.0516156], [120.7144541, 22.0516182], [120.7144704, 22.0516263], [120.7145232, 22.0516635], [120.7146756, 22.05175], [120.7147543, 22.0516517], [120.7149871, 22.051476], [120.7152342, 22.0514701], [120.7159513, 22.0518931], [120.7162311, 22.0519767], [120.7166254, 22.0520036], [120.7177587, 22.0518188], [120.7179822, 22.051878], [120.7187092, 22.0521707], [120.7188557, 22.0521976], [120.7190002, 22.0522326], [120.7191422, 22.0522757], [120.7192811, 22.0523267], [120.7201076, 22.052657], [120.720991, 22.0530101], [120.7217777, 22.0533245], [120.7217324, 22.0533879], [120.7217122, 22.0534162], [120.7204503, 22.0551809], [120.7202435, 22.05547], [120.720005, 22.0558036], [120.7195971, 22.0562752], [120.7195666, 22.0563104], [120.7194935, 22.0563949], [120.7191652, 22.0567746], [120.7191981, 22.0567971], [120.719128, 22.0568728], [120.7191002, 22.0569031], [120.7190697, 22.0569361], [120.7190379, 22.0569217], [120.7190187, 22.0569438], [120.7190477, 22.0569599], [120.7189365, 22.057081], [120.718912, 22.0570673], [120.7187202, 22.0572889], [120.7154434, 22.0550739], [120.7133185, 22.0536198], [120.7114771, 22.0523848], [120.7107832, 22.0520241], [120.7041198, 22.0496766], [120.7040952, 22.0497463], [120.703211, 22.0522503], [120.7025176, 22.0542137], [120.7023661, 22.0546426], [120.7022245, 22.0547363], [120.7020149, 22.0548633], [120.7017431, 22.0551129], [120.7014877, 22.0553861], [120.700984, 22.0557989], [120.7008114, 22.05586], [120.7005215, 22.055976], [120.7000824, 22.0563546], [120.6991938, 22.0569039], [120.6981859, 22.0574363], [120.697265, 22.0577042], [120.6964032, 22.0579193], [120.6955472, 22.0580894], [120.6948748, 22.0581333], [120.6941151, 22.0581499], [120.6934494, 22.0582106], [120.6927828, 22.0582106], [120.6922626, 22.0581464], [120.691756, 22.0580732], [120.6912494, 22.0580452], [120.6906133, 22.0580018], [120.6896022, 22.0576718], [120.6894357, 22.0576012], [120.6892168, 22.0575085], [120.6887881, 22.0572909], [120.6880863, 22.0569734], [120.6873762, 22.0566228], [120.6865876, 22.0560764], [120.6861234, 22.0557661], [120.6852044, 22.0550532], [120.6844241, 22.0543382], [120.6837979, 22.0536145], [120.6832646, 22.052927], [120.6828691, 22.0522511], [120.6824449, 22.0516068], [120.6819487, 22.0508652], [120.6816381, 22.0502324], [120.6812563, 22.0493466], [120.6806815, 22.0482165], [120.6803719, 22.0471321], [120.6800749, 22.046138], [120.6795602, 22.0449267], [120.6790798, 22.043544], [120.6787564, 22.0422608], [120.6781841, 22.0404353], [120.6778562, 22.0388902], [120.6776372, 22.0376163], [120.6774289, 22.0367669], [120.677196, 22.0343821], [120.6769973, 22.0327289], [120.6769024, 22.0305701], [120.6768631, 22.0252955]]]}}, {"type": "Feature", "properties": {"name": "玉山國家公園", "source": "OpenStreetMap", "osm_type": "relation", "osm_id": 4091639}, "geometry": {"type": "Polygon", "coordinates": [[[120.8247395, 23.3248824], [120.8248161, 23.3246696], [120.8251483, 23.3239719], [120.8251139, 23.3237502], [120.8250165, 23.3234037], [120.824833, 23.3232159], [120.8247548, 23.3228852], [120.8248071, 23.3225712], [120.8248728, 23.3224683], [120.8249178, 23.3220735], [120.8251882, 23.3216881], [120.8254719, 23.321442], [120.8255359, 23.3213206], [120.8254347, 23.3210447], [120.8254259, 23.3209002], [120.8255161, 23.3205984], [120.8254535, 23.3204716], [120.825431, 23.3202005], [120.8255463, 23.3198716], [120.8258526, 23.3195303], [120.825878, 23.3194221], [120.8258649, 23.3192189], [120.8256697, 23.318527], [120.8257787, 23.3183605], [120.826197, 23.318065], [120.825878, 23.3175394], [120.8257244, 23.3172328], [120.8257099, 23.317123], [120.8257692, 23.3170511], [120.8264215, 23.3168889], [120.8268876, 23.3167329], [120.8273006, 23.316469], [120.8276271, 23.3160105], [120.8278508, 23.3155559], [120.827974, 23.3154212], [120.8281788, 23.3148671], [120.8283165, 23.3141005], [120.8283054, 23.3137657], [120.8283496, 23.313586], [120.8284968, 23.3134787], [120.8286536, 23.3134144], [120.828928, 23.3133708], [120.8290028, 23.3131816], [120.8290234, 23.3130509], [120.8289273, 23.3128023], [120.8288914, 23.3123463], [120.8287325, 23.3119755], [120.8286803, 23.3117451], [120.8287054, 23.3116596], [120.8291537, 23.3112469], [120.8294102, 23.3108749], [120.829801, 23.310407], [120.8301555, 23.3101068], [120.8307703, 23.3096863], [120.8313033, 23.3090624], [120.8315935, 23.3088611], [120.8319836, 23.308308], [120.8322491, 23.3080156], [120.8324655, 23.3073362], [120.8326023, 23.3071549], [120.832798, 23.3069742], [120.8330892, 23.3069426], [120.833239, 23.3068134], [120.8337344, 23.306039], [120.8340984, 23.3057084], [120.8347388, 23.3052083], [120.8350552, 23.3048411], [120.835143, 23.3047911], [120.8355152, 23.3047895], [120.8357347, 23.3046531], [120.8359842, 23.3046023], [120.8364333, 23.30441], [120.8366143, 23.3043106], [120.8366917, 23.3041205], [120.8366702, 23.3039521], [120.8366848, 23.3037413], [120.8368206, 23.3033484], [120.8369705, 23.3031123], [120.8372094, 23.3029125], [120.8378639, 23.3026162], [120.8384925, 23.3020129], [120.8395324, 23.3014349], [120.8398982, 23.3010727], [120.8403018, 23.3006277], [120.8404823, 23.3005095], [120.8406576, 23.3003055], [120.840837, 23.2999615], [120.8412468, 23.2987314], [120.841306, 23.2985965], [120.8414119, 23.2984597], [120.8415389, 23.298396], [120.8416663, 23.2984406], [120.842026, 23.298877], [120.8422559, 23.2990658], [120.8424191, 23.2991643], [120.8427669, 23.2991855], [120.8432072, 23.2991293], [120.8436618, 23.2989964], [120.8443403, 23.2987309], [120.8448665, 23.298494], [120.8452155, 23.2983935], [120.8463802, 23.298271], [120.8468392, 23.2981022], [120.8470511, 23.298068], [120.8471948, 23.2980189], [120.8476757, 23.2977001], [120.8479727, 23.2974401], [120.8481598, 23.2972022], [120.8483794, 23.2967299], [120.8487194, 23.2964387], [120.8486024, 23.2964051], [120.848074, 23.2963713], [120.8477411, 23.2963917], [120.8472919, 23.2962489], [120.8470717, 23.296252], [120.8459301, 23.2958066], [120.8457754, 23.2957809], [120.8452998, 23.2956578], [120.8447826, 23.2954738], [120.8443345, 23.295191], [120.843681, 23.2949293], [120.8435752, 23.2946805], [120.843342, 23.2944848], [120.8429112, 23.2938862], [120.8427959, 23.2936102], [120.8433966, 23.2929232], [120.8439325, 23.2924277], [120.8443719, 23.2920679], [120.8448454, 23.2915792], [120.8451319, 23.2912292], [120.8452606, 23.2909994], [120.8454057, 23.29064], [120.8458392, 23.2900608], [120.8461148, 23.2897533], [120.8467054, 23.2889791], [120.8466752, 23.2886052], [120.846709, 23.2879412], [120.8469249, 23.2872342], [120.8468825, 23.2870789], [120.8469079, 23.2869227], [120.8469986, 23.2865848], [120.8470311, 23.2861925], [120.8470739, 23.2861062], [120.8470898, 23.2858875], [120.8471481, 23.2856382], [120.8472578, 23.2853682], [120.8470967, 23.2847307], [120.8471655, 23.2840769], [120.847114, 23.2837877], [120.8469083, 23.2832223], [120.8468432, 23.2828068], [120.8466811, 23.2822821], [120.8465681, 23.281999], [120.8462142, 23.2813403], [120.8462105, 23.2812003], [120.84627, 23.281097], [120.8465317, 23.2808213], [120.8468278, 23.2805522], [120.8470619, 23.2805519], [120.847313, 23.2805844], [120.8478962, 23.2807393], [120.8480785, 23.2807484], [120.8482448, 23.2808076], [120.8489395, 23.2809283], [120.84914, 23.2810081], [120.8498009, 23.2811345], [120.850822, 23.2812679], [120.8518098, 23.2813049], [120.8519807, 23.2813224], [120.8522782, 23.2814267], [120.8526938, 23.2814565], [120.8536551, 23.2817294], [120.8538359, 23.2817441], [120.8546091, 23.2816862], [120.8552715, 23.2814154], [120.8555651, 23.2813948], [120.8560127, 23.2813156], [120.8562733, 23.281251], [120.8566901, 23.2810097], [120.8570534, 23.280695], [120.8570834, 23.280532], [120.8572019, 23.2803566], [120.8572669, 23.2801966], [120.8575076, 23.2799449], [120.8579399, 23.2796276], [120.8583979, 23.2793051], [120.8587818, 23.278964], [120.8589614, 23.2787687], [120.859024, 23.2786328], [120.8593552, 23.2784275], [120.8595592, 23.2782231], [120.8598079, 23.2774946], [120.8602053, 23.2769999], [120.8606416, 23.2766161], [120.8610806, 23.2762627], [120.8616727, 23.2756403], [120.8618776, 23.2755487], [120.86253, 23.2751155], [120.862767, 23.2747048], [120.8631294, 23.2741591], [120.8634401, 23.2738409], [120.8640535, 23.2726566], [120.8642319, 23.2724005], [120.8645673, 23.2719864], [120.8646491, 23.2719276], [120.8645949, 23.2718582], [120.8643684, 23.2714519], [120.8643069, 23.271183], [120.863906, 23.2704222], [120.8637385, 23.269991], [120.8627944, 23.2693393], [120.8619694, 23.269079], [120.8615934, 23.2690996], [120.8603462, 23.2690246], [120.8600682, 23.2690251], [120.8596689, 23.2691041], [120.859283, 23.269041], [120.859101, 23.2690679], [120.8565615, 23.2680265], [120.8560198, 23.2678969], [120.855446, 23.2674821], [120.8550794, 23.2674747], [120.8545863, 23.2670591], [120.8545084, 23.2668231], [120.8546192, 23.2663368], [120.8545119, 23.2660042], [120.854563, 23.2658954], [120.8541836, 23.2650938], [120.8544023, 23.2641205], [120.8541687, 23.2638689], [120.8538339, 23.2636392], [120.8536803, 23.2633531], [120.8532657, 23.2629889], [120.8525554, 23.2627158], [120.852182, 23.2624652], [120.8518987, 23.2623376], [120.8514651, 23.2622078], [120.8508066, 23.2618659], [120.8505846, 23.2616104], [120.849238, 23.260809], [120.8490751, 23.2606859], [120.8490136, 23.2606426], [120.8487427, 23.2607501], [120.8479783, 23.2612164], [120.8475052, 23.261643], [120.8469221, 23.2619562], [120.8464063, 23.2623096], [120.8457977, 23.2627348], [120.8449915, 23.2634696], [120.8441262, 23.2638609], [120.8436806, 23.2638856], [120.8434079, 23.2637409], [120.8432029, 23.2634032], [120.8428457, 23.2632363], [120.8421769, 23.2634098], [120.8418833, 23.2636607], [120.8411524, 23.2643479], [120.8410938, 23.264719], [120.8412062, 23.2649848], [120.8412358, 23.2651455], [120.8412041, 23.2653602], [120.8407689, 23.2655774], [120.840514, 23.2660512], [120.8406241, 23.2665802], [120.8409576, 23.2669691], [120.8411982, 23.2675777], [120.8412006, 23.2677319], [120.8409293, 23.2679658], [120.840607, 23.2681873], [120.8401839, 23.2683208], [120.8400335, 23.2684894], [120.839981, 23.2686582], [120.8399206, 23.2689354], [120.8397642, 23.2693486], [120.8396363, 23.269751], [120.8394481, 23.270246], [120.839404, 23.2704618], [120.8391023, 23.2709364], [120.8387487, 23.2713187], [120.8386375, 23.2713768], [120.8383094, 23.2713034], [120.8379147, 23.2711797], [120.8371223, 23.271153], [120.8366396, 23.270979], [120.8357269, 23.2710093], [120.8351385, 23.2709033], [120.8347759, 23.2709656], [120.8343938, 23.271184], [120.8339341, 23.2713696], [120.833784, 23.2714508], [120.8335412, 23.2715368], [120.8329936, 23.271864], [120.8327576, 23.2719793], [120.8324408, 23.2720114], [120.8320733, 23.2722188], [120.8318646, 23.2723689], [120.8315694, 23.2724419], [120.8312714, 23.2726002], [120.8308438, 23.2725898], [120.8303247, 23.2725432], [120.8298042, 23.2722949], [120.8296358, 23.2721703], [120.8294176, 23.271903], [120.8291609, 23.2716883], [120.8287325, 23.2713762], [120.8285692, 23.2712548], [120.8283412, 23.2708646], [120.8280435, 23.270681], [120.8275486, 23.2705673], [120.8273918, 23.2706398], [120.8264225, 23.2706204], [120.8260091, 23.2707586], [120.8258021, 23.2710372], [120.8259952, 23.2713046], [120.8257749, 23.2721924], [120.8254191, 23.272418], [120.825372, 23.2723752], [120.8252529, 23.272518], [120.8251918, 23.2725454], [120.8251397, 23.2724321], [120.8253631, 23.2718359], [120.8251453, 23.2717132], [120.8249103, 23.2715009], [120.8247866, 23.2711994], [120.8250869, 23.2712367], [120.825251, 23.2710795], [120.8253598, 23.2707929], [120.8252335, 23.2706544], [120.8257011, 23.2703341], [120.8264886, 23.2691216], [120.8269345, 23.2688475], [120.8272896, 23.268269], [120.8278813, 23.2678067], [120.828465, 23.2672701], [120.82895, 23.2671377], [120.8303758, 23.2666326], [120.8308598, 23.2666809], [120.8313079, 23.2659853], [120.8320546, 23.2655442], [120.8325991, 23.2650033], [120.8326354, 23.2648873], [120.8329151, 23.264857], [120.8332177, 23.264401], [120.8334768, 23.264246], [120.8336518, 23.2640724], [120.8337522, 23.2634714], [120.8344508, 23.2627235], [120.8348114, 23.2624082], [120.8352933, 23.2620366], [120.8353559, 23.2613927], [120.8356284, 23.2602458], [120.8358977, 23.2593886], [120.8359382, 23.2579046], [120.835929, 23.2576477], [120.8356459, 23.2565435], [120.8354005, 23.256229], [120.8351527, 23.2554177], [120.8352488, 23.2553179], [120.8353954, 23.2549681], [120.8354641, 23.254564], [120.8354321, 23.2543088], [120.8354642, 23.2541797], [120.8357112, 23.2537222], [120.8359849, 23.2533552], [120.8361395, 23.2528269], [120.8362769, 23.252216], [120.8364919, 23.2518343], [120.8366867, 23.2517069], [120.8373051, 23.250802], [120.8377037, 23.2503536], [120.8377902, 23.2500567], [120.83786, 23.2487616], [120.8377999, 23.2487069], [120.8380837, 23.2486889], [120.8383093, 23.2487151], [120.8385153, 23.2487014], [120.8388731, 23.2486251], [120.8398772, 23.248451], [120.8404018, 23.2482176], [120.8409819, 23.2477752], [120.8412408, 23.2476711], [120.8414221, 23.2476513], [120.8416953, 23.2476434], [120.842106, 23.2477651], [120.8422536, 23.2477743], [120.8423356, 23.2477648], [120.8429314, 23.2475023], [120.8436594, 23.2473165], [120.8439758, 23.2471251], [120.8442549, 23.246905], [120.8444601, 23.2468234], [120.8448004, 23.2467811], [120.8451057, 23.2466968], [120.8454324, 23.2466554], [120.8463171, 23.2467584], [120.8466738, 23.2467354], [120.8468249, 23.2465049], [120.8471616, 23.2461659], [120.8474361, 23.2460111], [120.8478159, 23.2458672], [120.8482607, 23.2455487], [120.8488801, 23.2451572], [120.8493584, 23.2447638], [120.8496564, 23.2446551], [120.8500284, 23.2446124], [120.8502881, 23.244617], [120.8505457, 23.2445548], [120.8508045, 23.2444507], [120.8511902, 23.2442156], [120.8514878, 23.2439308], [120.8516535, 23.2436596], [120.852498, 23.2430717], [120.8531762, 23.2424207], [120.8534739, 23.2422036], [120.853767, 23.2421492], [120.8542503, 23.2418279], [120.8545141, 23.2417691], [120.8545434, 23.2417284], [120.8546505, 23.241507], [120.8547522, 23.2409867], [120.8550788, 23.2404232], [120.8551663, 23.2402051], [120.855239, 23.2398166], [120.8554092, 23.2393152], [120.8554865, 23.2388319], [120.8557352, 23.2384522], [120.8559297, 23.2378826], [120.8561637, 23.2375611], [120.8562996, 23.2370488], [120.8568015, 23.2362367], [120.8569523, 23.2357995], [120.8569877, 23.2355232], [120.8570493, 23.2353258], [120.8572441, 23.2350324], [120.8574889, 23.2347783], [120.8579514, 23.2342092], [120.8581788, 23.2340584], [120.8585193, 23.2339633], [120.8588239, 23.2337512], [120.859047, 23.2337669], [120.8592539, 23.2337451], [120.859366, 23.2336575], [120.8596432, 23.2333422], [120.8601916, 23.2330951], [120.8604624, 23.2329242], [120.8606507, 23.2327372], [120.8612068, 23.23211], [120.8615309, 23.2318975], [120.8617418, 23.2316462], [120.8622485, 23.2312462], [120.8625549, 23.230849], [120.8629398, 23.2304732], [120.8632636, 23.2299449], [120.8635392, 23.2297052], [120.8638378, 23.2294942], [120.864459, 23.2292235], [120.8646785, 23.229062], [120.8650086, 23.2290378], [120.8654663, 23.2289517], [120.8662092, 23.2289641], [120.8662662, 23.2289293], [120.8664901, 23.2287924], [120.8666827, 23.2286136], [120.8668036, 23.2283794], [120.8667877, 23.228327], [120.8668105, 23.2281903], [120.8668703, 23.2281278], [120.8670543, 23.2280214], [120.867439, 23.2279391], [120.8677683, 23.2277492], [120.8679803, 23.2275657], [120.8682524, 23.227169], [120.8683779, 23.2270723], [120.8686146, 23.2270308], [120.8689153, 23.2270286], [120.8691099, 23.2270076], [120.8697304, 23.2266872], [120.8704764, 23.2264914], [120.8707965, 23.2262264], [120.8709906, 23.2261606], [120.871125, 23.2261789], [120.8716723, 23.226131], [120.8720535, 23.2261391], [120.8722037, 23.2260691], [120.872458, 23.2255012], [120.8725865, 23.2249892], [120.8726954, 23.2247799], [120.8737447, 23.2236799], [120.8740313, 23.2234017], [120.8743665, 23.2236001], [120.8746211, 23.2239712], [120.8751607, 23.2245277], [120.8752252, 23.2249105], [120.8757072, 23.2250932], [120.8762825, 23.2255951], [120.8766309, 23.2259693], [120.8770054, 23.226149], [120.8774861, 23.2265482], [120.8777715, 23.226666], [120.8787076, 23.2268106], [120.8789617, 23.2268069], [120.8794321, 23.2265789], [120.879677, 23.2266115], [120.8802332, 23.2268764], [120.8801125, 23.2266323], [120.8798538, 23.2263561], [120.8797563, 23.2262313], [120.8797176, 23.2261098], [120.8797077, 23.2255591], [120.8795314, 23.2249625], [120.8796516, 23.2249282], [120.8798284, 23.2249291], [120.8810988, 23.2253938], [120.8812803, 23.2254909], [120.8814499, 23.2256232], [120.8817154, 23.2259169], [120.8818178, 23.225997], [120.8820739, 23.2261107], [120.8822986, 23.2261072], [120.8825004, 23.2261946], [120.8830003, 23.2265755], [120.8831323, 23.2267119], [120.88341, 23.2270733], [120.8836434, 23.2272313], [120.883899, 23.2273031], [120.8843192, 23.2272769], [120.8847048, 23.2272873], [120.8851625, 23.227215], [120.885373, 23.227238], [120.8855561, 23.2273361], [120.8860934, 23.2277613], [120.8864343, 23.2279262], [120.8872559, 23.2281721], [120.8878574, 23.2281963], [120.8879955, 23.2282525], [120.8881644, 23.2284272], [120.8887257, 23.2292091], [120.8888251, 23.2293362], [120.8889104, 23.2293771], [120.889406, 23.2295526], [120.8897714, 23.2296401], [120.8901463, 23.2296619], [120.8904265, 23.229605], [120.890509, 23.2296302], [120.8906361, 23.2297553], [120.890931, 23.2301412], [120.8912359, 23.2306547], [120.8917324, 23.2310018], [120.8919624, 23.2312321], [120.8923058, 23.23176], [120.8928163, 23.2324618], [120.8930621, 23.2328853], [120.8935058, 23.2337717], [120.8940576, 23.2350435], [120.8943219, 23.2352362], [120.8944699, 23.235284], [120.8946522, 23.2354067], [120.8951386, 23.235519], [120.8953805, 23.2356273], [120.8957763, 23.2360575], [120.8960258, 23.2362453], [120.8963073, 23.2364129], [120.8968308, 23.2366555], [120.897281, 23.2368103], [120.8976136, 23.23689], [120.8978007, 23.2369796], [120.8980692, 23.2371725], [120.8987731, 23.2377648], [120.8990998, 23.2380154], [120.8993772, 23.2381816], [120.899636, 23.2382709], [120.9000606, 23.2379377], [120.9003412, 23.2376024], [120.9007214, 23.2373465], [120.9009989, 23.2370881], [120.9020224, 23.2359071], [120.9022915, 23.2357076], [120.9024294, 23.2355422], [120.9025643, 23.2352459], [120.9028508, 23.2343143], [120.903087, 23.2339618], [120.9032784, 23.2333528], [120.9035109, 23.2328423], [120.9037466, 23.2318213], [120.9039714, 23.2314014], [120.9040939, 23.230988], [120.9043921, 23.2303498], [120.9044234, 23.2302272], [120.9043887, 23.229774], [120.90457, 23.2295853], [120.9047316, 23.2291758], [120.905024, 23.2289309], [120.905117, 23.2287215], [120.9051542, 23.227999], [120.9054544, 23.2274515], [120.9055807, 23.2269973], [120.9061615, 23.2269677], [120.9068941, 23.226744], [120.9076862, 23.2267638], [120.9080886, 23.2267061], [120.9088337, 23.2266774], [120.909642, 23.226563], [120.910234, 23.2265758], [120.9110056, 23.2267152], [120.9114669, 23.2269056], [120.9115038, 23.2272091], [120.9116779, 23.2278284], [120.9116792, 23.227873], [120.9116792, 23.2278749], [120.9116825, 23.2280035], [120.9117531, 23.2282723], [120.9118087, 23.2286429], [120.9121297, 23.2290959], [120.9123709, 23.2296683], [120.9131294, 23.2308877], [120.9134895, 23.2313399], [120.9136356, 23.2316616], [120.9138793, 23.2319763], [120.9140045, 23.2324252], [120.9141282, 23.232648], [120.9143546, 23.2328921], [120.9144555, 23.2329707], [120.9146853, 23.2331495], [120.9148344, 23.2334035], [120.9148425, 23.2335162], [120.9146844, 23.2341435], [120.9147099, 23.2343506], [120.91466, 23.234659], [120.9147739, 23.2348822], [120.9147265, 23.2351047], [120.9147503, 23.2351671], [120.9147852, 23.235259], [120.9150045, 23.2355949], [120.9154018, 23.2364932], [120.9154118, 23.2371843], [120.9153123, 23.2376526], [120.9152739, 23.2378336], [120.9154974, 23.2381263], [120.915594, 23.2384275], [120.9160402, 23.2381646], [120.9166668, 23.2382637], [120.9167572, 23.2382879], [120.9169262, 23.2383331], [120.9171573, 23.2386168], [120.9178964, 23.2399058], [120.9183673, 23.2402022], [120.9187557, 23.2407398], [120.9190313, 23.2410671], [120.9191538, 23.2411253], [120.9192613, 23.2411114], [120.9201945, 23.2408507], [120.9205257, 23.2407968], [120.9209132, 23.240776], [120.9210456, 23.2408613], [120.9214099, 23.2413975], [120.9216112, 23.2415819], [120.9218758, 23.2416985], [120.921995, 23.2417012], [120.9224135, 23.2416198], [120.9228587, 23.2416319], [120.9232643, 23.2415535], [120.9236262, 23.2415614], [120.9237928, 23.241624], [120.9238288, 23.2417034], [120.9238721, 23.2418721], [120.9240297, 23.2421154], [120.9241054, 23.242639], [120.9242595, 23.2432391], [120.9243871, 23.243329], [120.9248044, 23.2434329], [120.925672, 23.2441057], [120.9260749, 23.2445288], [120.9264233, 23.244794], [120.9265163, 23.2448118], [120.9266923, 23.2447833], [120.926834, 23.2447294], [120.9274439, 23.244402], [120.9279172, 23.2441069], [120.9287895, 23.2433722], [120.9290824, 23.2432176], [120.9294076, 23.2433277], [120.9297046, 23.2434548], [120.9299443, 23.2434764], [120.9303747, 23.243466], [120.9306742, 23.2434119], [120.9312102, 23.2432462], [120.9314058, 23.2432411], [120.9315376, 23.2432958], [120.9323605, 23.2434633], [120.9325422, 23.2434939], [120.9327745, 23.2434643], [120.9330953, 23.2435176], [120.9337448, 23.2437032], [120.9342117, 23.2440665], [120.9343439, 23.2441202], [120.9349884, 23.2440772], [120.9352712, 23.2439997], [120.9356674, 23.2439301], [120.935937, 23.2441141], [120.9361237, 23.2444157], [120.9362708, 23.2445323], [120.9365196, 23.2445783], [120.9370392, 23.2446196], [120.9374558, 23.2448344], [120.9378032, 23.2448964], [120.9379919, 23.2449853], [120.9381051, 23.2451728], [120.9381323, 23.2453553], [120.9381285, 23.2457209], [120.9379749, 23.2464031], [120.9381148, 23.2468007], [120.938132, 23.2472168], [120.9382281, 23.2473278], [120.9383724, 23.2474592], [120.9383944, 23.2475921], [120.9382873, 23.2478153], [120.9382958, 23.2479041], [120.938326, 23.2479657], [120.9385036, 23.2480664], [120.9386449, 23.2480591], [120.9387814, 23.2480932], [120.9389254, 23.2482173], [120.939124, 23.2486385], [120.9396286, 23.2491541], [120.9401575, 23.2498228], [120.9401963, 23.2498769], [120.9402476, 23.2502181], [120.9403147, 23.2503188], [120.9405018, 23.2507041], [120.9405884, 23.2508148], [120.9409002, 23.2510273], [120.9410391, 23.2511602], [120.9412214, 23.2518702], [120.9412682, 23.2519494], [120.941358, 23.2520059], [120.9415175, 23.2520137], [120.9417641, 23.2520045], [120.9424933, 23.2518369], [120.9430096, 23.25182], [120.9433526, 23.2517697], [120.9435016, 23.2518428], [120.9438305, 23.2522048], [120.9439949, 23.2523], [120.9447138, 23.2524444], [120.9450849, 23.2524852], [120.9455496, 23.2525627], [120.9461823, 23.2526237], [120.9462352, 23.2526583], [120.946273, 23.2527072], [120.9463127, 23.2528998], [120.946359, 23.2529671], [120.9464695, 23.2530802], [120.9464759, 23.2530878], [120.9467945, 23.2534614], [120.9469945, 23.2537595], [120.9472491, 23.2539292], [120.9473653, 23.2540709], [120.9475041, 23.2542749], [120.9475651, 23.2545174], [120.9475467, 23.2547166], [120.9475829, 23.2548728], [120.9476342, 23.2550261], [120.9480314, 23.2555445], [120.9481657, 23.2556538], [120.9482212, 23.2556708], [120.9483863, 23.2556642], [120.9487357, 23.2556936], [120.9489441, 23.2557878], [120.9490201, 23.2558761], [120.9492106, 23.2565173], [120.9493834, 23.2567939], [120.9494231, 23.2569139], [120.9493912, 23.2573213], [120.9494698, 23.2574955], [120.9498499, 23.2578775], [120.9501264, 23.2581745], [120.9502942, 23.2585542], [120.9504728, 23.2586376], [120.9505832, 23.2587229], [120.950762, 23.2591443], [120.950834, 23.2592541], [120.9510571, 23.2594156], [120.9511402, 23.2595129], [120.9511901, 23.2595311], [120.9512442, 23.2595508], [120.9513775, 23.2595436], [120.9517181, 23.2595252], [120.951765, 23.2595288], [120.9518172, 23.2595633], [120.952081, 23.2598776], [120.952235, 23.2601128], [120.9524521, 23.2605855], [120.9525729, 23.2607728], [120.9527585, 23.2609261], [120.9529864, 23.2610197], [120.9532352, 23.2609908], [120.9535697, 23.2608828], [120.9537948, 23.2608816], [120.9538744, 23.2609248], [120.9544519, 23.2619083], [120.9546341, 23.2621192], [120.9548005, 23.2622744], [120.9550916, 23.2625154], [120.9552504, 23.2625836], [120.9554464, 23.2626215], [120.9558041, 23.2626021], [120.9561089, 23.2626519], [120.9565337, 23.263012], [120.9567255, 23.2633048], [120.9570217, 23.2636439], [120.9573778, 23.264002], [120.9576373, 23.2642296], [120.9579219, 23.2643995], [120.9581222, 23.2645643], [120.9581843, 23.2647721], [120.9582083, 23.2650146], [120.9581276, 23.2657886], [120.9581391, 23.2660151], [120.95822, 23.266264], [120.9584554, 23.2667481], [120.9585286, 23.2668411], [120.9586566, 23.2670038], [120.9588537, 23.2675967], [120.9588386, 23.2682895], [120.9588599, 23.2684615], [120.9589942, 23.2686613], [120.9591445, 23.2687714], [120.9593821, 23.2692886], [120.9594273, 23.269607], [120.9594064, 23.2699647], [120.9594251, 23.2706126], [120.9594449, 23.2709109], [120.9594879, 23.2709837], [120.959731, 23.271104], [120.9600776, 23.2711892], [120.9608261, 23.2712652], [120.9612156, 23.2714145], [120.96149, 23.2715491], [120.9616863, 23.2716956], [120.9619833, 23.2718442], [120.9622505, 23.2719419], [120.9631295, 23.2721348], [120.963339, 23.2721497], [120.9636571, 23.2722451], [120.963748, 23.2722994], [120.9639261, 23.2725096], [120.9640565, 23.2727384], [120.9640963, 23.2729139], [120.964286, 23.2731498], [120.9644502, 23.2734277], [120.9645424, 23.2738458], [120.9646532, 23.274183], [120.9650745, 23.2746655], [120.9652294, 23.2748845], [120.9652977, 23.2751134], [120.9652295, 23.275805], [120.9653798, 23.2760495], [120.9654694, 23.2761395], [120.9659538, 23.2764451], [120.9661476, 23.276536], [120.9665737, 23.2768138], [120.9672333, 23.2770479], [120.9673816, 23.2771396], [120.9676864, 23.2774168], [120.9680859, 23.2775811], [120.9682742, 23.2777377], [120.9683906, 23.2777581], [120.9687069, 23.2777073], [120.9688432, 23.2777384], [120.9689928, 23.2778788], [120.9691338, 23.2779785], [120.969481, 23.2780334], [120.9695809, 23.2781031], [120.9697924, 23.278417], [120.9698649, 23.2789452], [120.9698426, 23.2792811], [120.9700058, 23.2800406], [120.97031, 23.2808646], [120.9705311, 23.2810949], [120.9707991, 23.2811146], [120.9720984, 23.2814822], [120.9724881, 23.2817596], [120.9727528, 23.2816705], [120.9730959, 23.2812293], [120.9731767, 23.2811669], [120.9733631, 23.2810956], [120.9736175, 23.2811059], [120.973842, 23.2811928], [120.9743746, 23.2812993], [120.9744984, 23.2813888], [120.9746081, 23.2815352], [120.97492, 23.2817398], [120.9750272, 23.2818037], [120.9752081, 23.2818271], [120.9759002, 23.2814558], [120.9761609, 23.2812357], [120.9763092, 23.2811981], [120.9768293, 23.2812408], [120.9771498, 23.2813202], [120.9773888, 23.2814203], [120.9781909, 23.2819255], [120.9784083, 23.2821189], [120.9787476, 23.2823048], [120.9791243, 23.2823066], [120.9794923, 23.2821459], [120.9798225, 23.2817502], [120.9799869, 23.2816343], [120.9806629, 23.2815247], [120.9811389, 23.2813012], [120.9818416, 23.2812174], [120.9822317, 23.2811479], [120.9824181, 23.2811758], [120.9826529, 23.281344], [120.9841801, 23.2812982], [120.9842437, 23.2812888], [120.984277, 23.2811756], [120.9843499, 23.2811029], [120.9845318, 23.2811309], [120.9846193, 23.2811148], [120.984853, 23.2809416], [120.9850896, 23.2805201], [120.9851523, 23.2797972], [120.985359, 23.2795451], [120.9855155, 23.2792711], [120.9855937, 23.279257], [120.9858463, 23.2796165], [120.9865201, 23.280037], [120.9867914, 23.2802331], [120.9868971, 23.2802695], [120.9872802, 23.2802948], [120.9875762, 23.2803814], [120.9878182, 23.2805169], [120.9879356, 23.2806137], [120.9881881, 23.2809642], [120.9886519, 23.2813944], [120.9889677, 23.2819882], [120.9890886, 23.2821093], [120.9893667, 23.2823203], [120.9895472, 23.2825035], [120.9896583, 23.2829226], [120.9897528, 23.2831025], [120.9899949, 23.2833583], [120.9900792, 23.2835245], [120.990228, 23.2837314], [120.9903611, 23.2838478], [120.9905527, 23.2839143], [120.9913273, 23.2840219], [120.9920048, 23.2841833], [120.9923771, 23.2842496], [120.9934488, 23.2841474], [120.993756, 23.284158], [120.9940124, 23.2842068], [120.9942045, 23.2843409], [120.994306, 23.2844948], [120.9944565, 23.2846146], [120.9954851, 23.2852397], [120.9957966, 23.2855987], [120.9959723, 23.2856588], [120.9961848, 23.2857812], [120.9965671, 23.2858147], [120.9973186, 23.2860894], [120.9985248, 23.2862708], [120.9986495, 23.2865363], [120.9987873, 23.2866303], [120.9995026, 23.2866614], [121.0001511, 23.2869189], [121.0010285, 23.2870167], [121.001728, 23.287522], [121.0019504, 23.2878321], [121.002076, 23.2879374], [121.0022333, 23.2882609], [121.0025394, 23.2885567], [121.0026429, 23.2887201], [121.0035167, 23.2892941], [121.0040309, 23.2895728], [121.0041788, 23.2895865], [121.0047225, 23.2899646], [121.0048195, 23.2900696], [121.0052996, 23.290098], [121.0054111, 23.2901971], [121.0054692, 23.2903223], [121.0056065, 23.2904976], [121.0058228, 23.2905999], [121.0065241, 23.2907126], [121.0066392, 23.2907933], [121.0070789, 23.2911763], [121.0074212, 23.2914108], [121.0080977, 23.2914232], [121.0083656, 23.29131], [121.0085052, 23.2913194], [121.0087267, 23.2913867], [121.0091763, 23.2917307], [121.0103432, 23.2924907], [121.0107997, 23.2927005], [121.0110639, 23.2927042], [121.0113689, 23.2926184], [121.0120157, 23.2928492], [121.0129637, 23.2929398], [121.0134321, 23.293028], [121.0137258, 23.2930278], [121.0140206, 23.2929687], [121.0148676, 23.2926831], [121.0153949, 23.2927584], [121.015753, 23.2927185], [121.0159238, 23.2927481], [121.0164818, 23.293027], [121.0168844, 23.2929696], [121.0171319, 23.2928107], [121.0172241, 23.2927934], [121.0174257, 23.2928059], [121.0176042, 23.2928545], [121.0179008, 23.2930006], [121.0181161, 23.2930777], [121.0189368, 23.2931753], [121.019555, 23.2936581], [121.0203154, 23.294125], [121.0204418, 23.2941809], [121.020657, 23.2941932], [121.0209099, 23.2941915], [121.0212599, 23.2941477], [121.0214554, 23.2941139], [121.0217667, 23.2940062], [121.0222898, 23.293761], [121.0223631, 23.2936549], [121.022638, 23.2934412], [121.0228027, 23.2933434], [121.0229886, 23.2932748], [121.0235508, 23.293319], [121.0238209, 23.2932689], [121.0239772, 23.2932892], [121.024199, 23.2934865], [121.0255089, 23.295297], [121.0264529, 23.2964705], [121.0266852, 23.2966229], [121.0274027, 23.2967506], [121.0285461, 23.2971551], [121.0287772, 23.2973571], [121.0296115, 23.2978309], [121.0297298, 23.2979909], [121.0297708, 23.2982213], [121.030043, 23.2984177], [121.0304162, 23.2988182], [121.0306081, 23.2991039], [121.0309555, 23.2997621], [121.031458, 23.3004481], [121.0317853, 23.3010469], [121.0320615, 23.3018531], [121.0321744, 23.3023418], [121.0321813, 23.3026445], [121.0320857, 23.3029283], [121.0319315, 23.3031146], [121.0316786, 23.3035212], [121.0316672, 23.3036928], [121.0317193, 23.3037766], [121.03244, 23.3036921], [121.0329388, 23.3037213], [121.0333459, 23.3038166], [121.0335844, 23.3038568], [121.0337036, 23.3039179], [121.033918, 23.303951], [121.0344179, 23.3038325], [121.0346478, 23.3038295], [121.0350046, 23.3038992], [121.0353461, 23.3040816], [121.0355271, 23.3041232], [121.035674, 23.3040684], [121.0358901, 23.303909], [121.0360854, 23.303831], [121.036425, 23.3037359], [121.0367396, 23.303709], [121.0369259, 23.3041117], [121.0370541, 23.3043245], [121.0371927, 23.3044619], [121.0376044, 23.3047559], [121.0379998, 23.3049385], [121.0380831, 23.3049253], [121.0385569, 23.3051083], [121.0393145, 23.3052971], [121.040212, 23.3058613], [121.0407002, 23.3060939], [121.041096, 23.3062178], [121.0414277, 23.3064135], [121.0416175, 23.3066086], [121.0419277, 23.3071384], [121.0420932, 23.3073682], [121.0422146, 23.3074649], [121.0422959, 23.307483], [121.0426103, 23.3074634], [121.0428252, 23.3073919], [121.0429752, 23.3074039], [121.043138, 23.3074472], [121.0434554, 23.3075834], [121.0436417, 23.3076201], [121.0438671, 23.3076181], [121.0440603, 23.3074626], [121.0441527, 23.3073225], [121.0442779, 23.3066189], [121.0444887, 23.3062267], [121.0446478, 23.306022], [121.0448859, 23.3058525], [121.045363, 23.3056405], [121.0464576, 23.3053305], [121.0473459, 23.305024], [121.0474185, 23.3050119], [121.0475717, 23.305048], [121.0480116, 23.3052575], [121.0481386, 23.3052347], [121.048265, 23.3051535], [121.0488724, 23.3046574], [121.0490132, 23.3045782], [121.0494764, 23.3044306], [121.0497468, 23.3042682], [121.0499566, 23.304061], [121.0502476, 23.3037391], [121.0502905, 23.3037152], [121.0505915, 23.3037048], [121.0508032, 23.3036616], [121.0508583, 23.3036187], [121.0509071, 23.3035507], [121.0509459, 23.3034239], [121.0509444, 23.3034096], [121.0509142, 23.3032677], [121.0506691, 23.3029998], [121.0506569, 23.3029615], [121.050738, 23.3028236], [121.0511609, 23.3024141], [121.0514074, 23.3021207], [121.0514549, 23.3019883], [121.0514292, 23.3017404], [121.0514518, 23.3016227], [121.0515558, 23.3014841], [121.0517235, 23.301348], [121.0519747, 23.3008357], [121.0521198, 23.3006184], [121.052371, 23.3003893], [121.0527964, 23.3002446], [121.0529703, 23.3001431], [121.0531819, 23.2999251], [121.053392, 23.2998118], [121.0538341, 23.2993837], [121.0540896, 23.2993259], [121.0547456, 23.2990776], [121.05496, 23.2991113], [121.0552241, 23.2992016], [121.055504, 23.299387], [121.0559102, 23.2995911], [121.0562994, 23.2995695], [121.0570351, 23.2997573], [121.057125, 23.2998245], [121.0572015, 23.3000428], [121.0573296, 23.300281], [121.0574093, 23.3005776], [121.0574803, 23.3006674], [121.0580962, 23.3010052], [121.0583189, 23.301041], [121.0585847, 23.3011517], [121.0587734, 23.3012073], [121.0588288, 23.3015932], [121.0586789, 23.3017527], [121.058595, 23.3019614], [121.0586219, 23.3020832], [121.0587396, 23.3022864], [121.0587337, 23.3024603], [121.0586956, 23.3026301], [121.0587397, 23.3029325], [121.0588082, 23.3031951], [121.0589393, 23.3034476], [121.059177, 23.3037953], [121.0593784, 23.3039519], [121.0598637, 23.3045705], [121.0601731, 23.3047784], [121.0602643, 23.3048971], [121.0604928, 23.3051134], [121.0605258, 23.3054776], [121.0606405, 23.3057592], [121.0606707, 23.3059721], [121.0607115, 23.306073], [121.0608599, 23.3062387], [121.0609767, 23.3062911], [121.0612348, 23.3062883], [121.0613951, 23.3063727], [121.0618876, 23.3068631], [121.0621515, 23.3072234], [121.0622898, 23.3072743], [121.0625649, 23.3073004], [121.0628854, 23.3074544], [121.0630127, 23.30748], [121.0633704, 23.3074263], [121.0637021, 23.3074527], [121.0642539, 23.307243], [121.0645628, 23.3071713], [121.0649811, 23.3072106], [121.0653003, 23.3073176], [121.065705, 23.3073534], [121.066018, 23.307473], [121.0662191, 23.3074692], [121.0664168, 23.3073891], [121.0666081, 23.3072171], [121.0668122, 23.3069536], [121.0675331, 23.306731], [121.0679637, 23.3067037], [121.0684934, 23.3065846], [121.0687913, 23.3065805], [121.0689105, 23.306618], [121.0693062, 23.3070857], [121.0698345, 23.307497], [121.0702621, 23.3076961], [121.0707812, 23.3079921], [121.071441, 23.308182], [121.0715341, 23.3081588], [121.0721593, 23.30761], [121.0723955, 23.3072131], [121.0725335, 23.3070716], [121.0728911, 23.3068145], [121.0730283, 23.3065246], [121.0731916, 23.3063076], [121.0733068, 23.3061893], [121.0735274, 23.306064], [121.0740641, 23.3060507], [121.074152, 23.3061017], [121.0745053, 23.3066469], [121.0746133, 23.3067013], [121.0748569, 23.3067679], [121.0750359, 23.3069181], [121.0753603, 23.3071047], [121.0755486, 23.3071432], [121.0758094, 23.3072624], [121.0762446, 23.3073518], [121.0765293, 23.307483], [121.0766345, 23.3075052], [121.0767171, 23.30748], [121.0768191, 23.307393], [121.0771061, 23.3070985], [121.077488, 23.3067393], [121.0775681, 23.3066796], [121.0776754, 23.3066662], [121.0779791, 23.3065584], [121.0781464, 23.3064546], [121.0782866, 23.3063191], [121.0784923, 23.3062651], [121.078686, 23.3063266], [121.0789515, 23.3062698], [121.079215, 23.3062817], [121.0794095, 23.3062666], [121.0798527, 23.3063298], [121.0802684, 23.3063197], [121.0805251, 23.3062027], [121.0807147, 23.3060804], [121.0817145, 23.3058569], [121.0819683, 23.305702], [121.0821153, 23.3058368], [121.0824681, 23.305957], [121.0825862, 23.3060422], [121.0827264, 23.3061714], [121.0829073, 23.3064373], [121.082956, 23.3065938], [121.0828884, 23.3069069], [121.0828994, 23.3073818], [121.0829829, 23.3075522], [121.0831512, 23.3076946], [121.0834858, 23.307904], [121.0836728, 23.3080031], [121.0839649, 23.3081224], [121.0840708, 23.3082069], [121.0841498, 23.3082938], [121.0843659, 23.3087349], [121.084501, 23.3089278], [121.0847925, 23.309132], [121.0851407, 23.3092409], [121.085367, 23.3092883], [121.0857052, 23.3092627], [121.0860898, 23.309522], [121.0863259, 23.3095567], [121.0868355, 23.3095189], [121.0869129, 23.309594], [121.0869762, 23.3096863], [121.0871842, 23.3101523], [121.0872817, 23.3102917], [121.0874078, 23.3104206], [121.0876879, 23.3105941], [121.0877999, 23.3109698], [121.0879533, 23.3111241], [121.0881763, 23.3112804], [121.0882335, 23.3113178], [121.0887557, 23.3115008], [121.0888928, 23.3115153], [121.0890517, 23.3114861], [121.0898452, 23.3107554], [121.0899967, 23.3107261], [121.0902918, 23.3107574], [121.0907595, 23.3107417], [121.0910027, 23.3108141], [121.0912955, 23.3108763], [121.0916197, 23.3108546], [121.0918154, 23.310714], [121.0919597, 23.3104475], [121.0920995, 23.3103013], [121.0922966, 23.310186], [121.0924678, 23.3102239], [121.092772, 23.310385], [121.0930013, 23.3105768], [121.0930893, 23.3107127], [121.0932063, 23.3108296], [121.0933666, 23.3108977], [121.0934842, 23.3108871], [121.094017, 23.3107625], [121.0942309, 23.3106814], [121.0946005, 23.3105172], [121.0947272, 23.3105443], [121.0949549, 23.3107305], [121.0953565, 23.3111327], [121.0956498, 23.3113238], [121.095735, 23.3113365], [121.0958766, 23.3113372], [121.0963754, 23.3111807], [121.0970283, 23.3113331], [121.09752, 23.3112591], [121.0979084, 23.311455], [121.0981314, 23.3115399], [121.0984097, 23.3116195], [121.0986709, 23.311674], [121.0988348, 23.3116822], [121.0989466, 23.3116517], [121.0992218, 23.3115088], [121.0994913, 23.3115136], [121.0996128, 23.3115548], [121.0999893, 23.3117572], [121.1002529, 23.3118331], [121.1004057, 23.3118073], [121.1008368, 23.3114974], [121.1010809, 23.3114147], [121.1012339, 23.3114088], [121.1015984, 23.3115142], [121.1018783, 23.3115429], [121.1020446, 23.3115734], [121.1021599, 23.3116234], [121.1025241, 23.3118755], [121.1027232, 23.3119539], [121.1028098, 23.3119706], [121.1031332, 23.3119647], [121.1033011, 23.3119828], [121.103336, 23.3120365], [121.10326, 23.3122649], [121.1032584, 23.3123119], [121.103279, 23.3123635], [121.103491, 23.3125499], [121.103558, 23.3126771], [121.1036071, 23.3128693], [121.1036548, 23.3129886], [121.1037267, 23.3130936], [121.1039976, 23.3134581], [121.1042665, 23.3138485], [121.1047548, 23.3144641], [121.1048458, 23.3145574], [121.1057891, 23.3152078], [121.1059024, 23.3152689], [121.1063095, 23.3155305], [121.1064151, 23.3156207], [121.1065656, 23.3157921], [121.106857, 23.3160457], [121.1075774, 23.3165924], [121.1077517, 23.3166841], [121.1080337, 23.3167265], [121.1082113, 23.3167781], [121.1085911, 23.3169665], [121.1086985, 23.3170448], [121.1088221, 23.3171439], [121.1089116, 23.3172685], [121.1089655, 23.3175382], [121.1090318, 23.317636], [121.1094482, 23.3178943], [121.1097283, 23.3181708], [121.1099625, 23.3183686], [121.1106069, 23.3186983], [121.1108103, 23.3187225], [121.1112663, 23.3186762], [121.1114572, 23.3187141], [121.1115779, 23.3188534], [121.1117595, 23.3189785], [121.1120886, 23.319133], [121.1121577, 23.3191559], [121.1122658, 23.3191675], [121.1122919, 23.3191682], [121.1125828, 23.3191134], [121.112833, 23.319193], [121.1139046, 23.3198531], [121.1142114, 23.3201782], [121.1145036, 23.3203184], [121.1147451, 23.3203788], [121.1149873, 23.3205511], [121.1153279, 23.3207103], [121.1155589, 23.3207221], [121.1157034, 23.320694], [121.1159776, 23.3205957], [121.1160766, 23.3205983], [121.1162797, 23.3206833], [121.1165539, 23.3208959], [121.1166728, 23.3209287], [121.116775, 23.3209161], [121.1170909, 23.3208073], [121.1172835, 23.3207792], [121.1173577, 23.3207879], [121.1174504, 23.3208496], [121.1175992, 23.3207849], [121.1177462, 23.3206699], [121.1179851, 23.3205901], [121.1181665, 23.3205753], [121.1186265, 23.3206631], [121.1190189, 23.3206668], [121.1191701, 23.320618], [121.1192855, 23.3205344], [121.1195791, 23.3201112], [121.1196485, 23.3201068], [121.1197677, 23.3201858], [121.1201973, 23.3202963], [121.1204623, 23.3202782], [121.1205341, 23.320248], [121.1206471, 23.3201485], [121.1209392, 23.3197819], [121.1211035, 23.3196399], [121.1227396, 23.3188757], [121.1230332, 23.3187073], [121.1231137, 23.3187028], [121.1234397, 23.3185161], [121.1235668, 23.3184823], [121.1238073, 23.3184989], [121.1240542, 23.3185612], [121.1242617, 23.3186601], [121.1247696, 23.3186209], [121.1250012, 23.3185674], [121.1257368, 23.3181186], [121.1261593, 23.3179103], [121.1266341, 23.3175716], [121.1269828, 23.3173704], [121.1273933, 23.3171047], [121.1274195, 23.3168786], [121.1273867, 23.3166177], [121.1274002, 23.3164711], [121.1275278, 23.315993], [121.1275671, 23.3159053], [121.1276295, 23.3158355], [121.1278088, 23.3157714], [121.1278926, 23.3156917], [121.1280664, 23.3151853], [121.1281064, 23.3147982], [121.128044, 23.3145535], [121.1279248, 23.3143374], [121.1277152, 23.3137873], [121.1277285, 23.3135078], [121.1276833, 23.3132348], [121.1275477, 23.3128857], [121.1274136, 23.312423], [121.1274223, 23.3120727], [121.1274259, 23.3119257], [121.1272088, 23.3117342], [121.1271691, 23.3115503], [121.1271189, 23.3114563], [121.1270648, 23.3114192], [121.1269839, 23.3114176], [121.1268283, 23.3113008], [121.1267555, 23.3110769], [121.126782, 23.3108479], [121.126736, 23.310513], [121.1267622, 23.3104087], [121.126958, 23.3100343], [121.1270156, 23.3095874], [121.1270129, 23.309322], [121.1268172, 23.3090939], [121.1267477, 23.3087439], [121.126619, 23.3085254], [121.1265125, 23.3081466], [121.126374, 23.3078936], [121.1263876, 23.3075614], [121.1263494, 23.3074398], [121.1262408, 23.3072575], [121.126415, 23.3072266], [121.1269873, 23.3070427], [121.1276348, 23.3067797], [121.1281438, 23.3067773], [121.1283055, 23.3067313], [121.1284464, 23.3066364], [121.1286387, 23.3064248], [121.1288042, 23.3062637], [121.128974, 23.3061371], [121.1292096, 23.3060028], [121.1294903, 23.3059793], [121.1296241, 23.3060203], [121.1302125, 23.3063725], [121.130376, 23.3064137], [121.1305391, 23.3063574], [121.1306627, 23.306243], [121.1307625, 23.3061882], [121.1310251, 23.3060948], [121.1310919, 23.3060313], [121.1311679, 23.3058808], [121.1312707, 23.3057893], [121.1314836, 23.3056968], [121.1317418, 23.3057041], [121.1318576, 23.3056568], [121.1321014, 23.3054132], [121.132202, 23.3052397], [121.1321993, 23.3048643], [121.1322274, 23.3046543], [121.1323036, 23.3044008], [121.1324571, 23.3041117], [121.1325935, 23.3036327], [121.1326151, 23.3034991], [121.1326035, 23.3032836], [121.1325989, 23.3032295], [121.132725, 23.3022719], [121.1328694, 23.3020357], [121.1330971, 23.3018246], [121.1332791, 23.3015212], [121.1333437, 23.3014881], [121.1341891, 23.3024948], [121.1344009, 23.3029063], [121.1349395, 23.3030294], [121.1351712, 23.3032204], [121.1355225, 23.3034196], [121.1358873, 23.3035585], [121.136139, 23.303781], [121.1363113, 23.3040126], [121.1364155, 23.30407], [121.1366948, 23.3041092], [121.1370346, 23.3044326], [121.1383277, 23.3047489], [121.1389393, 23.3051344], [121.1393315, 23.3052058], [121.139597, 23.305324], [121.1400522, 23.3057403], [121.1402207, 23.3057511], [121.1404283, 23.3057028], [121.1408133, 23.3055371], [121.1413707, 23.3055055], [121.141746, 23.3051839], [121.1420444, 23.3047854], [121.1423735, 23.3045806], [121.1427001, 23.3044893], [121.1432637, 23.3044737], [121.1436814, 23.3043457], [121.1442906, 23.3042065], [121.1444793, 23.3042445], [121.1448675, 23.3044969], [121.1450611, 23.3045646], [121.1452436, 23.3045888], [121.1456854, 23.3045251], [121.1457203, 23.3049523], [121.145728, 23.3054761], [121.1456033, 23.3060317], [121.1460492, 23.3070037], [121.1466441, 23.3078772], [121.1472567, 23.3084929], [121.1479266, 23.3089277], [121.147975, 23.3090012], [121.1480066, 23.3092968], [121.1479694, 23.3095606], [121.1479953, 23.3097665], [121.1482518, 23.3102491], [121.1482999, 23.3105241], [121.1487699, 23.3110023], [121.1488165, 23.3115351], [121.1490148, 23.3118492], [121.1487644, 23.3127426], [121.1497152, 23.314084], [121.150658, 23.3147264], [121.1508181, 23.314809], [121.151358, 23.3148759], [121.1517601, 23.3151169], [121.1520205, 23.3153531], [121.1524238, 23.3155573], [121.1530681, 23.3155636], [121.153303, 23.3153632], [121.1535091, 23.315305], [121.1540739, 23.3153398], [121.1545803, 23.3154732], [121.1547987, 23.3155891], [121.155027, 23.3157874], [121.1552812, 23.3160878], [121.1553218, 23.3162129], [121.1563936, 23.3159908], [121.1568904, 23.3157414], [121.1570624, 23.3157548], [121.1573993, 23.3158418], [121.1575446, 23.3158055], [121.1577509, 23.315628], [121.1579858, 23.3153247], [121.1584378, 23.3149166], [121.1585356, 23.3147937], [121.1586255, 23.3145194], [121.1588768, 23.3142253], [121.1590533, 23.313819], [121.1590649, 23.3134796], [121.1592242, 23.3131594], [121.1592642, 23.3127718], [121.1594433, 23.3124217], [121.1594476, 23.3121351], [121.1595961, 23.3118559], [121.159818, 23.3113214], [121.1600492, 23.3109746], [121.1600897, 23.3107682], [121.1601949, 23.3106566], [121.1608297, 23.3103523], [121.1610373, 23.310048], [121.161133, 23.3099699], [121.1615087, 23.3098256], [121.1616854, 23.3094973], [121.1616737, 23.3092909], [121.1617255, 23.3091601], [121.1621504, 23.3088174], [121.1622304, 23.3085306], [121.1623005, 23.3077669], [121.1623061, 23.3075284], [121.162225, 23.3073819], [121.1622448, 23.3073429], [121.1626754, 23.3073051], [121.1628613, 23.3071934], [121.1632312, 23.3071729], [121.1633888, 23.3071198], [121.1636165, 23.3068716], [121.1638856, 23.3067505], [121.1642906, 23.3063895], [121.1643729, 23.306234], [121.1644397, 23.3059535], [121.1645684, 23.3057915], [121.1646651, 23.305766], [121.1657171, 23.3059558], [121.1662087, 23.3060027], [121.1665045, 23.3061234], [121.1668564, 23.3063781], [121.1670839, 23.3064784], [121.1672428, 23.3064986], [121.1675666, 23.306445], [121.1682906, 23.3065325], [121.1685878, 23.3067232], [121.169073, 23.3071403], [121.1693191, 23.3072795], [121.1703064, 23.3074282], [121.1704949, 23.3073486], [121.170748, 23.307325], [121.170955, 23.3072098], [121.1710935, 23.3069653], [121.1713437, 23.3067606], [121.1715755, 23.3066683], [121.1717116, 23.3064775], [121.1720795, 23.3061774], [121.1724268, 23.3060928], [121.1726262, 23.3058859], [121.1730221, 23.3058435], [121.1731976, 23.3058092], [121.1733458, 23.3057498], [121.1739934, 23.3051485], [121.174203, 23.3050343], [121.1746557, 23.3049185], [121.1748654, 23.3048166], [121.1750164, 23.3046985], [121.1752243, 23.3044698], [121.1754616, 23.3040553], [121.1759057, 23.3034866], [121.1761571, 23.3032829], [121.176455, 23.3028006], [121.1767463, 23.3026987], [121.1770616, 23.3026396], [121.1777002, 23.3028544], [121.178193, 23.3028782], [121.1786706, 23.3027599], [121.1790437, 23.3025239], [121.1793344, 23.3021585], [121.1794567, 23.3014909], [121.1797306, 23.3013319], [121.1803446, 23.3011639], [121.1805168, 23.3010408], [121.1808219, 23.3000196], [121.1809827, 23.2997922], [121.1814866, 23.2993042], [121.1818238, 23.2991553], [121.1823014, 23.2990472], [121.1828686, 23.2985664], [121.1830964, 23.2985436], [121.1832639, 23.2985785], [121.1845725, 23.299162], [121.1849552, 23.2992998], [121.1852462, 23.2993334], [121.1855314, 23.2993164], [121.1860896, 23.299175], [121.1864131, 23.2990443], [121.187063, 23.2986597], [121.1873894, 23.2984108], [121.1877462, 23.2981925], [121.1887994, 23.2978959], [121.1894344, 23.2975832], [121.1897643, 23.2975019], [121.1902797, 23.2974905], [121.1904486, 23.2974413], [121.1908873, 23.2970587], [121.1918269, 23.2971527], [121.1925582, 23.2971007], [121.1927425, 23.297108], [121.1931391, 23.2972547], [121.1938578, 23.2977133], [121.1941143, 23.2978423], [121.194366, 23.2980531], [121.1945257, 23.2982525], [121.1946947, 23.298362], [121.194989, 23.2984496], [121.1957554, 23.2985392], [121.1976584, 23.2991223], [121.198207, 23.2992214], [121.1984334, 23.2993066], [121.1989322, 23.2995706], [121.1998638, 23.2998747], [121.2001563, 23.3000294], [121.2003461, 23.3001076], [121.2006639, 23.3001475], [121.2010852, 23.3000927], [121.202002, 23.3003807], [121.2021416, 23.3005643], [121.2024408, 23.3012525], [121.2026536, 23.3014651], [121.2029918, 23.3017055], [121.203531, 23.3023028], [121.2037514, 23.3024788], [121.2038359, 23.3024657], [121.2043944, 23.3019451], [121.2047239, 23.3018399], [121.2048407, 23.3016808], [121.2053039, 23.3012141], [121.2056585, 23.3010627], [121.2058971, 23.3010235], [121.2062948, 23.301277], [121.2066972, 23.3016355], [121.20723, 23.3019416], [121.2078192, 23.3021552], [121.2086678, 23.3025868], [121.2090284, 23.3026565], [121.2093822, 23.3028006], [121.2094899, 23.3029076], [121.2095974, 23.3031474], [121.2105111, 23.3035958], [121.21063, 23.3037061], [121.2110821, 23.3038828], [121.2114004, 23.3042345], [121.2118997, 23.3045553], [121.2121027, 23.304642], [121.2128117, 23.3048054], [121.21303, 23.3049242], [121.2133907, 23.3053042], [121.2138458, 23.3055405], [121.2139649, 23.3056518], [121.2139033, 23.3058883], [121.2138962, 23.3066366], [121.214141, 23.3066966], [121.2143953, 23.306672], [121.2145371, 23.3067065], [121.2155524, 23.3071129], [121.2160266, 23.3072584], [121.216284, 23.3074617], [121.2166284, 23.3076469], [121.2172222, 23.3080096], [121.2178536, 23.3082376], [121.2181454, 23.3083902], [121.2184055, 23.3086095], [121.2188716, 23.3091206], [121.2192619, 23.3093982], [121.2196304, 23.3095906], [121.2201209, 23.3097544], [121.2205204, 23.3100197], [121.2207921, 23.3101449], [121.22104, 23.3102075], [121.2212876, 23.3103029], [121.2214204, 23.3103765], [121.2215348, 23.31044], [121.2219983, 23.3107902], [121.2221279, 23.3108594], [121.2223131, 23.3108868], [121.2224788, 23.3108535], [121.2226143, 23.3108262], [121.222738, 23.3107726], [121.2229533, 23.3105454], [121.2230758, 23.3104895], [121.2237759, 23.3106209], [121.2240432, 23.3107142], [121.2245395, 23.3109646], [121.2250368, 23.3111435], [121.2254085, 23.3111969], [121.225863, 23.3114132], [121.2260315, 23.3114698], [121.2265422, 23.3115153], [121.2270907, 23.3117749], [121.2272141, 23.311804], [121.2272978, 23.3118237], [121.2273577, 23.3118378], [121.2274075, 23.3118496], [121.227458, 23.3118615], [121.2274776, 23.3118661], [121.2274999, 23.3118905], [121.2275828, 23.3119813], [121.2276806, 23.3120884], [121.2279174, 23.3123476], [121.2280454, 23.3124023], [121.2281499, 23.3124469], [121.2281888, 23.3124635], [121.2283727, 23.312542], [121.2282398, 23.3127474], [121.2282716, 23.3129763], [121.2281353, 23.3134504], [121.2281747, 23.3137103], [121.2279762, 23.314312], [121.2279093, 23.3146862], [121.2279042, 23.314906], [121.2277338, 23.3156014], [121.2277369, 23.315976], [121.2276916, 23.316202], [121.2275531, 23.3164104], [121.2273849, 23.3170933], [121.2272349, 23.3174106], [121.2273205, 23.3178361], [121.2274875, 23.3182363], [121.2275695, 23.3185538], [121.2277499, 23.3190005], [121.2277607, 23.3195412], [121.2278887, 23.319955], [121.2278865, 23.3202884], [121.2277867, 23.3208185], [121.2278005, 23.3210502], [121.2278645, 23.3213781], [121.2282343, 23.3225989], [121.2286145, 23.3234244], [121.2287505, 23.3236077], [121.2288366, 23.3240332], [121.2288353, 23.3245189], [121.2287862, 23.3247084], [121.2286754, 23.3249328], [121.2283375, 23.325411], [121.2282404, 23.3256444], [121.2282356, 23.3257865], [121.2282348, 23.3258255], [121.2282149, 23.3259545], [121.2282357, 23.3260998], [121.2282566, 23.3265242], [121.2282827, 23.3267652], [121.2283199, 23.3269292], [121.2284319, 23.3273074], [121.2286516, 23.3277959], [121.2288997, 23.3282655], [121.2297656, 23.3290622], [121.2299035, 23.3292296], [121.2300678, 23.3294811], [121.2301509, 23.329722], [121.2303202, 23.3308886], [121.2303721, 23.3314873], [121.230323, 23.3326644], [121.2300992, 23.3327682], [121.229506, 23.333188], [121.2289762, 23.3334075], [121.2298076, 23.3336683], [121.2302786, 23.333955], [121.2307072, 23.334098], [121.2311892, 23.3341193], [121.231919, 23.3345838], [121.2323791, 23.3347412], [121.2328058, 23.3348522], [121.2339494, 23.3357021], [121.2342908, 23.3361196], [121.2343703, 23.3364134], [121.2344165, 23.3366889], [121.2346108, 23.3368615], [121.234807, 23.3371542], [121.2350394, 23.337414], [121.2351605, 23.337636], [121.2351205, 23.3380017], [121.2348291, 23.33865], [121.2350488, 23.3390987], [121.2350617, 23.3392717], [121.2348899, 23.3395804], [121.2356527, 23.340602], [121.2361619, 23.3410637], [121.2365857, 23.3416483], [121.2369628, 23.3423851], [121.2374608, 23.3423543], [121.2377525, 23.3422814], [121.238209, 23.3420797], [121.2386291, 23.3417417], [121.2389594, 23.3416984], [121.2401087, 23.3418674], [121.2407623, 23.3420502], [121.2412488, 23.3426633], [121.2415437, 23.3429474], [121.2418343, 23.3433013], [121.2419625, 23.3435198], [121.242155, 23.3439217], [121.2423798, 23.3441949], [121.2424729, 23.3443415], [121.2428414, 23.3452024], [121.2429953, 23.3454424], [121.2433163, 23.3458132], [121.2436571, 23.3461205], [121.2440505, 23.3463981], [121.2446175, 23.346964], [121.2451937, 23.3473382], [121.2457434, 23.3476625], [121.2458694, 23.347951], [121.2459969, 23.348118], [121.2460551, 23.3483249], [121.2461568, 23.348533], [121.2465953, 23.3491493], [121.2473562, 23.3494706], [121.2482174, 23.3499665], [121.2484279, 23.3500165], [121.2485783, 23.3500849], [121.249332, 23.3510488], [121.249708, 23.3516104], [121.249814, 23.3517215], [121.2499436, 23.3518124], [121.2504197, 23.3522692], [121.2502194, 23.3525278], [121.2493302, 23.3535289], [121.2492334, 23.3537242], [121.2491537, 23.3543074], [121.2490479, 23.3556681], [121.2490043, 23.3559947], [121.2490248, 23.3562993], [121.2489783, 23.3567956], [121.2488986, 23.3571534], [121.2487872, 23.357224], [121.2487558, 23.3572443], [121.2487464, 23.3572504], [121.2486932, 23.3572874], [121.2486463, 23.3573346], [121.2485748, 23.3574083], [121.2485106, 23.357474], [121.2484514, 23.3575362], [121.2483922, 23.3576075], [121.2483379, 23.3576628], [121.2483022, 23.3577053], [121.2482601, 23.3577411], [121.2482034, 23.3577929], [121.2481479, 23.3578574], [121.2480961, 23.3579149], [121.2480479, 23.3579599], [121.2480135, 23.3580082], [121.2479864, 23.3580507], [121.2478427, 23.3583035], [121.2472635, 23.3590145], [121.2469304, 23.359565], [121.2468533, 23.3603513], [121.246621, 23.3605255], [121.2463731, 23.3608075], [121.2460392, 23.3616318], [121.2458536, 23.3619523], [121.245289, 23.362409], [121.2451114, 23.3626173], [121.2448464, 23.362747], [121.2444767, 23.3628005], [121.2441056, 23.3632344], [121.244034, 23.3634239], [121.2439443, 23.3636613], [121.2439315, 23.3638035], [121.2439522, 23.3639396], [121.2441599, 23.3643705], [121.2441773, 23.3645743], [121.2437382, 23.3652571], [121.2435741, 23.3654252], [121.2434876, 23.3657097], [121.2434699, 23.3660489], [121.2435974, 23.3663839], [121.243502, 23.3666124], [121.2436735, 23.3670215], [121.2434457, 23.3671465], [121.2432506, 23.3673377], [121.2431004, 23.3677417], [121.24311, 23.3678745], [121.2432591, 23.3680926], [121.2431833, 23.3692752], [121.2430229, 23.3697308], [121.242905, 23.3699307], [121.2428507, 23.3699825], [121.2425033, 23.3700588], [121.2422537, 23.3702825], [121.2419842, 23.3707226], [121.241871, 23.3711368], [121.2417434, 23.3718248], [121.2417984, 23.3723594], [121.2416539, 23.3727038], [121.2416178, 23.3730946], [121.2414516, 23.373465], [121.2414278, 23.3737881], [121.2415599, 23.3739551], [121.2420155, 23.3742655], [121.242151, 23.3747383], [121.2424774, 23.3754661], [121.2424924, 23.3759209], [121.2426141, 23.3763021], [121.2425664, 23.3765704], [121.2426631, 23.3773331], [121.2427259, 23.3775712], [121.2429319, 23.3779293], [121.2430625, 23.3788055], [121.2432462, 23.379191], [121.2432851, 23.379702], [121.2424863, 23.380546], [121.2421871, 23.3809948], [121.2421027, 23.3814268], [121.2416886, 23.3825621], [121.2414453, 23.3842595], [121.2414008, 23.3843605], [121.2410814, 23.3846992], [121.2409605, 23.3849985], [121.2409377, 23.3852667], [121.2409841, 23.3858451], [121.241101, 23.3862802], [121.2409966, 23.3866849], [121.2412735, 23.3870841], [121.241335, 23.3872649], [121.2416166, 23.3875792], [121.2416395, 23.3877487], [121.2415598, 23.3881018], [121.2411131, 23.3887159], [121.2411171, 23.3892119], [121.2410597, 23.3895501], [121.2408776, 23.3897109], [121.2400927, 23.3902159], [121.238832, 23.3907151], [121.2382678, 23.3910717], [121.2379629, 23.3916087], [121.2373721, 23.3923193], [121.2370521, 23.3934452], [121.2368678, 23.3938237], [121.2365456, 23.3941785], [121.2356164, 23.3949038], [121.2352172, 23.3954021], [121.2341957, 23.3969203], [121.2340246, 23.3972507], [121.233971, 23.3974914], [121.233964, 23.3979945], [121.2340113, 23.3982002], [121.233977, 23.3985682], [121.2335942, 23.399195], [121.2335446, 23.3994968], [121.2334525, 23.3997976], [121.2331033, 23.4002807], [121.2329243, 23.4006124], [121.2327995, 23.401361], [121.2326813, 23.4016876], [121.2326658, 23.4019815], [121.2325284, 23.4022517], [121.2324193, 23.4030678], [121.2322688, 23.4035033], [121.231769, 23.4043783], [121.2317472, 23.4046864], [121.2316443, 23.4051355], [121.2314914, 23.4053545], [121.2308652, 23.4055813], [121.2305921, 23.4058381], [121.2303255, 23.4063366], [121.2303623, 23.4067511], [121.2303447, 23.4070674], [121.2302761, 23.4072743], [121.2297297, 23.4080951], [121.2290191, 23.4087869], [121.2289016, 23.4089552], [121.2285701, 23.410001], [121.2286037, 23.4101199], [121.2287846, 23.410297], [121.2288909, 23.4104771], [121.2288877, 23.4107464], [121.2286294, 23.4111063], [121.2283461, 23.4113334], [121.2282948, 23.4117522], [121.2280761, 23.412436], [121.2276611, 23.4127767], [121.2269884, 23.4129571], [121.2264503, 23.4134066], [121.2257786, 23.413689], [121.225307, 23.4139931], [121.2245647, 23.4139518], [121.224318, 23.4140056], [121.2239549, 23.414323], [121.2237127, 23.4144398], [121.2233824, 23.4146892], [121.2232387, 23.414843], [121.2230714, 23.4151093], [121.2228813, 23.4157929], [121.2224721, 23.4159788], [121.222239, 23.4162526], [121.2217545, 23.4173973], [121.2214095, 23.4177707], [121.2213878, 23.4179508], [121.2212704, 23.4182361], [121.2209321, 23.4187641], [121.2211104, 23.4193882], [121.2211267, 23.4200562], [121.2210936, 23.420328], [121.2209065, 23.420826], [121.2210531, 23.4215455], [121.2209653, 23.4222304], [121.2208489, 23.4223816], [121.220297, 23.4227694], [121.2199878, 23.4232585], [121.2197494, 23.4235014], [121.2195875, 23.4238756], [121.2194038, 23.424557], [121.2190573, 23.4247936], [121.2185778, 23.4250273], [121.2185441, 23.4252119], [121.2181244, 23.4259094], [121.2175901, 23.4263439], [121.2172731, 23.4267396], [121.2168622, 23.4278883], [121.2163717, 23.4283856], [121.2162059, 23.4287198], [121.2160455, 23.4289199], [121.2160054, 23.4291143], [121.215894, 23.429372], [121.2154629, 23.4298901], [121.2153474, 23.4300123], [121.2150783, 23.4303305], [121.2150118, 23.4304417], [121.2149515, 23.4305554], [121.2148249, 23.4312434], [121.2144604, 23.4316061], [121.2143401, 23.4318724], [121.2142952, 23.4322714], [121.2140027, 23.4326256], [121.2136718, 23.4332092], [121.2131276, 23.4338671], [121.2125805, 23.4342375], [121.2122869, 23.4345999], [121.2120681, 23.4347945], [121.2119022, 23.4348984], [121.2115536, 23.4349905], [121.2114714, 23.4356222], [121.2114921, 23.4362178], [121.211355, 23.4365885], [121.2112765, 23.4374413], [121.2113664, 23.4382016], [121.2114756, 23.4383992], [121.2116555, 23.4385771], [121.2116761, 23.4387133], [121.2116503, 23.4398946], [121.211603, 23.4400931], [121.2114687, 23.4402999], [121.2113526, 23.4404185], [121.2111143, 23.44047], [121.2108967, 23.4404241], [121.2104633, 23.4402337], [121.2101949, 23.4402201], [121.2099954, 23.4403219], [121.2097371, 23.4405706], [121.2092099, 23.4407083], [121.2086191, 23.4410331], [121.2081709, 23.4410925], [121.2080103, 23.4410346], [121.2070955, 23.4409576], [121.2066607, 23.4408267], [121.2064293, 23.4406659], [121.2061972, 23.4403131], [121.2058895, 23.4399945], [121.2056609, 23.4399219], [121.2054502, 23.4399776], [121.2052721, 23.4401512], [121.2050371, 23.4407042], [121.2051037, 23.4412655], [121.2046958, 23.4417054], [121.2044972, 23.442036], [121.2041219, 23.4429375], [121.2040081, 23.443033], [121.2032915, 23.4432058], [121.2030004, 23.4433622], [121.202576, 23.4437107], [121.2023919, 23.4439023], [121.2022796, 23.4440886], [121.2022548, 23.4442182], [121.2022731, 23.4443809], [121.2024774, 23.4449325], [121.2026247, 23.4451795], [121.2029235, 23.445441], [121.2030089, 23.4456073], [121.2030527, 23.4458198], [121.2027739, 23.4463009], [121.2027149, 23.4467881], [121.2026385, 23.4469441], [121.2017907, 23.4475759], [121.2011865, 23.4479605], [121.2005062, 23.4487381], [121.2005566, 23.4491844], [121.2002907, 23.4497997], [121.2002427, 23.4500333], [121.2003144, 23.4510346], [121.1992239, 23.4504839], [121.1989988, 23.4502877], [121.1986109, 23.4500837], [121.1984119, 23.4500746], [121.1979659, 23.4501718], [121.1977836, 23.450156], [121.1975504, 23.4500869], [121.1972444, 23.4499121], [121.1968093, 23.4494006], [121.1967299, 23.4493944], [121.196133, 23.4497177], [121.1957936, 23.4497949], [121.1950363, 23.4501506], [121.1948314, 23.4503215], [121.1943883, 23.4508406], [121.1939729, 23.4511409], [121.1935609, 23.4515261], [121.1933418, 23.4516132], [121.1930142, 23.4515345], [121.1928225, 23.4516228], [121.192331, 23.4522311], [121.1918675, 23.4526458], [121.1915115, 23.4531254], [121.1913658, 23.453175], [121.1908119, 23.4531443], [121.1905796, 23.4533241], [121.1899322, 23.4542468], [121.1896662, 23.4544574], [121.1893151, 23.4549277], [121.1890914, 23.4556672], [121.1891815, 23.4561297], [121.1892172, 23.4567261], [121.1893731, 23.4573747], [121.1895495, 23.4577346], [121.1895718, 23.4582931], [121.1898812, 23.4595675], [121.1902658, 23.4600272], [121.1906228, 23.4603319], [121.1908523, 23.4603699], [121.1909984, 23.4604589], [121.1913217, 23.4609699], [121.191433, 23.461225], [121.1915428, 23.4620786], [121.1918841, 23.4630494], [121.1920826, 23.463291], [121.1921416, 23.4633628], [121.1919411, 23.4634453], [121.191651, 23.4637119], [121.1913151, 23.4637606], [121.19105, 23.4638415], [121.1903948, 23.4642746], [121.1898975, 23.4643199], [121.1887372, 23.4648349], [121.1884316, 23.4648321], [121.1881062, 23.4649896], [121.1879724, 23.4651115], [121.1872557, 23.4654399], [121.1868164, 23.465536], [121.1860815, 23.4661692], [121.1855042, 23.4664743], [121.1854214, 23.4665873], [121.1853132, 23.4669605], [121.1847559, 23.4674297], [121.184564, 23.4676956], [121.1843477, 23.4678939], [121.1841344, 23.4680131], [121.1838582, 23.4680551], [121.1835451, 23.4687813], [121.1832299, 23.4692599], [121.1829031, 23.4700814], [121.1826011, 23.4704111], [121.1825637, 23.4706918], [121.1827679, 23.4711029], [121.1827535, 23.4712255], [121.1825704, 23.4714795], [121.1822841, 23.4720237], [121.1819955, 23.4722678], [121.1819361, 23.4726685], [121.1819821, 23.4730126], [121.1818037, 23.4732225], [121.1816057, 23.4737506], [121.181458, 23.4738748], [121.1813224, 23.4743294], [121.1810672, 23.4747739], [121.1809641, 23.4748591], [121.1807155, 23.4749114], [121.1803362, 23.4748389], [121.179803, 23.4748539], [121.1796442, 23.4749312], [121.1789188, 23.4755122], [121.17813, 23.4759352], [121.1779823, 23.4760009], [121.1775869, 23.4759399], [121.1773337, 23.4760128], [121.1766924, 23.4766946], [121.1763551, 23.4769156], [121.175938, 23.4770451], [121.1757818, 23.477174], [121.1750189, 23.4779822], [121.1746514, 23.4784821], [121.1744158, 23.4794083], [121.1745249, 23.479704], [121.1744627, 23.4800792], [121.174, 23.480733], [121.1738361, 23.4811556], [121.1734859, 23.4816473], [121.1733653, 23.4820525], [121.1733903, 23.4824631], [121.1737775, 23.4830781], [121.1739351, 23.4837304], [121.1731666, 23.4836267], [121.1725981, 23.4834859], [121.1721617, 23.4834846], [121.1719695, 23.4835831], [121.1718021, 23.4837103], [121.1716103, 23.4839942], [121.1711714, 23.4843519], [121.1709907, 23.4846013], [121.1701287, 23.4847903], [121.1692726, 23.4848876], [121.1679758, 23.4847565], [121.16746, 23.4847669], [121.1653178, 23.4849877], [121.1640005, 23.4852419], [121.1631991, 23.4849491], [121.1627235, 23.4846887], [121.1624199, 23.4846068], [121.1620138, 23.4843257], [121.1618546, 23.4843088], [121.1615267, 23.484383], [121.1609417, 23.4841183], [121.160587, 23.4843875], [121.16001, 23.4847146], [121.1598427, 23.4848641], [121.159698, 23.4851088], [121.1596279, 23.4853728], [121.1596473, 23.485617], [121.1596066, 23.4857284], [121.1591789, 23.4856755], [121.1588577, 23.4859125], [121.1585888, 23.4861965], [121.1583351, 23.4865733], [121.1577926, 23.4872232], [121.1574075, 23.4873795], [121.1567986, 23.4878885], [121.156727, 23.4880577], [121.1567678, 23.4883991], [121.1567294, 23.488468], [121.1565234, 23.4885805], [121.1560672, 23.4886141], [121.1557207, 23.4887378], [121.1553671, 23.4889669], [121.1549904, 23.4893986], [121.1546995, 23.489416], [121.1546026, 23.4894625], [121.1543599, 23.4897863], [121.1539719, 23.490584], [121.1536281, 23.4908106], [121.1534646, 23.4909966], [121.1529125, 23.4918336], [121.1528542, 23.491875], [121.1527756, 23.4918041], [121.1527135, 23.4918111], [121.1523934, 23.4920341], [121.1522663, 23.492352], [121.152408, 23.4927818], [121.1523481, 23.4931156], [121.1520215, 23.4941219], [121.1517799, 23.4944262], [121.1515267, 23.4949851], [121.1513444, 23.4951609], [121.1507572, 23.4954693], [121.1505875, 23.4956818], [121.1503344, 23.4958589], [121.150202, 23.4960689], [121.1496513, 23.4965424], [121.1493134, 23.4970556], [121.1492311, 23.4974365], [121.1492884, 23.497599], [121.1493849, 23.4977343], [121.1492526, 23.4979731], [121.1493589, 23.4984363], [121.1490509, 23.4993979], [121.1491478, 23.499867], [121.1490879, 23.5004996], [121.1488804, 23.5011136], [121.1484046, 23.5018197], [121.1480905, 23.5025203], [121.1480457, 23.5027199], [121.1480677, 23.5030749], [121.1480017, 23.5032631], [121.1476789, 23.5035456], [121.1474051, 23.5039264], [121.1470795, 23.5049616], [121.1470703, 23.5052879], [121.1469508, 23.505472], [121.146615, 23.5056711], [121.1464335, 23.5058714], [121.1460392, 23.505859], [121.1456507, 23.506174], [121.1450876, 23.5062233], [121.1449104, 23.5063183], [121.1446977, 23.5065086], [121.1442331, 23.5063946], [121.1440592, 23.5064335], [121.1439407, 23.5065705], [121.1438031, 23.5074315], [121.1436456, 23.5079043], [121.1435184, 23.5080346], [121.1433138, 23.5081378], [121.1426682, 23.5083032], [121.1425931, 23.5084284], [121.1426306, 23.5086585], [121.1425767, 23.5087895], [121.1420261, 23.5090436], [121.1413667, 23.5091919], [121.1409189, 23.5093814], [121.140665, 23.5093451], [121.1403593, 23.5093791], [121.1402663, 23.5094335], [121.1400332, 23.5097372], [121.1396238, 23.5099998], [121.138657, 23.5108943], [121.1383299, 23.5110946], [121.1378486, 23.5112842], [121.1376051, 23.5117232], [121.1370901, 23.5120928], [121.1369506, 23.5122575], [121.1366578, 23.5127551], [121.1366405, 23.5131791], [121.1361907, 23.5136399], [121.1360223, 23.5139411], [121.1359556, 23.5142197], [121.1358875, 23.5142739], [121.1355169, 23.5145092], [121.1354058, 23.5145544], [121.1353323, 23.5145843], [121.1343792, 23.5147012], [121.1341315, 23.5148574], [121.1338136, 23.5147356], [121.1334348, 23.5148203], [121.1330994, 23.5147385], [121.1326288, 23.5148339], [121.1322456, 23.5150553], [121.1319844, 23.5153719], [121.1316855, 23.5159391], [121.1316665, 23.5165893], [121.1312778, 23.5174199], [121.1310674, 23.5177037], [121.1305843, 23.5178002], [121.1300499, 23.5181258], [121.1296581, 23.5180293], [121.1292628, 23.5183545], [121.1291213, 23.5184202], [121.1281613, 23.5185751], [121.1281028, 23.5185409], [121.1279066, 23.5181976], [121.1276214, 23.5179853], [121.1274605, 23.5177886], [121.1272911, 23.5176882], [121.1268231, 23.5170364], [121.1265297, 23.5169764], [121.1262228, 23.5169943], [121.1261149, 23.5170427], [121.1258063, 23.5173183], [121.1254403, 23.5174982], [121.1251145, 23.5177879], [121.1247581, 23.5182668], [121.124446, 23.5189976], [121.1239549, 23.5188798], [121.1236494, 23.5189392], [121.1230288, 23.5191735], [121.1227959, 23.519409], [121.1227171, 23.5196235], [121.1225264, 23.5197448], [121.122231, 23.5199354], [121.1220005, 23.5201584], [121.1216091, 23.5201697], [121.1212366, 23.5202579], [121.1210178, 23.5206001], [121.1208394, 23.5207885], [121.1205082, 23.5209623], [121.12033, 23.5211797], [121.1200434, 23.5213293], [121.1197807, 23.5215753], [121.1195744, 23.521577], [121.1193217, 23.5214149], [121.1187967, 23.5212272], [121.1183452, 23.5214761], [121.1175245, 23.5216949], [121.1173317, 23.521653], [121.1171407, 23.5250362], [121.1172026, 23.525088], [121.1174039, 23.5250781], [121.1175608, 23.5252385], [121.1176071, 23.5253937], [121.1175635, 23.5255364], [121.1176336, 23.5259903], [121.117528, 23.5260697], [121.1174038, 23.5260762], [121.1172136, 23.5258693], [121.1172053, 23.5256723], [121.1171443, 23.5255277], [121.1172766, 23.5253389], [121.117088, 23.5251504], [121.1169668, 23.5254776], [121.1168463, 23.5254839], [121.1167848, 23.5255948], [121.1169506, 23.5256898], [121.1169827, 23.5258165], [121.116888, 23.5258821], [121.1168127, 23.5262671], [121.1166405, 23.5265251], [121.1167332, 23.526636], [121.1166856, 23.5269748], [121.1168105, 23.5270772], [121.1167954, 23.5272825], [121.116673, 23.5274631], [121.116661, 23.5275606], [121.1168267, 23.5277244], [121.1167051, 23.5283839], [121.1168558, 23.5285432], [121.1167794, 23.5289408], [121.1166604, 23.5291053], [121.1164399, 23.5292884], [121.1165312, 23.5295438], [121.1163123, 23.5297601], [121.1163026, 23.5299149], [121.1160127, 23.5300532], [121.1159041, 23.5302451], [121.1156884, 23.5303525], [121.1153709, 23.5306218], [121.1154063, 23.5307244], [121.1155562, 23.5307635], [121.1157875, 23.5306914], [121.1158947, 23.5308525], [121.1158041, 23.5312904], [121.1159061, 23.5314355], [121.1157853, 23.5317834], [121.1158, 23.5319894], [121.116023, 23.5320789], [121.1161232, 23.5320477], [121.1163902, 23.53181], [121.1163832, 23.5311948], [121.1167569, 23.5313703], [121.1169427, 23.531331], [121.1170927, 23.5314445], [121.1174393, 23.5311992], [121.1175649, 23.5314536], [121.1178091, 23.53145], [121.1179555, 23.531355], [121.1181491, 23.5313304], [121.1183407, 23.5318386], [121.1183582, 23.5321993], [121.1185775, 23.532368], [121.11873, 23.532627], [121.118744, 23.5328594], [121.1189285, 23.5332451], [121.1191016, 23.533474], [121.1191447, 23.5339512], [121.1196441, 23.5342051], [121.1200586, 23.5342265], [121.1201132, 23.5345752], [121.1205026, 23.534943], [121.1208809, 23.5347392], [121.1212625, 23.534729], [121.1217321, 23.534627], [121.1221097, 23.5345962], [121.1226313, 23.5346275], [121.1227399, 23.5350075], [121.1223431, 23.5352917], [121.1227195, 23.535552], [121.1223157, 23.5357184], [121.1218967, 23.5360133], [121.1215832, 23.5363606], [121.1215591, 23.5369831], [121.1212487, 23.5372283], [121.121259, 23.5375307], [121.121103, 23.538146], [121.1208232, 23.5384332], [121.1204722, 23.5396146], [121.1207129, 23.5395989], [121.1209936, 23.5397232], [121.121125, 23.5396994], [121.1212682, 23.5397821], [121.1217677, 23.5398252], [121.1220051, 23.5401712], [121.1220942, 23.5405022], [121.1218625, 23.5407703], [121.1220152, 23.5408986], [121.1218533, 23.5410294], [121.1215445, 23.5410053], [121.1213433, 23.5407378], [121.1208649, 23.5406864], [121.1206888, 23.5407177], [121.1207681, 23.5409147], [121.1210173, 23.5412869], [121.1207835, 23.5415035], [121.1209766, 23.5415969], [121.1210412, 23.5417357], [121.1209864, 23.541874], [121.1212223, 23.5422109], [121.1210136, 23.5421498], [121.1207612, 23.5419438], [121.1205078, 23.5420301], [121.1205292, 23.5421913], [121.1204403, 23.5422293], [121.1202044, 23.542109], [121.1198319, 23.5422898], [121.1199961, 23.5424386], [121.1197212, 23.5426512], [121.1199224, 23.5427743], [121.1200007, 23.5429908], [121.1196218, 23.5430171], [121.1194203, 23.5428734], [121.1190119, 23.5429183], [121.1192089, 23.5434517], [121.1193978, 23.5437319], [121.1190973, 23.5440515], [121.1192086, 23.5441552], [121.1196308, 23.5443266], [121.119689, 23.5445297], [121.1195673, 23.544614], [121.119601, 23.5447636], [121.1194775, 23.5448846], [121.1195317, 23.5451439], [121.1193056, 23.5455987], [121.118862, 23.5460544], [121.1183975, 23.5463064], [121.1182065, 23.5466278], [121.1179637, 23.5466073], [121.1177548, 23.5468957], [121.1176045, 23.5469747], [121.1174976, 23.546911], [121.1171985, 23.5470907], [121.1173426, 23.5477623], [121.1172731, 23.5479032], [121.1175957, 23.5478732], [121.1176899, 23.5479921], [121.1176237, 23.5480033], [121.1175719, 23.5481117], [121.1158514, 23.5486096], [121.1157138, 23.5491793], [121.1157078, 23.5494729], [121.1156544, 23.5496663], [121.1153528, 23.5497297], [121.1149238, 23.5497481], [121.1147337, 23.5499945], [121.1142342, 23.5497667], [121.1138806, 23.5498082], [121.1126242, 23.5498381], [121.1111077, 23.5499586], [121.1105271, 23.5501486], [121.1100652, 23.5506908], [121.1099176, 23.5509618], [121.1098276, 23.5512328], [121.1097683, 23.5516121], [121.1097238, 23.5524135], [121.1096855, 23.553391], [121.1099029, 23.5567772], [121.1100538, 23.5579961], [121.110069, 23.558574], [121.1100168, 23.5592152], [121.109917, 23.559414], [121.1096878, 23.5595135], [121.1094478, 23.5595407], [121.1089445, 23.5596856], [121.1087653, 23.5595485], [121.1087904, 23.5599045], [121.1093315, 23.560763], [121.1091355, 23.5608799], [121.1088323, 23.5609435], [121.1084792, 23.5611282], [121.1082527, 23.5613335], [121.1080567, 23.5617994], [121.1080937, 23.5627902], [121.1082702, 23.5631273], [121.1083168, 23.5633556], [121.1082637, 23.5635379], [121.1079715, 23.5637837], [121.1078291, 23.5640615], [121.1077005, 23.5642129], [121.1074019, 23.564437], [121.107089, 23.5645107], [121.1067849, 23.5643694], [121.1065445, 23.5643734], [121.1063518, 23.5645231], [121.1061479, 23.5648193], [121.1059575, 23.5649054], [121.1056624, 23.5649165], [121.1054881, 23.5649755], [121.1053339, 23.5652447], [121.105016, 23.5653024], [121.1046905, 23.565414], [121.1041581, 23.5657649], [121.1038613, 23.5658206], [121.1034202, 23.5657844], [121.1030855, 23.5658007], [121.1026842, 23.5658794], [121.1024372, 23.5659099], [121.1022537, 23.5658124], [121.1020834, 23.5656899], [121.1018345, 23.5655294], [121.1016716, 23.5653098], [121.101576, 23.5649792], [121.1015115, 23.5644514], [121.1014625, 23.564074], [121.101401, 23.563707], [121.1013961, 23.5634846], [121.1014803, 23.5633257], [121.101749, 23.5632053], [121.1018827, 23.5631215], [121.1018815, 23.5627612], [121.1018367, 23.5625344], [121.1016445, 23.5624062], [121.1014783, 23.5623267], [121.1011251, 23.5622385], [121.1007638, 23.5621429], [121.100157, 23.5622665], [121.099819, 23.5622224], [121.0996556, 23.5620535], [121.0994573, 23.5619556], [121.0991711, 23.5619742], [121.0989167, 23.562051], [121.0985941, 23.5620364], [121.0983693, 23.5619196], [121.0980508, 23.5616222], [121.0979988, 23.5614357], [121.0979338, 23.5611015], [121.0978502, 23.5608922], [121.0976357, 23.5607404], [121.0975404, 23.5606204], [121.0975568, 23.5603693], [121.0976454, 23.5600046], [121.0975943, 23.5599046], [121.0975178, 23.5598025], [121.0973582, 23.5597071], [121.0971639, 23.5596806], [121.0966712, 23.5597482], [121.0964664, 23.5598291], [121.0961681, 23.5599646], [121.0958739, 23.5601207], [121.0957209, 23.5602236], [121.0956632, 23.5604008], [121.0956976, 23.5605556], [121.0958968, 23.5609202], [121.0959282, 23.5611404], [121.0958126, 23.5612778], [121.0955222, 23.5614887], [121.0954216, 23.5616998], [121.0952715, 23.5621412], [121.0952181, 23.5622459], [121.0950999, 23.5622933], [121.0947579, 23.562312], [121.0946057, 23.5624311], [121.0944529, 23.563642], [121.0941428, 23.5645558], [121.0938024, 23.5647866], [121.093467, 23.5651514], [121.0932203, 23.5654852], [121.0931606, 23.5656736], [121.0932169, 23.5658433], [121.0933997, 23.5659326], [121.0937847, 23.5660822], [121.0939145, 23.5661971], [121.0939381, 23.5666003], [121.0942818, 23.5674307], [121.0945603, 23.5678277], [121.0948405, 23.5684834], [121.0948285, 23.5686016], [121.094614, 23.5688927], [121.0944754, 23.5692024], [121.0945614, 23.5694168], [121.0946496, 23.5696348], [121.0946278, 23.570011], [121.0944868, 23.5702554], [121.0943902, 23.57044], [121.0942877, 23.5705296], [121.0941223, 23.5705697], [121.0940028, 23.5705463], [121.0937849, 23.5705226], [121.0936653, 23.5705387], [121.0932207, 23.5704326], [121.0929864, 23.570358], [121.0926752, 23.5702282], [121.0924358, 23.5702219], [121.0921938, 23.5702871], [121.0919417, 23.5704156], [121.0917971, 23.5704596], [121.0915798, 23.5704144], [121.0913507, 23.5703431], [121.091126, 23.5703669], [121.0909233, 23.5704836], [121.0907923, 23.5706357], [121.0908322, 23.5708057], [121.090928, 23.570951], [121.0908724, 23.5713934], [121.0905993, 23.5716393], [121.0903403, 23.5717436], [121.0900919, 23.5718922], [121.0900061, 23.5719193], [121.0899169, 23.5719244], [121.0898869, 23.5718464], [121.0898296, 23.5716368], [121.0897744, 23.5715851], [121.0896376, 23.5715891], [121.0892626, 23.5715891], [121.0891323, 23.5716167], [121.0890014, 23.5717498], [121.0888707, 23.571893], [121.0884968, 23.5725551], [121.0884239, 23.5726582], [121.0882952, 23.5726883], [121.0881288, 23.5726913], [121.0879909, 23.5727878], [121.0876501, 23.5729433], [121.0874362, 23.5731591], [121.0872917, 23.5736062], [121.0871791, 23.5737214], [121.0870245, 23.5737693], [121.086824, 23.5736663], [121.086376, 23.5738166], [121.0860846, 23.5737407], [121.0854561, 23.5733588], [121.0849842, 23.5729799], [121.0846983, 23.5726929], [121.0845908, 23.5724008], [121.0846006, 23.57197], [121.0845576, 23.5717018], [121.0844004, 23.5714635], [121.0842615, 23.5713293], [121.0839556, 23.5714536], [121.0837541, 23.5714691], [121.0835046, 23.5715151], [121.0833692, 23.5713713], [121.0832677, 23.571162], [121.0829319, 23.5707164], [121.0825296, 23.5704217], [121.082377, 23.5702691], [121.0820337, 23.5698428], [121.0822278, 23.5696264], [121.0816792, 23.5692634], [121.0814498, 23.5692827], [121.0813123, 23.569323], [121.0811415, 23.5693446], [121.080919, 23.5692918], [121.0808258, 23.5692329], [121.0807526, 23.5691186], [121.0806679, 23.568954], [121.0806911, 23.5688051], [121.0809649, 23.5684499], [121.0810407, 23.5680354], [121.0813202, 23.5680307], [121.081513, 23.5679707], [121.0816455, 23.567807], [121.0816685, 23.5676083], [121.0816041, 23.5672079], [121.0814674, 23.566761], [121.0813578, 23.5655947], [121.0812402, 23.56559], [121.0810493, 23.5657401], [121.080773, 23.5660127], [121.0806343, 23.5660798], [121.0804619, 23.5660635], [121.0800921, 23.5655946], [121.0797527, 23.5654124], [121.0792089, 23.5647149], [121.079088, 23.5647081], [121.078857, 23.5647676], [121.0786513, 23.5648091], [121.0783147, 23.564889], [121.078069, 23.56497], [121.0778641, 23.5650584], [121.077707, 23.5652931], [121.0775041, 23.5655454], [121.0773275, 23.5655455], [121.0772233, 23.565477], [121.0770214, 23.5652483], [121.0768642, 23.5651527], [121.0766953, 23.5651244], [121.0765585, 23.5651884], [121.0765145, 23.5652271], [121.0765053, 23.5653284], [121.0765362, 23.5658816], [121.0764744, 23.5659873], [121.0763728, 23.5660647], [121.0762329, 23.5661211], [121.0760441, 23.5661094], [121.0758459, 23.5660456], [121.0756456, 23.5659639], [121.0754477, 23.5660783], [121.0753334, 23.5661892], [121.0749216, 23.5666104], [121.0747758, 23.5667123], [121.0745771, 23.5667404], [121.0743574, 23.5667691], [121.0742216, 23.5668698], [121.0740773, 23.5669756], [121.0739171, 23.5669993], [121.0737492, 23.5669664], [121.0736074, 23.5668014], [121.0734267, 23.5665643], [121.0726711, 23.5662731], [121.0725645, 23.5661807], [121.0725064, 23.565811], [121.0723196, 23.5655809], [121.0721351, 23.5654217], [121.0719711, 23.5651989], [121.0718682, 23.5651148], [121.0716719, 23.5649985], [121.0714628, 23.5648844], [121.0711487, 23.5648383], [121.0708467, 23.5649487], [121.0706178, 23.5650617], [121.070315, 23.5652369], [121.0700302, 23.5654055], [121.0697753, 23.5655891], [121.0697124, 23.5656567], [121.0695958, 23.5657797], [121.0692804, 23.5661262], [121.0691052, 23.5662175], [121.068741, 23.5663555], [121.0679481, 23.5665969], [121.0674356, 23.5668019], [121.0669625, 23.5670725], [121.066468, 23.567516], [121.0662583, 23.5678127], [121.0661339, 23.5681444], [121.0661789, 23.5683214], [121.066378, 23.5684079], [121.0669533, 23.5685238], [121.0671371, 23.5686129], [121.0672223, 23.5687425], [121.0675107, 23.5687884], [121.0676394, 23.5688473], [121.067806, 23.5690139], [121.0682129, 23.5694025], [121.0689254, 23.5702352], [121.0691368, 23.5704878], [121.0691948, 23.5705871], [121.0692655, 23.5707679], [121.069302, 23.5710022], [121.0693172, 23.571727], [121.0693126, 23.5720358], [121.0692379, 23.5722295], [121.0691776, 23.572414], [121.0690576, 23.5725992], [121.0689933, 23.5726497], [121.0688989, 23.5726631], [121.068739, 23.5727747], [121.0684433, 23.5728303], [121.0682721, 23.5728797], [121.0678587, 23.5730024], [121.0675427, 23.5730411], [121.0671258, 23.5729225], [121.0667961, 23.5728421], [121.0665517, 23.572724], [121.06615, 23.5725684], [121.0657782, 23.5724947], [121.0654879, 23.5724984], [121.06503, 23.5727028], [121.0645251, 23.5727007], [121.0642241, 23.5725553], [121.0640273, 23.5723894], [121.0639799, 23.5721083], [121.064003, 23.5716617], [121.0638027, 23.5715776], [121.0633728, 23.5714784], [121.062958, 23.5712645], [121.0626665, 23.5710852], [121.0624766, 23.5709398], [121.0622289, 23.5709952], [121.0618531, 23.5711501], [121.0613756, 23.5713113], [121.0609693, 23.5714708], [121.060734, 23.5715996], [121.0604674, 23.571762], [121.0602819, 23.571922], [121.0600785, 23.572041], [121.0598772, 23.5720732], [121.0597881, 23.572027], [121.0596859, 23.5719823], [121.0595858, 23.5719048], [121.0594734, 23.5718479], [121.0593649, 23.5717296], [121.0592462, 23.5715433], [121.0591645, 23.5713741], [121.0590058, 23.571299], [121.0589907, 23.5711073], [121.0591133, 23.5706893], [121.0590519, 23.570383], [121.0588985, 23.5702328], [121.0587269, 23.5701466], [121.0585869, 23.5701197], [121.0584476, 23.5701675], [121.0582711, 23.5702982], [121.0580718, 23.5703412], [121.057881, 23.5703178], [121.057698, 23.5702856], [121.0574508, 23.5702151], [121.0571651, 23.5700946], [121.0569142, 23.5700169], [121.0567517, 23.569825], [121.0565582, 23.5697526], [121.056262, 23.5698058], [121.0560966, 23.5700172], [121.0560627, 23.5702609], [121.0560954, 23.5705004], [121.0559173, 23.5707878], [121.0556364, 23.570989], [121.0555244, 23.5711195], [121.0554145, 23.5711848], [121.0553297, 23.5712181], [121.0551303, 23.5711356], [121.0549135, 23.5708736], [121.054702, 23.5707005], [121.0544308, 23.5706869], [121.0542724, 23.5707192], [121.0541601, 23.5708809], [121.0540253, 23.5712321], [121.0538786, 23.5713983], [121.0536399, 23.5715318], [121.0532079, 23.5715757], [121.052837, 23.5715027], [121.0525877, 23.5714165], [121.0521073, 23.5711536], [121.0517562, 23.5710178], [121.0514137, 23.5710084], [121.0511319, 23.5710755], [121.050898, 23.5711592], [121.0504332, 23.5715381], [121.0500212, 23.5717507], [121.0496857, 23.5717163], [121.0493852, 23.5717677], [121.0490269, 23.5719544], [121.0485441, 23.5720413], [121.0483778, 23.5720322], [121.0482313, 23.5719626], [121.0480914, 23.5718351], [121.048085, 23.5716857], [121.0480691, 23.5714239], [121.0480676, 23.571323], [121.0479522, 23.5711093], [121.0477941, 23.5709205], [121.0477109, 23.5708141], [121.0476272, 23.5707303], [121.0474429, 23.5706501], [121.0468224, 23.5705594], [121.0463094, 23.5706153], [121.0457409, 23.570759], [121.0453238, 23.5709874], [121.0451248, 23.571205], [121.0449921, 23.5713649], [121.0449289, 23.5715151], [121.0448742, 23.5716154], [121.0447122, 23.571787], [121.0446237, 23.5718181], [121.0445286, 23.5718221], [121.0440977, 23.5716136], [121.0436545, 23.5714228], [121.0434505, 23.5714058], [121.0433115, 23.5712919], [121.043168, 23.5712167], [121.0429331, 23.5711672], [121.0426258, 23.5712381], [121.0423388, 23.5713648], [121.0420929, 23.5715174], [121.0418725, 23.5718675], [121.04181, 23.5721295], [121.0418181, 23.5723978], [121.0422905, 23.5730607], [121.042294, 23.573227], [121.042229, 23.5734331], [121.0420416, 23.5735609], [121.0417876, 23.5735987], [121.0415654, 23.5736574], [121.0413199, 23.5736972], [121.0405713, 23.5736523], [121.0402078, 23.5736469], [121.0400317, 23.5735982], [121.0399242, 23.573526], [121.0397809, 23.5733973], [121.039629, 23.5733578], [121.0393076, 23.5735131], [121.0390767, 23.5735517], [121.0388233, 23.5736951], [121.0385978, 23.5737805], [121.0380605, 23.5741096], [121.0378062, 23.5742129], [121.0376895, 23.5743883], [121.0374259, 23.5747539], [121.0372552, 23.5749219], [121.0369924, 23.5749018], [121.0365911, 23.5747428], [121.0360357, 23.5745826], [121.0348056, 23.5747434], [121.033748, 23.5747994], [121.0332825, 23.5749042], [121.0328625, 23.5750903], [121.0324212, 23.5751722], [121.0321724, 23.5750823], [121.0315912, 23.5742874], [121.0313286, 23.5738948], [121.0310737, 23.5738317], [121.0306676, 23.5738396], [121.0296214, 23.5741562], [121.028691, 23.5741943], [121.0276255, 23.5741688], [121.0272698, 23.5743193], [121.0268572, 23.5743042], [121.0261824, 23.5739997], [121.0256616, 23.5740209], [121.0254247, 23.5741098], [121.0248952, 23.5743], [121.0247459, 23.5743515], [121.0245615, 23.5742986], [121.0243244, 23.5741963], [121.0240994, 23.574175], [121.0239465, 23.5742248], [121.0237147, 23.5743803], [121.0232539, 23.5749645], [121.0229747, 23.5749826], [121.0223151, 23.5750013], [121.0218167, 23.5750351], [121.0214826, 23.5750733], [121.0213504, 23.5750629], [121.0211269, 23.5749034], [121.0211062, 23.5747606], [121.0211603, 23.5743378], [121.0217184, 23.57403], [121.0219781, 23.5740027], [121.0221529, 23.5739613], [121.0222847, 23.5737083], [121.0223652, 23.5734506], [121.0223792, 23.573107], [121.0223028, 23.5728257], [121.0220509, 23.5724423], [121.0217237, 23.5721512], [121.0214434, 23.5719819], [121.0211351, 23.571917], [121.0209211, 23.5719525], [121.0207935, 23.5720618], [121.0206636, 23.5723603], [121.020469, 23.5725135], [121.0200899, 23.572719], [121.0197567, 23.5728493], [121.0192399, 23.5730004], [121.0191169, 23.5730135], [121.0185776, 23.5728402], [121.0181884, 23.5728475], [121.0172011, 23.5730868], [121.0164172, 23.5732403], [121.0159594, 23.5732404], [121.0154733, 23.5730539], [121.0150575, 23.5731279], [121.0146389, 23.5732229], [121.014115, 23.5733501], [121.0139256, 23.573235], [121.013267, 23.5727179], [121.0131417, 23.5724924], [121.0129841, 23.5724513], [121.0127385, 23.5724579], [121.0125326, 23.5726124], [121.0124492, 23.5727954], [121.0124796, 23.5730698], [121.0126071, 23.5731883], [121.0129673, 23.5733408], [121.01314, 23.5734361], [121.0131367, 23.5740483], [121.013001, 23.5743838], [121.0131383, 23.5744936], [121.0132368, 23.5749234], [121.0132259, 23.575011], [121.0131929, 23.5752438], [121.0131328, 23.5752794], [121.0129389, 23.575381], [121.0122666, 23.5754496], [121.0115598, 23.5754367], [121.0115859, 23.5752735], [121.0115382, 23.5749888], [121.0114259, 23.5747247], [121.0108865, 23.5747731], [121.0107169, 23.5748226], [121.010392, 23.5750216], [121.0102013, 23.5750812], [121.0098107, 23.5752977], [121.0094173, 23.5753271], [121.0091148, 23.5752765], [121.0089233, 23.5753335], [121.0085231, 23.5755611], [121.0080789, 23.5757609], [121.0079003, 23.5757929], [121.0074855, 23.575731], [121.0064744, 23.5753985], [121.0063635, 23.5753987], [121.006116, 23.5754836], [121.0059829, 23.5754981], [121.0056287, 23.5754017], [121.0052632, 23.5753487], [121.005075, 23.5752755], [121.004876, 23.575035], [121.0047285, 23.5749346], [121.0044218, 23.5747981], [121.0037992, 23.5748322], [121.003551, 23.5749024], [121.0031952, 23.5750647], [121.0028461, 23.5751271], [121.0023663, 23.5750907], [121.001753, 23.5749816], [121.0013901, 23.5747631], [121.0006, 23.5744698], [121.0006544, 23.5740223], [121.0006388, 23.5739306], [121.0005229, 23.5736048], [121.0003729, 23.5734678], [121.0001305, 23.5733523], [121.000042, 23.5732749], [120.9999755, 23.5730826], [120.9996619, 23.5724075], [120.9993596, 23.5723097], [120.9988672, 23.5723009], [120.9984929, 23.5722245], [120.9982556, 23.5721391], [120.9977382, 23.5718631], [120.9976237, 23.5718321], [120.9973493, 23.5718266], [120.9969152, 23.5716941], [120.9966295, 23.571546], [120.9963397, 23.5714154], [120.9961563, 23.5712088], [120.9958262, 23.5710735], [120.9956603, 23.5709592], [120.9955773, 23.5708619], [120.9954165, 23.5705726], [120.9951732, 23.5703315], [120.9947258, 23.5701976], [120.9944263, 23.5701801], [120.9941379, 23.5702213], [120.9939364, 23.5703164], [120.9937814, 23.5703506], [120.9936308, 23.5704058], [120.9935151, 23.5707371], [120.993372, 23.5709016], [120.9930301, 23.5710552], [120.9928919, 23.5711693], [120.9925356, 23.5711438], [120.9921687, 23.5714768], [120.9920748, 23.571507], [120.9917957, 23.5713202], [120.9915226, 23.571246], [120.9913669, 23.5712717], [120.990896, 23.5712631], [120.9905697, 23.5713654], [120.990404, 23.5713632], [120.9902655, 23.5713105], [120.9899591, 23.5711112], [120.9895442, 23.5710237], [120.9893693, 23.5709434], [120.9892725, 23.5708268], [120.9892448, 23.5706366], [120.9891268, 23.5705712], [120.9889092, 23.5705578], [120.9887877, 23.5705855], [120.9880746, 23.5710407], [120.9875932, 23.5712836], [120.9871673, 23.5715626], [120.9870849, 23.5715922], [120.9868479, 23.5715966], [120.9867336, 23.5716398], [120.9864766, 23.5719682], [120.9862816, 23.572078], [120.9861102, 23.5722439], [120.9860416, 23.5723329], [120.985774, 23.5728093], [120.9855513, 23.573023], [120.9854112, 23.5731064], [120.9852685, 23.5732654], [120.985043, 23.573403], [120.9845348, 23.5735849], [120.9841704, 23.5737877], [120.9838597, 23.5738574], [120.9833852, 23.5738943], [120.9830738, 23.5738458], [120.98261, 23.5732797], [120.9825883, 23.5730289], [120.9825421, 23.57287], [120.9825913, 23.5726146], [120.9825791, 23.5724606], [120.9823609, 23.5721368], [120.9820978, 23.571859], [120.981966, 23.5718125], [120.9814473, 23.5718245], [120.9812246, 23.5717621], [120.9810294, 23.5716369], [120.9809381, 23.5716377], [120.9805494, 23.57178], [120.9801996, 23.5718684], [120.9801235, 23.5719379], [120.9800159, 23.5721848], [120.9797282, 23.5723257], [120.9794461, 23.5722652], [120.978909, 23.5722646], [120.9786962, 23.5723408], [120.9784226, 23.5725281], [120.9780703, 23.5726861], [120.9778965, 23.5729529], [120.9777528, 23.5732334], [120.9775561, 23.573486], [120.977376, 23.5736759], [120.9772113, 23.5737423], [120.9769933, 23.5737145], [120.9768164, 23.5736583], [120.9762532, 23.573737], [120.9750571, 23.5736968], [120.9746143, 23.5737356], [120.9740632, 23.5736792], [120.9737531, 23.5737756], [120.9736148, 23.573751], [120.9728733, 23.5733825], [120.9725371, 23.5732974], [120.9725002, 23.573636], [120.9725746, 23.5736995], [120.9724649, 23.5739058], [120.9721778, 23.5741765], [120.9719575, 23.5744487], [120.9715441, 23.5750589], [120.9713848, 23.5754108], [120.9711568, 23.5757235], [120.9705253, 23.5761995], [120.9704228, 23.5766191], [120.9696798, 23.5772235], [120.9695229, 23.5774769], [120.9693268, 23.5773535], [120.9688124, 23.577275], [120.968648, 23.5771271], [120.9685516, 23.576898], [120.9684859, 23.5768437], [120.9682893, 23.5768727], [120.9680136, 23.5770203], [120.9679208, 23.5770464], [120.9676307, 23.5770517], [120.9673463, 23.5769288], [120.9669926, 23.5770471], [120.966817, 23.5771445], [120.9665236, 23.5771303], [120.9659355, 23.577362], [120.9650938, 23.5773705], [120.9645182, 23.5774053], [120.9641778, 23.5773339], [120.9635206, 23.5772867], [120.9630788, 23.5773381], [120.9628543, 23.5774101], [120.9625051, 23.5773255], [120.9624133, 23.5772254], [120.9623425, 23.5770188], [120.9622546, 23.5768541], [120.9622206, 23.5765176], [120.9619815, 23.5761744], [120.9620313, 23.5759233], [120.9619911, 23.5756852], [120.9619218, 23.5755737], [120.9616488, 23.5753386], [120.961409, 23.5745737], [120.9612619, 23.5743825], [120.9611442, 23.5742809], [120.9609871, 23.5741738], [120.960926, 23.5741375], [120.9605802, 23.5739233], [120.9604624, 23.5738747], [120.9601501, 23.5737823], [120.960061, 23.5737301], [120.9600175, 23.5736832], [120.959931, 23.5734582], [120.9598672, 23.5733765], [120.9597766, 23.573308], [120.959741, 23.5733002], [120.9596598, 23.573336], [120.95963, 23.5733672], [120.9595078, 23.5734067], [120.9594901, 23.5734093], [120.9593725, 23.5734265], [120.959358, 23.5734286], [120.958977, 23.5733884], [120.9589149, 23.5733618], [120.9587149, 23.5732681], [120.958621, 23.5731713], [120.9585345, 23.5731347], [120.9583713, 23.5730356], [120.9582612, 23.5729841], [120.9582096, 23.5729701], [120.9581055, 23.5729663], [120.9578649, 23.5730285], [120.9577459, 23.5730007], [120.9576939, 23.5729701], [120.9576037, 23.5728836], [120.9573342, 23.5726761], [120.9564936, 23.5722858], [120.9561239, 23.5720543], [120.9557015, 23.5717539], [120.9554679, 23.571529], [120.9551786, 23.5710244], [120.955041, 23.5708663], [120.9549008, 23.5706572], [120.9546589, 23.5701442], [120.9544953, 23.5699379], [120.9541989, 23.5697232], [120.9538918, 23.5695402], [120.9536063, 23.5694563], [120.9530975, 23.5694564], [120.9526702, 23.569506], [120.9525371, 23.5694847], [120.9523959, 23.5694235], [120.9522176, 23.5692215], [120.9521199, 23.5689901], [120.9520177, 23.5688894], [120.9517018, 23.5687235], [120.9511192, 23.5682012], [120.9508648, 23.5679183], [120.9506279, 23.5675591], [120.9503582, 23.5672336], [120.9500108, 23.5669078], [120.9498024, 23.5667439], [120.9494787, 23.5662147], [120.9493386, 23.5660433], [120.9492254, 23.5658377], [120.9491285, 23.565722], [120.9489619, 23.5656096], [120.9487991, 23.5655575], [120.9485611, 23.5654522], [120.9482143, 23.5651159], [120.9480566, 23.564842], [120.9479146, 23.5644594], [120.9478095, 23.5642996], [120.9477096, 23.5642235], [120.9475484, 23.5640539], [120.947435, 23.563852], [120.9472983, 23.563769], [120.9467543, 23.5636006], [120.9463289, 23.5634164], [120.9457967, 23.5631302], [120.9456737, 23.5630148], [120.9453533, 23.5626169], [120.9449754, 23.5622313], [120.944854, 23.5620267], [120.9446319, 23.5617748], [120.9442978, 23.5612575], [120.9440087, 23.5610096], [120.9433989, 23.5606931], [120.9429075, 23.560505], [120.9426131, 23.5604431], [120.9419541, 23.5601473], [120.9416705, 23.5599959], [120.9415855, 23.5599505], [120.9412797, 23.5597734], [120.9406021, 23.5594751], [120.940139, 23.5591651], [120.939666, 23.5590591], [120.9393517, 23.558876], [120.9391889, 23.5588595], [120.9388335, 23.5587323], [120.9386147, 23.5586165], [120.9383483, 23.5583841], [120.9381973, 23.5583099], [120.9381129, 23.5582846], [120.9379623, 23.5582395], [120.9378939, 23.5582003], [120.9378266, 23.5581223], [120.9377581, 23.5580428], [120.9376277, 23.5579346], [120.9374481, 23.5578505], [120.937393, 23.5578013], [120.9371648, 23.557714], [120.937072, 23.5576901], [120.9369525, 23.557659], [120.9362278, 23.5576238], [120.9362158, 23.5579376], [120.9360648, 23.5582144], [120.9357979, 23.5585461], [120.935834, 23.5588417], [120.9358608, 23.5594706], [120.9358848, 23.5596602], [120.9353927, 23.5596396], [120.9349864, 23.5598117], [120.934117, 23.5598387], [120.9330503, 23.5598513], [120.9324925, 23.5600549], [120.9319357, 23.5603032], [120.9315321, 23.5603791], [120.9309886, 23.5605478], [120.9309634, 23.5605156], [120.9307795, 23.5605364], [120.9306648, 23.560447], [120.9300897, 23.560848], [120.9295423, 23.5602222], [120.9283716, 23.5599411], [120.9277612, 23.5602067], [120.9272818, 23.5599811], [120.9266633, 23.5597739], [120.9265378, 23.5596811], [120.9263862, 23.5596793], [120.9261727, 23.5596213], [120.9256356, 23.5595292], [120.9255225, 23.559509], [120.9254726, 23.5594633], [120.9251432, 23.5593566], [120.9248198, 23.5596002], [120.9245044, 23.5596983], [120.923993, 23.5603916], [120.9235417, 23.5604434], [120.9232579, 23.5603052], [120.9226964, 23.560073], [120.9226736, 23.5598865], [120.9224258, 23.559642], [120.9222304, 23.5596556], [120.9220216, 23.5597979], [120.9216931, 23.5596644], [120.9216804, 23.5595523], [120.9215781, 23.5593775], [120.9212188, 23.559355], [120.9211192, 23.559431], [120.920933, 23.5593556], [120.9207745, 23.5595335], [120.9205113, 23.5600354], [120.9204572, 23.5600248], [120.9205738, 23.5588129], [120.9205225, 23.5587312], [120.9206161, 23.5585574], [120.9206202, 23.5584042], [120.9205452, 23.5582718], [120.9206377, 23.5580801], [120.9206834, 23.5579118], [120.9202079, 23.5571996], [120.9199312, 23.5570248], [120.9197297, 23.5569431], [120.9195974, 23.5569771], [120.9194606, 23.5569651], [120.919107, 23.556761], [120.9187273, 23.5565817], [120.9184498, 23.5565241], [120.9182217, 23.5565181], [120.9180648, 23.5564862], [120.9178653, 23.5563445], [120.9177031, 23.5563869], [120.9175838, 23.5563735], [120.9172796, 23.5564436], [120.9170489, 23.5563264], [120.9168841, 23.5562977], [120.9167611, 23.5561142], [120.9166598, 23.5560248], [120.9165301, 23.5558489], [120.9163755, 23.5555974], [120.9160754, 23.5555338], [120.9158154, 23.5553964], [120.9156877, 23.5551848], [120.9153169, 23.5549755], [120.9151742, 23.5548689], [120.9146376, 23.5542324], [120.9143394, 23.5534322], [120.9139637, 23.5532461], [120.9137445, 23.5529366], [120.9136104, 23.552798], [120.9134624, 23.5525508], [120.9130354, 23.5525308], [120.912641, 23.5524046], [120.91257, 23.5525175], [120.912461, 23.5523559], [120.912221, 23.5523466], [120.9119802, 23.5521593], [120.9119076, 23.5522062], [120.9118702, 23.5521117], [120.9116456, 23.5520197], [120.9115003, 23.5523081], [120.9113811, 23.5517697], [120.9111921, 23.5518995], [120.9110806, 23.5517854], [120.9108809, 23.5517969], [120.9099469, 23.5502598], [120.909599, 23.5497163], [120.9095561, 23.5493798], [120.9094847, 23.5492885], [120.9092228, 23.5493365], [120.9088188, 23.5493277], [120.9083586, 23.5492581], [120.9080929, 23.5491987], [120.9071673, 23.5488887], [120.9064668, 23.5486752], [120.9046938, 23.5483471], [120.9045005, 23.548191], [120.9041341, 23.5476669], [120.9037876, 23.5474883], [120.9037313, 23.547362], [120.903385, 23.5469382], [120.9030385, 23.5467745], [120.9023051, 23.5466849], [120.9018985, 23.5461756], [120.9017133, 23.545804], [120.9014635, 23.5457889], [120.900684, 23.5459048], [120.8998997, 23.5459885], [120.8997137, 23.5458646], [120.8994003, 23.5456018], [120.8991717, 23.5441118], [120.8992444, 23.5438667], [120.8992165, 23.5433799], [120.8987196, 23.5430373], [120.8981049, 23.5425469], [120.8977306, 23.5418296], [120.8969165, 23.539913], [120.8966575, 23.5397356], [120.8959158, 23.5383322], [120.895505, 23.5380347], [120.8950135, 23.5379304], [120.8946711, 23.5377141], [120.894473, 23.5374567], [120.8942159, 23.5375434], [120.8940064, 23.5373872], [120.893919, 23.5371457], [120.8938214, 23.5369412], [120.8933703, 23.5366809], [120.8925804, 23.5367843], [120.8924031, 23.5367396], [120.8921854, 23.5368732], [120.8920299, 23.5368738], [120.8918473, 23.5367343], [120.8916778, 23.5366425], [120.8907385, 23.5366061], [120.8894415, 23.536496], [120.888669, 23.5360669], [120.8883082, 23.5361151], [120.8878529, 23.536274], [120.887617, 23.5360158], [120.8868907, 23.5354091], [120.8861787, 23.5349267], [120.8854795, 23.5346365], [120.8847689, 23.5342782], [120.8843259, 23.5340104], [120.8839314, 23.5335493], [120.8833564, 23.5332795], [120.8830832, 23.5331845], [120.8828979, 23.5330299], [120.8823838, 23.5325109], [120.8817384, 23.5314733], [120.880398, 23.5304343], [120.8799088, 23.5300871], [120.879568, 23.5297724], [120.8783948, 23.5288843], [120.8779626, 23.528516], [120.8777085, 23.5283972], [120.8775772, 23.5279889], [120.8773545, 23.5275459], [120.877165, 23.5272438], [120.8766629, 23.5268075], [120.8765139, 23.5261454], [120.8763498, 23.5257011], [120.8758745, 23.5252732], [120.8756713, 23.5250138], [120.8740836, 23.5241601], [120.8736285, 23.5238705], [120.873109, 23.5235083], [120.8728296, 23.5232416], [120.8724382, 23.5228058], [120.8708551, 23.5214957], [120.8702014, 23.5206623], [120.8699543, 23.5204317], [120.868855, 23.5186903], [120.8677303, 23.5156635], [120.8674522, 23.514238], [120.8671889, 23.5128009], [120.8665049, 23.5118973], [120.8656268, 23.5110205], [120.8645547, 23.5088381], [120.864267, 23.5086659], [120.8641748, 23.5085654], [120.8639527, 23.5083849], [120.8627402, 23.5071312], [120.8615541, 23.5061219], [120.8613336, 23.5059579], [120.861106, 23.5058439], [120.8609494, 23.5058067], [120.8607822, 23.5056685], [120.8607131, 23.5050193], [120.8604967, 23.5044986], [120.8603731, 23.5038669], [120.8603677, 23.5029768], [120.8605382, 23.5023951], [120.860574, 23.5021371], [120.8607304, 23.501729], [120.8607179, 23.50157], [120.8610482, 23.5009784], [120.8609123, 23.5003533], [120.8608234, 23.5001103], [120.8605878, 23.4998829], [120.860217, 23.4989468], [120.8603134, 23.4982009], [120.8604567, 23.4976386], [120.8605602, 23.4973707], [120.8608411, 23.4968852], [120.8615965, 23.4963801], [120.8619806, 23.4961768], [120.8623325, 23.495849], [120.8627588, 23.4949298], [120.8629816, 23.4943248], [120.865126, 23.4931482], [120.865584, 23.4926302], [120.8658746, 23.4918957], [120.8661198, 23.491032], [120.8666436, 23.4899294], [120.8670278, 23.4893541], [120.8671724, 23.488919], [120.8677567, 23.4854486], [120.86772, 23.4848171], [120.8676101, 23.4842718], [120.8676235, 23.483577], [120.8682957, 23.4823269], [120.8685093, 23.4809003], [120.8684477, 23.4797968], [120.868513, 23.4785814], [120.8680849, 23.4775798], [120.8683001, 23.4769672], [120.8683006, 23.4768175], [120.8681628, 23.4763928], [120.8681264, 23.4759518], [120.8680227, 23.4756944], [120.8677757, 23.4753515], [120.8676733, 23.4751022], [120.8676462, 23.4742928], [120.8674896, 23.4735909], [120.8672518, 23.4729824], [120.8671869, 23.4728745], [120.867034, 23.4727343], [120.866946, 23.472476], [120.8671188, 23.4722943], [120.8672461, 23.471964], [120.8673891, 23.4718043], [120.867772, 23.4711145], [120.8681347, 23.4710017], [120.8689463, 23.4705699], [120.8696153, 23.4699695], [120.8701237, 23.4700086], [120.8703999, 23.4699177], [120.8707368, 23.4700795], [120.8710181, 23.4698775], [120.8716182, 23.4696663], [120.8723251, 23.4694854], [120.8731096, 23.4686891], [120.8732412, 23.4686996], [120.8739839, 23.4687586], [120.8743557, 23.4685724], [120.8750072, 23.4686438], [120.8755055, 23.4682867], [120.8766943, 23.4678968], [120.8777493, 23.4679554], [120.8781685, 23.4677882], [120.8785132, 23.4678944], [120.8788977, 23.4677235], [120.8794154, 23.4676983], [120.8801793, 23.4674405], [120.8804107, 23.4675681], [120.8804152, 23.4675569], [120.8804632, 23.4674377], [120.8803451, 23.4671117], [120.8804033, 23.4667945], [120.8801185, 23.4666333], [120.8799663, 23.466506], [120.8798623, 23.466378], [120.8797782, 23.4661344], [120.8798069, 23.4658497], [120.8799338, 23.4656688], [120.8798429, 23.4652414], [120.879824, 23.4649554], [120.8799216, 23.4644743], [120.8800482, 23.464176], [120.8803165, 23.4637826], [120.8806286, 23.4631951], [120.8809136, 23.4628973], [120.8813959, 23.4624666], [120.8817607, 23.4616852], [120.8817131, 23.4612822], [120.8816216, 23.4608677], [120.8816103, 23.4602762], [120.8817322, 23.4600499], [120.8819621, 23.4599132], [120.882592, 23.459197], [120.8825762, 23.4587006], [120.8826742, 23.4584217], [120.8828108, 23.4582375], [120.8827649, 23.4579362], [120.8828859, 23.4574911], [120.8828953, 23.4572788], [120.8828797, 23.4569222], [120.8828104, 23.4566787], [120.8826858, 23.4564848], [120.8825302, 23.4563087], [120.8826222, 23.4557269], [120.8828852, 23.4549914], [120.8828637, 23.4546385], [120.8827751, 23.4542716], [120.8827842, 23.4539468], [120.8829361, 23.4536928], [120.8830491, 23.4532928], [120.8830683, 23.4530072], [120.8834021, 23.45228], [120.8835507, 23.4520969], [120.8839197, 23.4519058], [120.8843504, 23.4516053], [120.884439, 23.4513645], [120.8844767, 23.4507608], [120.8847124, 23.4502689], [120.8848742, 23.4495154], [120.8850232, 23.4490741], [120.8851545, 23.448104], [120.8852685, 23.4476292], [120.885183, 23.4473635], [120.8851604, 23.4469664], [120.8851985, 23.4464456], [120.8851966, 23.4459549], [120.8852614, 23.4454669], [120.8853528, 23.4452315], [120.8855106, 23.4450492], [120.885634, 23.4448504], [120.8857538, 23.4445019], [120.885973, 23.4431425], [120.8861689, 23.4417995], [120.8862461, 23.4416501], [120.886519, 23.4414631], [120.8867426, 23.4412178], [120.8875629, 23.4395915], [120.8877316, 23.4393975], [120.8879253, 23.4390877], [120.8882468, 23.4386885], [120.8882516, 23.4386814], [120.8882217, 23.438621], [120.8882536, 23.4383182], [120.88815, 23.4375877], [120.8880938, 23.4375318], [120.8879136, 23.4374313], [120.887841, 23.4373632], [120.8877453, 23.4371833], [120.8876761, 23.4371259], [120.8873173, 23.4369884], [120.8872373, 23.4369213], [120.8870702, 23.4367058], [120.8869557, 23.4364807], [120.8867382, 23.4354441], [120.8872262, 23.4353458], [120.8874958, 23.4353665], [120.887783, 23.4353286], [120.8876884, 23.4349363], [120.8874195, 23.4344041], [120.8872249, 23.4339283], [120.8872077, 23.4337458], [120.8871951, 23.4332333], [120.8872704, 23.4322081], [120.8871416, 23.4318732], [120.8870589, 23.4314736], [120.887071, 23.4311352], [120.8871177, 23.4308458], [120.8874254, 23.4300853], [120.8874537, 23.4296909], [120.8874406, 23.4295208], [120.8870619, 23.4287018], [120.8867655, 23.4277468], [120.8861666, 23.4268753], [120.8855551, 23.4259306], [120.8853516, 23.4255934], [120.88526, 23.4253787], [120.8852014, 23.4251566], [120.8853314, 23.4247493], [120.8854627, 23.4245267], [120.8856407, 23.4243094], [120.8859366, 23.4240232], [120.8860915, 23.423939], [120.8863701, 23.4236549], [120.8867799, 23.4233679], [120.8872261, 23.4222982], [120.8876292, 23.4215869], [120.8878638, 23.4212642], [120.8879549, 23.4209502], [120.8880056, 23.420655], [120.8883042, 23.4201951], [120.8883442, 23.4199184], [120.8885711, 23.4195145], [120.8888888, 23.4186426], [120.8892187, 23.417884], [120.8896042, 23.4172319], [120.8896194, 23.4167979], [120.8897226, 23.4165696], [120.8898378, 23.416435], [120.8898588, 23.416326], [120.8897823, 23.4159351], [120.889841, 23.4154238], [120.8898962, 23.4150693], [120.8914679, 23.412478], [120.8921952, 23.4114912], [120.892528, 23.4111793], [120.8926825, 23.4097568], [120.8926776, 23.4094588], [120.8925824, 23.4087974], [120.8924238, 23.4082914], [120.8922743, 23.4074644], [120.8922884, 23.4071479], [120.8924122, 23.406887], [120.8924858, 23.4067765], [120.8926581, 23.4066137], [120.893257, 23.406195], [120.8933288, 23.4059942], [120.8933653, 23.4056139], [120.8935642, 23.4049434], [120.8947102, 23.4040316], [120.8955383, 23.4036511], [120.8961238, 23.4033823], [120.8963412, 23.403259], [120.8964173, 23.403189], [120.89653, 23.4028878], [120.8967477, 23.4026514], [120.8969985, 23.4024893], [120.8973632, 23.4022909], [120.898122, 23.4017721], [120.8980703, 23.4016364], [120.8980188, 23.4010869], [120.8978708, 23.4007257], [120.8978114, 23.4001426], [120.8980729, 23.3993522], [120.8981353, 23.3989402], [120.8981711, 23.3985771], [120.8983595, 23.3979144], [120.898197, 23.3963535], [120.8980273, 23.3960299], [120.8975612, 23.3957214], [120.8974698, 23.3956239], [120.897271, 23.3953321], [120.8971499, 23.3949765], [120.8971134, 23.3947465], [120.897479, 23.3945853], [120.8975371, 23.3945216], [120.8975429, 23.3941197], [120.8974208, 23.3936558], [120.896937, 23.3928306], [120.8967128, 23.3923931], [120.8966088, 23.3922812], [120.8964369, 23.392233], [120.8963329, 23.392103], [120.8959582, 23.3913613], [120.8955606, 23.3912654], [120.8953672, 23.3910322], [120.8952581, 23.3908419], [120.8950166, 23.3902452], [120.8950346, 23.3900915], [120.8951365, 23.3899867], [120.895125, 23.3898243], [120.8950449, 23.3896488], [120.894635, 23.3891456], [120.89483, 23.3887206], [120.8950896, 23.3882928], [120.8954426, 23.3877852], [120.8955954, 23.3873954], [120.8959041, 23.3869323], [120.8959416, 23.3867558], [120.8966866, 23.3858508], [120.8971041, 23.385477], [120.8973993, 23.3851312], [120.8973925, 23.3849416], [120.8974479, 23.3848552], [120.8975999, 23.3847255], [120.8978444, 23.3845945], [120.8980138, 23.3843944], [120.8983769, 23.3834927], [120.8985467, 23.3833332], [120.8988606, 23.3828879], [120.8990325, 23.3824584], [120.8991359, 23.382374], [120.8992145, 23.3821975], [120.8992689, 23.3821033], [120.8996527, 23.3817929], [120.8998875, 23.3817728], [120.9000092, 23.3817041], [120.9000721, 23.3816267], [120.9001616, 23.3812783], [120.9002345, 23.3812234], [120.9004799, 23.3812709], [120.9006167, 23.3812471], [120.9009608, 23.3803908], [120.9012851, 23.3798735], [120.9004659, 23.3798804], [120.900313, 23.3798596], [120.9000731, 23.3797709], [120.8998639, 23.3794205], [120.8995771, 23.3786375], [120.8992426, 23.3779992], [120.899224, 23.3773446], [120.8991262, 23.3764244], [120.8990034, 23.3756495], [120.8989722, 23.3749493], [120.8989074, 23.3748414], [120.8988433, 23.3741795], [120.8985596, 23.3732284], [120.8984234, 23.3723843], [120.8984374, 23.3710614], [120.8984014, 23.3706507], [120.8981689, 23.3700916], [120.8983386, 23.3696938], [120.8984778, 23.3690296], [120.8985845, 23.3687855], [120.8986774, 23.3686655], [120.8988284, 23.3685408], [120.899236, 23.36765], [120.8994234, 23.366787], [120.8991374, 23.366323], [120.8988978, 23.3652538], [120.8984483, 23.3643524], [120.8981763, 23.3636448], [120.8980022, 23.3630762], [120.8979134, 23.3629456], [120.8977613, 23.3628694], [120.8972547, 23.3623519], [120.8969699, 23.3621767], [120.8963682, 23.3611404], [120.896205, 23.3607662], [120.8961592, 23.3603736], [120.896036, 23.3601979], [120.8957443, 23.3595398], [120.8955945, 23.3588269], [120.8953083, 23.3583087], [120.8951446, 23.3581693], [120.8948807, 23.3579445], [120.8946833, 23.357602], [120.8945293, 23.3570743], [120.8942083, 23.3564071], [120.8940556, 23.3562271], [120.894008, 23.3560353], [120.893966, 23.3558662], [120.8936946, 23.3553704], [120.893385, 23.3551232], [120.8929387, 23.3549578], [120.8923886, 23.3545442], [120.8922611, 23.354513], [120.8920848, 23.3545181], [120.8918403, 23.3546002], [120.8916253, 23.3547319], [120.8914101, 23.3547687], [120.8909899, 23.3550094], [120.89076, 23.3550643], [120.8906665, 23.3549382], [120.8906703, 23.354708], [120.890652, 23.3546308], [120.890562, 23.3545639], [120.8904561, 23.3545374], [120.8901326, 23.3545693], [120.8900184, 23.3545566], [120.889396, 23.3544278], [120.8888849, 23.3540005], [120.8886387, 23.3536718], [120.8886235, 23.3536782], [120.8882379, 23.3538402], [120.8879343, 23.3538728], [120.8877498, 23.3538654], [120.8873465, 23.3538025], [120.8869252, 23.3536512], [120.8867137, 23.3535473], [120.8865814, 23.3535433], [120.8862684, 23.3536436], [120.886014, 23.353674], [120.8858866, 23.3536584], [120.8856462, 23.3535599], [120.8855311, 23.3534781], [120.8854985, 23.3533889], [120.8850386, 23.3533355], [120.8844588, 23.3529905], [120.8843843, 23.3527424], [120.8841821, 23.3523909], [120.8841513, 23.3520524], [120.8840624, 23.3518766], [120.8836358, 23.3514439], [120.8835606, 23.3513026], [120.8830975, 23.3508376], [120.8826603, 23.3506762], [120.8824707, 23.350521], [120.882417, 23.3498379], [120.8823656, 23.3495047], [120.8820718, 23.3486916], [120.8819394, 23.3480746], [120.8815204, 23.3475555], [120.8814202, 23.3472339], [120.881261, 23.3469392], [120.8810776, 23.3467899], [120.8809947, 23.3466762], [120.8803472, 23.3462187], [120.8800587, 23.3457262], [120.8799668, 23.3453752], [120.8799044, 23.3452431], [120.8797468, 23.3450444], [120.879483, 23.3449106], [120.8792939, 23.3448718], [120.8788518, 23.3446598], [120.8787404, 23.3445711], [120.8785879, 23.3443887], [120.8785001, 23.34419], [120.8782961, 23.3440085], [120.8781777, 23.3438262], [120.8780162, 23.3436883], [120.877845, 23.3435707], [120.8776247, 23.3435523], [120.8775221, 23.343489], [120.8772141, 23.3430061], [120.8767963, 23.342453], [120.8765809, 23.3423217], [120.8765028, 23.3421997], [120.876369, 23.3420836], [120.8761848, 23.341969], [120.876043, 23.3417521], [120.8759845, 23.3415443], [120.8757746, 23.3411467], [120.8752878, 23.3408214], [120.875214, 23.3407464], [120.8751069, 23.3404479], [120.8751183, 23.3403044], [120.8749928, 23.3399492], [120.874895, 23.339809], [120.874621, 23.3396642], [120.8741889, 23.3395459], [120.8740044, 23.3394912], [120.8738866, 23.3394238], [120.8734798, 23.3396264], [120.8733669, 23.3397345], [120.873161, 23.3399735], [120.8730135, 23.3402668], [120.8728371, 23.3403252], [120.8721415, 23.3403783], [120.872014, 23.3404414], [120.87173, 23.3404545], [120.8716535, 23.340514], [120.8710046, 23.3407559], [120.8708744, 23.3407532], [120.8706193, 23.3407076], [120.870373, 23.3406331], [120.870324, 23.3406601], [120.8703041, 23.3408452], [120.8702501, 23.3409308], [120.8701067, 23.3410197], [120.8699118, 23.3410974], [120.8696964, 23.3410655], [120.8693293, 23.3409294], [120.8685361, 23.3407702], [120.8682081, 23.3406388], [120.8678242, 23.3405527], [120.8675827, 23.3404571], [120.8670233, 23.3403301], [120.8668993, 23.3403295], [120.866362, 23.3404329], [120.8661384, 23.3404138], [120.8658281, 23.3404366], [120.8653674, 23.3405894], [120.8650194, 23.3407604], [120.8648514, 23.3407646], [120.8646472, 23.3407192], [120.8643484, 23.3407729], [120.8641201, 23.3408534], [120.8638354, 23.3409081], [120.8634618, 23.3410539], [120.8632272, 23.3410676], [120.8627117, 23.3412444], [120.8622561, 23.3413069], [120.8619522, 23.3414599], [120.8612202, 23.341669], [120.861124, 23.3416754], [120.8608216, 23.3418307], [120.860751, 23.3419013], [120.8603613, 23.3420857], [120.8600702, 23.3420981], [120.8599195, 23.3420357], [120.8597168, 23.3418968], [120.8594343, 23.341792], [120.8587147, 23.3414097], [120.8579943, 23.3411899], [120.8574702, 23.3410864], [120.8569946, 23.3408922], [120.8566966, 23.3407967], [120.8564342, 23.340776], [120.856202, 23.3408076], [120.8559964, 23.3409513], [120.8556827, 23.3409577], [120.8554086, 23.3408624], [120.855262, 23.3407627], [120.8548853, 23.3406175], [120.8547371, 23.3404616], [120.8545486, 23.3403505], [120.8545745, 23.3401204], [120.8542171, 23.3397404], [120.8536692, 23.3395362], [120.8533156, 23.3395026], [120.8531994, 23.3394525], [120.8525188, 23.3393849], [120.8522547, 23.3392851], [120.8520054, 23.3390995], [120.8517128, 23.3386293], [120.8515342, 23.3385048], [120.8513512, 23.3383171], [120.8509992, 23.3380952], [120.8508348, 23.338031], [120.850603, 23.3379319], [120.8505053, 23.3378414], [120.8502021, 23.3376964], [120.849781, 23.3376819], [120.8495888, 23.3376187], [120.8493209, 23.3375908], [120.8487922, 23.3375762], [120.8483806, 23.3377154], [120.8479351, 23.3376874], [120.8473815, 23.3378398], [120.8468848, 23.3377804], [120.8466319, 23.3377166], [120.8463039, 23.3377143], [120.8459007, 23.3376346], [120.845541, 23.3375924], [120.8447919, 23.3375684], [120.8444933, 23.3375181], [120.8438915, 23.3375321], [120.8434994, 23.3375072], [120.8432548, 23.3374209], [120.842691, 23.3368829], [120.8424929, 23.3366519], [120.842053, 23.3363394], [120.8419111, 23.3362895], [120.8414166, 23.3362658], [120.8412057, 23.3362382], [120.8408833, 23.3361565], [120.8405793, 23.3361653], [120.8403055, 23.3361598], [120.8399826, 23.3360464], [120.8395861, 23.3360049], [120.8389451, 23.3358456], [120.8387445, 23.3357548], [120.8385927, 23.3357771], [120.8383947, 23.335917], [120.8382102, 23.3359976], [120.8379703, 23.3360151], [120.8370159, 23.3358643], [120.8363598, 23.3358313], [120.8357431, 23.3357398], [120.8356014, 23.3356537], [120.8351229, 23.3351155], [120.8346636, 23.3347714], [120.834513, 23.3347233], [120.8342036, 23.3346711], [120.8337041, 23.3346611], [120.8334303, 23.3345295], [120.8332105, 23.3343213], [120.8330983, 23.3342723], [120.832809, 23.3341083], [120.8325269, 23.3339885], [120.8313383, 23.3338558], [120.8315101, 23.333612], [120.8315475, 23.3333998], [120.8312457, 23.3324263], [120.8310036, 23.3321159], [120.8307843, 23.3316845], [120.8304132, 23.3313091], [120.8303137, 23.3311386], [120.8302179, 23.3308189], [120.830223, 23.3302455], [120.830118, 23.3299843], [120.8296571, 23.3294512], [120.8292405, 23.3292291], [120.8290521, 23.3289848], [120.8289264, 23.327956], [120.8286999, 23.327813], [120.8280274, 23.3270003], [120.8276037, 23.3266692], [120.8275004, 23.3266247], [120.8268303, 23.3267105], [120.8265787, 23.3267139], [120.8263746, 23.3266776], [120.8258976, 23.3264279], [120.8256966, 23.3263932], [120.8254068, 23.3262732], [120.8252685, 23.3261252], [120.824961, 23.3256351], [120.8248337, 23.3252924], [120.824755, 23.3249817], [120.8247395, 23.3248824]]]}}, {"type": "Feature", "properties": {"name": "陽明山國家公園", "source": "OpenStreetMap", "osm_type": "relation", "osm_id": 3518719}, "geometry": {"type": "Polygon", "coordinates": [[[121.4846946, 25.1728067], [121.4849128, 25.1728708], [121.4851277, 25.1729064], [121.4852829, 25.1729096], [121.4853272, 25.1728881], [121.4854729, 25.1729007], [121.4857487, 25.1728341], [121.4860252, 25.1727346], [121.4860899, 25.1727205], [121.4863631, 25.1727535], [121.4866497, 25.1728582], [121.4866546, 25.1728608], [121.4869908, 25.1729925], [121.4869956, 25.1729974], [121.4871155, 25.1730827], [121.4876042, 25.1724992], [121.4884657, 25.1728041], [121.4883034, 25.1733176], [121.4883262, 25.1733212], [121.4883611, 25.173311], [121.4883941, 25.1733224], [121.48862, 25.1733232], [121.4888663, 25.1733536], [121.4895639, 25.1729973], [121.4896095, 25.1724162], [121.4887301, 25.1721195], [121.4887829, 25.1718234], [121.4879302, 25.1714128], [121.4869799, 25.1722491], [121.4854712, 25.1713177], [121.4857568, 25.1709227], [121.4857943, 25.1709727], [121.4858558, 25.1709799], [121.485997, 25.1711125], [121.4860685, 25.1711688], [121.4860711, 25.1711741], [121.4862067, 25.1709199], [121.4862039, 25.1709152], [121.4861116, 25.1708277], [121.4861399, 25.1706134], [121.4864455, 25.1702944], [121.4865305, 25.1702198], [121.4865956, 25.17017], [121.4866636, 25.1701237], [121.4867344, 25.170081], [121.4868067, 25.1700425], [121.4868793, 25.1700087], [121.4869538, 25.1699785], [121.4870301, 25.169952], [121.4871077, 25.1699294], [121.4871867, 25.1699106], [121.4875361, 25.1697359], [121.4877509, 25.1696044], [121.4879048, 25.1693845], [121.4880542, 25.1690794], [121.4881518, 25.1687666], [121.4881721, 25.1686934], [121.4881934, 25.1685626], [121.488202, 25.1684915], [121.48817, 25.1684283], [121.4881105, 25.1683638], [121.4880075, 25.1683001], [121.4878998, 25.1682443], [121.4878996, 25.1682442], [121.4877432, 25.1681586], [121.4887184, 25.1667857], [121.4892476, 25.1660246], [121.4895606, 25.1661362], [121.4898246, 25.166279], [121.4901648, 25.166481], [121.4901893, 25.1664279], [121.490231, 25.1663612], [121.4902822, 25.1663002], [121.4903421, 25.1662462], [121.4904096, 25.1662001], [121.490484, 25.1661626], [121.4905638, 25.1661346], [121.4906464, 25.1661171], [121.4907302, 25.1661101], [121.4908142, 25.1661136], [121.4908968, 25.1661274], [121.4909767, 25.1661514], [121.4910523, 25.1661849], [121.4911221, 25.1662275], [121.4911953, 25.1662882], [121.4912513, 25.1663517], [121.4913163, 25.1664067], [121.4913849, 25.1664501], [121.4914593, 25.1664847], [121.4915363, 25.1665093], [121.4918059, 25.1665172], [121.4918323, 25.1665111], [121.4918857, 25.166567], [121.492089, 25.1664783], [121.4922827, 25.1663938], [121.4926648, 25.1662979], [121.4928393, 25.1662195], [121.4928589, 25.1662676], [121.4930248, 25.1661924], [121.4929659, 25.1660764], [121.4931579, 25.166013], [121.4932966, 25.1659191], [121.4934779, 25.1657964], [121.4935525, 25.1657624], [121.4937333, 25.1657583], [121.493695, 25.1657306], [121.493553, 25.1656281], [121.4934743, 25.1655785], [121.4934176, 25.1655181], [121.4932478, 25.1653696], [121.4932529, 25.1653646], [121.4934364, 25.1652459], [121.4937104, 25.1651002], [121.4938191, 25.1650218], [121.4937951, 25.1649939], [121.4938053, 25.1648889], [121.4941802, 25.1651612], [121.4943604, 25.1649266], [121.4942651, 25.164661], [121.4943125, 25.1646561], [121.4943205, 25.1645328], [121.4943652, 25.164525], [121.4943629, 25.1644818], [121.4943603, 25.164432], [121.4943386, 25.1644172], [121.4943446, 25.1643854], [121.4942085, 25.1643331], [121.4940306, 25.164228], [121.4938108, 25.1641521], [121.4937303, 25.1641486], [121.4936202, 25.1641807], [121.4934507, 25.164139], [121.4933091, 25.1640529], [121.493224, 25.1640339], [121.493017, 25.1640227], [121.4928547, 25.1640027], [121.4927491, 25.1639696], [121.4923712, 25.1637756], [121.492126, 25.1636666], [121.4920428, 25.1636426], [121.4919486, 25.1635877], [121.4915766, 25.1632962], [121.4914938, 25.1632499], [121.4923632, 25.162416], [121.4940851, 25.1607918], [121.4940977, 25.16078], [121.4952894, 25.1596559], [121.4955327, 25.1594264], [121.4961859, 25.1588103], [121.4981093, 25.1567379], [121.4995366, 25.1556495], [121.5010055, 25.1542636], [121.5024297, 25.15292], [121.5038842, 25.1515478], [121.5054144, 25.1501041], [121.5066368, 25.1500298], [121.5066364, 25.1500852], [121.5066, 25.1501217], [121.5066735, 25.150224], [121.5067479, 25.1501818], [121.506736, 25.1501659], [121.5068037, 25.1501513], [121.5069726, 25.1500866], [121.5070106, 25.150212], [121.5072414, 25.1501536], [121.5071913, 25.1501018], [121.5071814, 25.1499968], [121.5093508, 25.149865], [121.5151068, 25.1506986], [121.5151169, 25.1508506], [121.515082, 25.1509934], [121.5152117, 25.1511129], [121.5153501, 25.1513576], [121.5155044, 25.151265], [121.5155468, 25.1507623], [121.5213918, 25.1516085], [121.5215449, 25.1460396], [121.5190712, 25.1449107], [121.5162738, 25.143634], [121.5157051, 25.1426678], [121.51572, 25.1426738], [121.5157619, 25.1426748], [121.5158001, 25.1426595], [121.5158157, 25.1426333], [121.5158169, 25.1425767], [121.515798, 25.1425049], [121.515639, 25.1421837], [121.51547, 25.1418514], [121.5158658, 25.1416503], [121.5157689, 25.1414732], [121.5155822, 25.1411823], [121.5149034, 25.1405863], [121.5144457, 25.1400546], [121.5140762, 25.1397094], [121.5140333, 25.1396384], [121.5140126, 25.1395596], [121.5140155, 25.1394786], [121.5140552, 25.1392751], [121.5140395, 25.138755], [121.5140872, 25.1386511], [121.5142732, 25.1385519], [121.5149657, 25.1382683], [121.5151027, 25.1380727], [121.5158048, 25.137745], [121.5186201, 25.1390391], [121.5210414, 25.140152], [121.5233719, 25.1412228], [121.5263387, 25.1425866], [121.5264918, 25.1425865], [121.5266722, 25.1424995], [121.5266954, 25.1424965], [121.526722, 25.142503], [121.5268677, 25.1425861], [121.5274545, 25.1425854], [121.5275624, 25.1425803], [121.5295345, 25.1424869], [121.5324167, 25.1423503], [121.5365842, 25.1421527], [121.5384165, 25.1420657], [121.5414374, 25.1419224], [121.5443889, 25.1417823], [121.5457459, 25.1417178], [121.5467668, 25.1430985], [121.5471397, 25.1436067], [121.5488197, 25.1445222], [121.549431, 25.1448885], [121.5497061, 25.1449507], [121.5496672, 25.1446984], [121.5497227, 25.1447001], [121.550019, 25.1445839], [121.5501699, 25.1443811], [121.5500896, 25.1442702], [121.5505611, 25.1421599], [121.5546313, 25.1430311], [121.5570393, 25.1435464], [121.5575125, 25.1436477], [121.5608969, 25.1443719], [121.5646736, 25.1451799], [121.566731, 25.1456201], [121.568901, 25.1460843], [121.5689196, 25.146159], [121.5689396, 25.1461832], [121.5689696, 25.1461724], [121.5690623, 25.1463337], [121.5690342, 25.1464164], [121.5690411, 25.1464778], [121.5691568, 25.1465541], [121.5692271, 25.1463923], [121.5693599, 25.146233], [121.5696428, 25.1461397], [121.5699611, 25.1461746], [121.5700643, 25.1460385], [121.5700385, 25.1460194], [121.5699841, 25.1459551], [121.5698464, 25.1458508], [121.570062, 25.1457973], [121.5704309, 25.1458816], [121.5708141, 25.1459824], [121.570879, 25.1459924], [121.5709459, 25.1459779], [121.5709976, 25.1460125], [121.5710388, 25.1460622], [121.5711191, 25.1461251], [121.5711907, 25.1461529], [121.5713764, 25.1461846], [121.5715049, 25.146171], [121.5715689, 25.1461098], [121.571714, 25.146144], [121.5717549, 25.1458939], [121.5717415, 25.1457144], [121.5716983, 25.145635], [121.5713788, 25.1454716], [121.5786231, 25.1436877], [121.5814561, 25.1346769], [121.5810495, 25.1335694], [121.5810976, 25.1335671], [121.5811083, 25.1335186], [121.581183, 25.1335016], [121.5815034, 25.1333866], [121.5815354, 25.1333651], [121.5816477, 25.1334156], [121.5816632, 25.1334406], [121.5818971, 25.1333369], [121.5821674, 25.1332414], [121.5820831, 25.1331123], [121.5820185, 25.1329737], [121.5819116, 25.132791], [121.5818265, 25.1328412], [121.5816569, 25.1325091], [121.5814626, 25.1322176], [121.5811425, 25.1324126], [121.5808822, 25.1325927], [121.5807371, 25.1327074], [121.5804255, 25.1318541], [121.579306, 25.1303904], [121.5778483, 25.1284844], [121.5778058, 25.1263584], [121.577392, 25.1241889], [121.5777045, 25.1226834], [121.577873, 25.1226134], [121.5778857, 25.1225809], [121.5778086, 25.1223592], [121.5778147, 25.1222272], [121.5779067, 25.1222211], [121.5780695, 25.1222012], [121.5782108, 25.1221636], [121.57831, 25.1221311], [121.5783526, 25.1221169], [121.578422, 25.1220776], [121.5785709, 25.121959], [121.5787199, 25.1218174], [121.5788841, 25.1216709], [121.581135, 25.1210488], [121.5816629, 25.1210288], [121.5816712, 25.1209983], [121.5817757, 25.1210369], [121.5819567, 25.1210854], [121.5819878, 25.1211813], [121.5821258, 25.1212515], [121.5821577, 25.1212354], [121.582269, 25.1212812], [121.5823573, 25.1211653], [121.5824548, 25.1209961], [121.5825205, 25.1206635], [121.5847318, 25.1200541], [121.5875589, 25.1192704], [121.5895202, 25.1187268], [121.5944552, 25.1173586], [121.597346, 25.1165571], [121.5983234, 25.1188154], [121.5986564, 25.1198993], [121.5990508, 25.1203515], [121.5998673, 25.120519], [121.6001491, 25.1212854], [121.6006989, 25.1220595], [121.6016101, 25.1257879], [121.6041639, 25.1258379], [121.604961, 25.1269369], [121.6075432, 25.1292052], [121.6078558, 25.1302389], [121.6079866, 25.1306715], [121.6086901, 25.1322901], [121.6106302, 25.132765], [121.6116562, 25.1338458], [121.6136084, 25.1350492], [121.615552, 25.1366615], [121.6169475, 25.1387827], [121.6185513, 25.1383854], [121.6198768, 25.1385961], [121.6219974, 25.1398431], [121.6240081, 25.1401067], [121.6258971, 25.1395682], [121.6268826, 25.1397493], [121.6278367, 25.140668], [121.6293059, 25.1417605], [121.6309692, 25.1426012], [121.632178, 25.1427104], [121.6331413, 25.1432919], [121.6316661, 25.1492751], [121.6277856, 25.1489355], [121.6251859, 25.1485773], [121.6242528, 25.1483857], [121.6242513, 25.1483884], [121.6216209, 25.1531915], [121.6241104, 25.1576143], [121.625386, 25.1598804], [121.6280655, 25.1646466], [121.6257074, 25.1681914], [121.6226251, 25.1728156], [121.6217486, 25.174135], [121.6206928, 25.175607], [121.6201116, 25.1759442], [121.6191322, 25.1777887], [121.6186666, 25.1794654], [121.6171157, 25.1809781], [121.6149912, 25.1843436], [121.6156079, 25.1886306], [121.6112612, 25.1881831], [121.6062718, 25.1904303], [121.5981737, 25.1940696], [121.5976286, 25.1951271], [121.5969904, 25.1960332], [121.5959573, 25.1977682], [121.5940551, 25.2003738], [121.5938428, 25.2004044], [121.5928457, 25.2005482], [121.5910411, 25.2008093], [121.5926787, 25.2118861], [121.6008107, 25.2189293], [121.60069, 25.2190487], [121.6006736, 25.2191525], [121.6007537, 25.2191862], [121.6006165, 25.2194115], [121.6003934, 25.2194292], [121.6001116, 25.2194025], [121.6001914, 25.2195286], [121.6003315, 25.2197633], [121.6006307, 25.2198134], [121.600757, 25.219883], [121.6008311, 25.2199681], [121.6012093, 25.2202404], [121.6016636, 25.2239606], [121.5991012, 25.2246903], [121.5967272, 25.2258123], [121.5890805, 25.228671], [121.5885735, 25.233872], [121.5889082, 25.2378095], [121.5849281, 25.2383099], [121.5811397, 25.2387861], [121.5796612, 25.2449874], [121.5746564, 25.244976], [121.5668078, 25.2448927], [121.5590729, 25.2450922], [121.5561692, 25.2442509], [121.5506526, 25.2426524], [121.5480685, 25.2406729], [121.5475011, 25.2402383], [121.5474878, 25.2402282], [121.5433546, 25.237063], [121.5434353, 25.2334069], [121.5447704, 25.2265411], [121.5434619, 25.2229352], [121.5386133, 25.219088], [121.5347893, 25.2160211], [121.5313043, 25.2168116], [121.5297926, 25.2151156], [121.5290925, 25.2143301], [121.5280563, 25.2131676], [121.5268213, 25.2117818], [121.5257144, 25.2105398], [121.5254795, 25.2102764], [121.5253953, 25.2103373], [121.5249766, 25.2098216], [121.5248852, 25.2097062], [121.5248765, 25.2096615], [121.5249029, 25.2096244], [121.5239248, 25.2085327], [121.5208723, 25.2081247], [121.5189683, 25.2070093], [121.5164781, 25.2055446], [121.5140435, 25.2041205], [121.5118103, 25.2036377], [121.5092007, 25.2029051], [121.5068574, 25.2024269], [121.5063912, 25.2014181], [121.5060261, 25.2006281], [121.5055794, 25.1996617], [121.5045068, 25.1973695], [121.5042431, 25.1968081], [121.5033836, 25.1949785], [121.5033757, 25.1949698], [121.5021213, 25.1935927], [121.5007755, 25.1921172], [121.4992525, 25.1904456], [121.4975696, 25.1886058], [121.4975904, 25.1885562], [121.4976344, 25.1884588], [121.4976551, 25.1884146], [121.4976633, 25.1883831], [121.4976673, 25.1883455], [121.4976753, 25.1882921], [121.4976786, 25.1882005], [121.4976798, 25.1881492], [121.4976829, 25.1880904], [121.4976922, 25.1880428], [121.4977215, 25.1880138], [121.4977464, 25.1880027], [121.4977755, 25.187996], [121.497818, 25.1880066], [121.4978559, 25.1880424], [121.4978756, 25.1880732], [121.4978934, 25.1881199], [121.4979107, 25.1881743], [121.4979212, 25.1882072], [121.4979405, 25.1882626], [121.4979698, 25.1883093], [121.4980126, 25.1883446], [121.4980648, 25.1883588], [121.4981049, 25.1883578], [121.4981571, 25.1883453], [121.4981816, 25.1883344], [121.4982199, 25.1883083], [121.4982476, 25.1882839], [121.4982709, 25.1882634], [121.4982974, 25.1882399], [121.4983712, 25.188178], [121.4984134, 25.188137], [121.4984502, 25.1880909], [121.4984781, 25.1880653], [121.4985622, 25.1881328], [121.4985773, 25.1881184], [121.4986022, 25.1881372], [121.4986473, 25.1881304], [121.498712, 25.1881735], [121.4988038, 25.1882573], [121.4988776, 25.1882261], [121.4989465, 25.1881889], [121.4989918, 25.1881946], [121.4990272, 25.1881748], [121.4990976, 25.1881737], [121.4991123, 25.1881501], [121.499112, 25.1881324], [121.4990734, 25.1881232], [121.4990311, 25.188125], [121.4989998, 25.1881178], [121.4989723, 25.1880939], [121.4989579, 25.1880681], [121.4989595, 25.1880487], [121.4989641, 25.1880297], [121.4989974, 25.1880508], [121.4990422, 25.1879617], [121.4990299, 25.1879113], [121.4991178, 25.1879226], [121.4992054, 25.1879356], [121.4993055, 25.1877965], [121.4992077, 25.1875022], [121.4993112, 25.1874762], [121.4993585, 25.1874447], [121.4994068, 25.1874145], [121.4994272, 25.1874059], [121.4994392, 25.1873117], [121.499437, 25.1872583], [121.4994233, 25.1872417], [121.4993371, 25.1871293], [121.4993191, 25.1870961], [121.4992994, 25.1870637], [121.4992751, 25.1869781], [121.4992638, 25.186932], [121.499266, 25.1869177], [121.4992852, 25.1869044], [121.4993701, 25.1869034], [121.499709, 25.1869265], [121.4997451, 25.1868583], [121.4997754, 25.18686], [121.4998255, 25.186779], [121.4998305, 25.1867556], [121.499774, 25.1866579], [121.4996709, 25.1865839], [121.4996393, 25.1865416], [121.4995863, 25.1864238], [121.4994529, 25.1864496], [121.4994359, 25.1864839], [121.4993017, 25.1864949], [121.4992834, 25.1865205], [121.4992654, 25.1865572], [121.4992137, 25.1865416], [121.4992516, 25.186508], [121.4993078, 25.1864288], [121.4993522, 25.1864129], [121.4993639, 25.1864057], [121.4994082, 25.1863827], [121.4994221, 25.1863634], [121.4994169, 25.1863484], [121.4993978, 25.1863509], [121.4991865, 25.1862685], [121.4991171, 25.1862332], [121.4990226, 25.1863139], [121.4989036, 25.1864333], [121.498854, 25.1863059], [121.4988036, 25.1862431], [121.4987806, 25.1862551], [121.4987523, 25.1862916], [121.4987823, 25.1862175], [121.498811, 25.1861465], [121.4987743, 25.1860118], [121.4984719, 25.1861269], [121.4984797, 25.1864596], [121.4984837, 25.1867062], [121.49827, 25.1866685], [121.4982542, 25.1866707], [121.4982154, 25.1867069], [121.4981484, 25.1865301], [121.49809, 25.1864841], [121.4979441, 25.1865392], [121.4979357, 25.1865301], [121.4979119, 25.1865409], [121.4978789, 25.1866086], [121.4978357, 25.1865829], [121.4978104, 25.186594], [121.4977901, 25.1865596], [121.4976783, 25.1864258], [121.4977585, 25.1863322], [121.4977321, 25.1863186], [121.4974305, 25.1863992], [121.4971277, 25.1858876], [121.49705, 25.1859173], [121.4969993, 25.1858813], [121.4969977, 25.1858802], [121.4969589, 25.1858962], [121.4967923, 25.1858687], [121.4967594, 25.1858859], [121.4966507, 25.1860416], [121.4966118, 25.1859037], [121.4965771, 25.1858483], [121.4964708, 25.1857127], [121.4964041, 25.1857958], [121.4963352, 25.1858558], [121.4962951, 25.1859309], [121.496257, 25.1859297], [121.496225, 25.1859431], [121.496158, 25.1859254], [121.4960795, 25.1858879], [121.4961125, 25.1859451], [121.4961352, 25.1860317], [121.496088, 25.1860421], [121.4960302, 25.1860866], [121.4961093, 25.1861766], [121.4960476, 25.18622], [121.4959588, 25.1862015], [121.4956348, 25.186305], [121.4956625, 25.1864241], [121.4956806, 25.1864361], [121.4957156, 25.1866317], [121.4957575, 25.186725], [121.4958136, 25.18696], [121.4958144, 25.1869601], [121.495817, 25.1870392], [121.4947133, 25.1865985], [121.4929799, 25.1859055], [121.4915265, 25.1853233], [121.4894919, 25.1845094], [121.4885397, 25.1822406], [121.4876981, 25.180155], [121.4873253, 25.1792313], [121.4867811, 25.1774679], [121.4864503, 25.1763961], [121.4875458, 25.1758541], [121.4884707, 25.17588], [121.4887082, 25.1753786], [121.4887004, 25.175373], [121.4883197, 25.1750967], [121.4876433, 25.174899], [121.4867141, 25.1746244], [121.4854726, 25.1738943], [121.4851646, 25.1739684], [121.4846946, 25.1728067]]]}}, {"type": "Feature", "properties": {"name": "太魯閣國家公園", "source": "OpenStreetMap", "osm_type": "relation", "osm_id": 5240045}, "geometry": {"type": "Polygon", "coordinates": [[[121.2337388, 24.1666214], [121.2339741, 24.1661379], [121.234088, 24.166057], [121.2345038, 24.1658685], [121.234751, 24.1656853], [121.2351135, 24.165301], [121.2355617, 24.1646728], [121.235817, 24.1645194], [121.2359767, 24.1643692], [121.2364364, 24.1635405], [121.236587, 24.1634191], [121.2370065, 24.1631536], [121.2374234, 24.1627805], [121.2376723, 24.1626672], [121.2381403, 24.1626101], [121.2382602, 24.1624428], [121.2384869, 24.1622687], [121.2385947, 24.1620382], [121.2385418, 24.1617065], [121.2385636, 24.1615349], [121.2384435, 24.1610135], [121.2381224, 24.1599013], [121.2381672, 24.1597139], [121.238408, 24.159192], [121.2389024, 24.1588188], [121.2392629, 24.1581975], [121.240214, 24.1573134], [121.2402791, 24.1571417], [121.2403243, 24.1566066], [121.2405514, 24.156207], [121.2405803, 24.1560833], [121.2406813, 24.1559244], [121.2409746, 24.1558385], [121.2410618, 24.1558312], [121.2413412, 24.1559541], [121.2418655, 24.1562317], [121.2421848, 24.1562854], [121.2427082, 24.1562688], [121.2434286, 24.1565453], [121.2439554, 24.1565377], [121.2444017, 24.1564625], [121.2448381, 24.156315], [121.2449706, 24.1561297], [121.24511, 24.1561566], [121.2456822, 24.1559209], [121.2460172, 24.1558684], [121.2461599, 24.1560059], [121.2467771, 24.1563367], [121.246845, 24.1563005], [121.2468284, 24.155664], [121.2472165, 24.1545324], [121.2472818, 24.153828], [121.2473801, 24.1534483], [121.247491, 24.1532318], [121.247636, 24.1531457], [121.2479727, 24.1531407], [121.2484251, 24.1530045], [121.2489449, 24.1527441], [121.2491494, 24.1522765], [121.2492366, 24.1521702], [121.249444, 24.1520701], [121.2496751, 24.1520115], [121.2500011, 24.151713], [121.2502057, 24.1514463], [121.2505502, 24.1512064], [121.2507561, 24.1511068], [121.2512741, 24.1510698], [121.2514849, 24.150995], [121.2521771, 24.1511406], [121.2529975, 24.1511234], [121.2531435, 24.1510983], [121.2536886, 24.1508514], [121.2540669, 24.1508688], [121.2544829, 24.1508126], [121.2549955, 24.1507944], [121.2551134, 24.1507565], [121.2552461, 24.1506737], [121.2554639, 24.1504444], [121.2558435, 24.1495588], [121.2565543, 24.1490181], [121.2567128, 24.1489411], [121.2568158, 24.1489319], [121.2571893, 24.1490464], [121.2574051, 24.1490032], [121.2577566, 24.1488604], [121.2582478, 24.1487534], [121.2587527, 24.1484478], [121.2593417, 24.1482121], [121.2595677, 24.1481982], [121.2599531, 24.1480756], [121.2603511, 24.1480471], [121.2605031, 24.1480137], [121.2608295, 24.1477533], [121.2609784, 24.1476811], [121.2612509, 24.1476872], [121.2616203, 24.1477432], [121.2620144, 24.1476838], [121.2621913, 24.1476113], [121.2626028, 24.1473081], [121.2628849, 24.1472331], [121.2635539, 24.1465954], [121.2639383, 24.1464525], [121.2640892, 24.1462288], [121.2642578, 24.1461314], [121.2648972, 24.1454802], [121.2651556, 24.1450712], [121.2655193, 24.1448832], [121.2658215, 24.1445711], [121.2661901, 24.1443493], [121.2663991, 24.1440193], [121.2665965, 24.1438565], [121.2667158, 24.1438405], [121.2669388, 24.1439123], [121.26708, 24.1439053], [121.2674903, 24.1437964], [121.2679018, 24.1437345], [121.2683431, 24.1434493], [121.2692677, 24.1432762], [121.2694274, 24.1431811], [121.2695685, 24.1430183], [121.270028, 24.1427985], [121.2702399, 24.1427553], [121.2704791, 24.1427758], [121.2710194, 24.1426907], [121.2711832, 24.1426294], [121.2713201, 24.1425186], [121.2715087, 24.1420036], [121.2717046, 24.1417188], [121.27177, 24.1415178], [121.2717525, 24.1413361], [121.271691, 24.1411425], [121.2716474, 24.1407008], [121.2716906, 24.1403215], [121.2716427, 24.1397686], [121.2716938, 24.1394863], [121.2715225, 24.13892], [121.2715431, 24.1387529], [121.271766, 24.1383033], [121.2718094, 24.1379374], [121.2718234, 24.1374206], [121.2715568, 24.1362089], [121.2715578, 24.1356829], [121.2714632, 24.1354293], [121.271454, 24.1353131], [121.2712679, 24.1345458], [121.2712943, 24.1340581], [121.2710705, 24.1330608], [121.2708603, 24.1326639], [121.2703123, 24.1320576], [121.2699031, 24.1314692], [121.2698261, 24.1312729], [121.2697807, 24.1309028], [121.2696462, 24.1306705], [121.269398, 24.1304746], [121.2694549, 24.1301878], [121.2694684, 24.1295783], [121.2696232, 24.1292001], [121.269575, 24.1291311], [121.2696223, 24.1289114], [121.2695951, 24.1284336], [121.2698936, 24.1275188], [121.2695724, 24.1262779], [121.2694041, 24.1259283], [121.269233, 24.1256658], [121.2690814, 24.1255045], [121.269031, 24.1253714], [121.2689325, 24.1244393], [121.2689344, 24.1243219], [121.2691228, 24.1241477], [121.2694016, 24.1239117], [121.2697626, 24.1237064], [121.2700411, 24.1234215], [121.2703002, 24.1233759], [121.270472, 24.1231837], [121.270593, 24.123118], [121.2709515, 24.1229865], [121.2710577, 24.1230005], [121.2711418, 24.1229749], [121.2711573, 24.1229686], [121.2711247, 24.1229522], [121.2713503, 24.1227127], [121.2713228, 24.122604], [121.2707399, 24.1223056], [121.2711639, 24.1216514], [121.2713997, 24.1218098], [121.2728198, 24.1214337], [121.2728997, 24.1215269], [121.2729544, 24.1215898], [121.2731874, 24.1213414], [121.2735128, 24.1212731], [121.2738159, 24.1211258], [121.2743212, 24.1206035], [121.2751826, 24.1198773], [121.2754726, 24.1195021], [121.276231, 24.1188822], [121.2766721, 24.1187369], [121.2768957, 24.1183596], [121.2776935, 24.1180782], [121.2782581, 24.117725], [121.2787192, 24.1178348], [121.2794043, 24.1177613], [121.2797114, 24.1173319], [121.2800259, 24.1166247], [121.2805103, 24.1162898], [121.2808289, 24.115928], [121.2812992, 24.1156337], [121.281355, 24.1154236], [121.2812415, 24.1149385], [121.2816785, 24.1143373], [121.2818997, 24.1141134], [121.2820536, 24.1137222], [121.2821742, 24.1132822], [121.282404, 24.1120831], [121.2828105, 24.1115744], [121.2831243, 24.1114023], [121.2832741, 24.1114427], [121.2839497, 24.111394], [121.2848618, 24.1111192], [121.2855925, 24.1108085], [121.2861107, 24.1106993], [121.2865162, 24.1105421], [121.2869842, 24.1104357], [121.2873125, 24.1102839], [121.2875831, 24.1100644], [121.2877108, 24.1098362], [121.2876438, 24.1092787], [121.2876392, 24.1090478], [121.2876989, 24.1087775], [121.287785, 24.1084669], [121.288017, 24.1079281], [121.2880766, 24.1076217], [121.2880946, 24.1072914], [121.2881931, 24.1070632], [121.2881568, 24.1069188], [121.2883223, 24.106537], [121.2887327, 24.1060013], [121.2889757, 24.1059286], [121.2891107, 24.1058267], [121.2897294, 24.1049745], [121.2899924, 24.1047537], [121.2905596, 24.1043748], [121.2906214, 24.1042482], [121.290646, 24.1040044], [121.2906849, 24.1039701], [121.2914395, 24.1037568], [121.2916257, 24.1036648], [121.2918235, 24.1035281], [121.2920255, 24.1032794], [121.2921488, 24.1030377], [121.2922712, 24.1026176], [121.292515, 24.1022514], [121.2929685, 24.101772], [121.2931953, 24.1014893], [121.2933182, 24.1012973], [121.2934749, 24.1008794], [121.2935893, 24.1003532], [121.2937656, 24.10017], [121.293863, 24.0999824], [121.2938081, 24.0997558], [121.2937853, 24.0994551], [121.2937452, 24.0990346], [121.2939443, 24.0984608], [121.2940137, 24.0978648], [121.2942361, 24.0968598], [121.2942682, 24.0963502], [121.2942723, 24.095625], [121.2943406, 24.0953788], [121.2945024, 24.0951956], [121.2947238, 24.0950358], [121.2948741, 24.0949647], [121.2954172, 24.0949207], [121.2957157, 24.0948208], [121.2959789, 24.094563], [121.2963137, 24.0939303], [121.2964232, 24.0938056], [121.2966244, 24.0936588], [121.2965617, 24.0935239], [121.2963177, 24.0936272], [121.2960262, 24.0936614], [121.2956571, 24.0935703], [121.2954179, 24.0933106], [121.2950603, 24.093404], [121.2949979, 24.0936272], [121.294837, 24.0935976], [121.2947892, 24.0935042], [121.2946685, 24.0934715], [121.2945318, 24.0933926], [121.2943723, 24.093388], [121.2941628, 24.0934792], [121.2938985, 24.0936477], [121.2939509, 24.0937958], [121.2939122, 24.0939849], [121.2937641, 24.0941238], [121.2934907, 24.0939644], [121.2933102, 24.0940589], [121.2931946, 24.0941694], [121.2930306, 24.0942036], [121.2929531, 24.0940578], [121.2926046, 24.0936842], [121.2922834, 24.093732], [121.2920328, 24.0938391], [121.2917959, 24.0938755], [121.2914484, 24.0937151], [121.2912082, 24.0937297], [121.2909234, 24.0938915], [121.2907654, 24.094134], [121.2908004, 24.0945476], [121.2908055, 24.0953314], [121.29119, 24.0961786], [121.2911854, 24.0967242], [121.2911877, 24.0969964], [121.2908323, 24.0972356], [121.290641, 24.0976316], [121.2903881, 24.0977937], [121.2897223, 24.0976454], [121.289568, 24.0973586], [121.2894587, 24.0972356], [121.2891056, 24.0972356], [121.2885657, 24.0970055], [121.2883256, 24.0969749], [121.2883379, 24.0966183], [121.2886614, 24.0960305], [121.2886952, 24.0957589], [121.288101, 24.0947845], [121.2878456, 24.0948753], [121.2871518, 24.0949494], [121.2867456, 24.0948847], [121.286593, 24.0949735], [121.2863811, 24.0949735], [121.286098, 24.0949784], [121.2859323, 24.0950624], [121.2857182, 24.0949804], [121.2851561, 24.0950239], [121.2847227, 24.094969], [121.2843692, 24.0948407], [121.2838092, 24.0949576], [121.2836111, 24.0949781], [121.2834334, 24.0950214], [121.2833969, 24.0952127], [121.2834402, 24.0954041], [121.2836224, 24.0956797], [121.2836862, 24.0959599], [121.2835245, 24.0962492], [121.2831843, 24.0963571], [121.2827887, 24.096411], [121.282545, 24.0965773], [121.2821188, 24.0966428], [121.2817431, 24.0966046], [121.2814401, 24.0964884], [121.2812237, 24.0961627], [121.2806223, 24.0961672], [121.2804925, 24.0959531], [121.28042, 24.0956999], [121.2803672, 24.0955248], [121.2801713, 24.0954565], [121.2802009, 24.0948574], [121.2799546, 24.0936685], [121.2794879, 24.0936364], [121.2793785, 24.093347], [121.27885, 24.0932104], [121.2785972, 24.0933767], [121.2780708, 24.093416], [121.2774286, 24.0939553], [121.2771495, 24.0939929], [121.2770185, 24.0942582], [121.2769433, 24.094584], [121.2762303, 24.0949394], [121.2759114, 24.0951763], [121.2758281, 24.0957288], [121.2757383, 24.0958118], [121.2756295, 24.0958543], [121.2754467, 24.095805], [121.2750253, 24.09542], [121.274458, 24.0952606], [121.2740118, 24.0951795], [121.2738726, 24.0947845], [121.2736835, 24.094527], [121.2733669, 24.0946227], [121.2730685, 24.0948551], [121.2729737, 24.0950494], [121.272745, 24.0952628], [121.2726174, 24.0954701], [121.2721003, 24.0954861], [121.2716711, 24.095403], [121.2712734, 24.0953676], [121.2706203, 24.0954383], [121.2702665, 24.0953836], [121.2699134, 24.0951763], [121.2697494, 24.0949143], [121.2694601, 24.0946409], [121.2689099, 24.094745], [121.2682163, 24.094846], [121.2678906, 24.0949303], [121.2671366, 24.0949553], [121.2668425, 24.0950923], [121.2662276, 24.0951899], [121.2656133, 24.0951355], [121.2651, 24.0948756], [121.2646656, 24.0945103], [121.2640248, 24.0946523], [121.2635692, 24.0945293], [121.2629336, 24.0945179], [121.262223, 24.0944233], [121.2619515, 24.0942188], [121.26174, 24.0940919], [121.2616625, 24.0938391], [121.2616694, 24.093568], [121.261822, 24.0933538], [121.2622712, 24.0933193], [121.2624439, 24.0929552], [121.2625737, 24.0927935], [121.2627787, 24.0926614], [121.2632571, 24.0926386], [121.263658, 24.0921534], [121.2638607, 24.091605], [121.2640772, 24.0914677], [121.2643274, 24.0914096], [121.2651613, 24.0912612], [121.2659474, 24.0912285], [121.2662511, 24.09104], [121.267021, 24.0907291], [121.2676706, 24.0905157], [121.2679976, 24.090315], [121.2683619, 24.090205], [121.2685717, 24.0903173], [121.2687904, 24.0905816], [121.2690384, 24.0906361], [121.2700239, 24.0906566], [121.2702483, 24.090618], [121.2705609, 24.090497], [121.2706902, 24.0902854], [121.2707567, 24.0900068], [121.2707176, 24.0896886], [121.2705275, 24.0895587], [121.2700957, 24.0895018], [121.2700023, 24.0894517], [121.2699593, 24.0893533], [121.2699339, 24.0891806], [121.2697855, 24.0888891], [121.2697175, 24.0886521], [121.2695619, 24.0883679], [121.2694487, 24.0882512], [121.2691856, 24.0881609], [121.2687949, 24.0882398], [121.2684293, 24.0883878], [121.2680079, 24.0884425], [121.2673131, 24.0883651], [121.2666331, 24.0883582], [121.266149, 24.0882603], [121.265821, 24.0880507], [121.2656251, 24.087996], [121.2654668, 24.0879915], [121.2650055, 24.0881555], [121.2645933, 24.0883829], [121.263764, 24.0887068], [121.2629234, 24.0893218], [121.2626225, 24.0894464], [121.2618163, 24.0894972], [121.2613538, 24.0894084], [121.2611807, 24.0893287], [121.2609643, 24.0893378], [121.2605087, 24.0896362], [121.2604472, 24.0898594], [121.2603287, 24.0899824], [121.2601791, 24.0900308], [121.2600139, 24.0900164], [121.2598273, 24.0898119], [121.2596871, 24.0896573], [121.2594866, 24.0896459], [121.2590469, 24.0897689], [121.258687, 24.0897256], [121.2582054, 24.0898005], [121.2578487, 24.0897005], [121.2576528, 24.089229], [121.2574728, 24.0890262], [121.2572337, 24.0891493], [121.256851, 24.0894978], [121.2563107, 24.0895754], [121.2557443, 24.0900895], [121.2547465, 24.0905633], [121.2539059, 24.0906112], [121.2532633, 24.0907461], [121.25282, 24.0907531], [121.2524024, 24.0906772], [121.2521662, 24.0905914], [121.2519521, 24.0904866], [121.2516006, 24.0902307], [121.2514299, 24.0901884], [121.2512846, 24.0902611], [121.2512019, 24.0903674], [121.2511336, 24.0906613], [121.2511222, 24.0911328], [121.2509981, 24.0912763], [121.2508263, 24.0914484], [121.2504533, 24.0915673], [121.2501629, 24.0915337], [121.2498858, 24.09144], [121.2497141, 24.09131], [121.2495805, 24.0911769], [121.2490425, 24.0911493], [121.2485362, 24.0911965], [121.2485997, 24.0910785], [121.2491331, 24.0904794], [121.2492461, 24.0902783], [121.2492841, 24.0898765], [121.249322, 24.0897613], [121.249441, 24.089646], [121.2500113, 24.0894283], [121.2502053, 24.0894528], [121.2503869, 24.0894232], [121.2506094, 24.0892264], [121.2507037, 24.0891608], [121.2508897, 24.089086], [121.2513029, 24.0890446], [121.2516293, 24.0889742], [121.2521108, 24.0887477], [121.2522756, 24.0887098], [121.2527291, 24.0886518], [121.2531139, 24.0885298], [121.2533955, 24.0884024], [121.2547798, 24.0881925], [121.2567122, 24.0876001], [121.2575886, 24.0872306], [121.2577633, 24.0871926], [121.258156, 24.0872026], [121.2583619, 24.0870307], [121.2589939, 24.0860048], [121.259546, 24.0854666], [121.2598871, 24.0849626], [121.2601757, 24.0842973], [121.2603788, 24.0838512], [121.2604901, 24.0834023], [121.2606199, 24.0832221], [121.260694, 24.0832028], [121.2614558, 24.0829983], [121.2612128, 24.0819874], [121.2609661, 24.0816776], [121.2608118, 24.0814305], [121.2607133, 24.0811445], [121.2606439, 24.0807694], [121.2606905, 24.0803814], [121.2607406, 24.080231], [121.2607636, 24.0799182], [121.2606586, 24.0793698], [121.2606112, 24.0785911], [121.2605424, 24.0784086], [121.2604627, 24.0782469], [121.2604442, 24.0780812], [121.2607249, 24.0775232], [121.2608082, 24.0771845], [121.2608704, 24.0771234], [121.261014, 24.077157], [121.2614023, 24.0773753], [121.2615658, 24.0773818], [121.2621004, 24.0771326], [121.2624878, 24.0770418], [121.2627885, 24.0769894], [121.2631617, 24.0768757], [121.2638296, 24.0768505], [121.2641234, 24.0768596], [121.2643823, 24.0768307], [121.2645221, 24.0767092], [121.2646739, 24.0766541], [121.2648696, 24.0766335], [121.2651372, 24.076527], [121.2653538, 24.0764972], [121.265781, 24.0765642], [121.2661273, 24.0766584], [121.2661758, 24.0766334], [121.2670142, 24.0757001], [121.2670959, 24.0755709], [121.267259, 24.0752094], [121.2672901, 24.0746653], [121.26739, 24.0743853], [121.2676752, 24.0742267], [121.2679817, 24.0738176], [121.2684744, 24.0734039], [121.268505, 24.0733494], [121.2691461, 24.0729036], [121.2693061, 24.0727453], [121.2698445, 24.0716812], [121.2705818, 24.0703796], [121.2708094, 24.0697841], [121.2709637, 24.069467], [121.2715764, 24.0685291], [121.2717844, 24.0682624], [121.2719158, 24.0681673], [121.2722162, 24.0680945], [121.2723971, 24.0680073], [121.2725323, 24.0679179], [121.2728365, 24.067432], [121.2732407, 24.0670588], [121.2734681, 24.0667763], [121.2735566, 24.0665425], [121.2735475, 24.0663011], [121.2736143, 24.0661597], [121.2740606, 24.0657571], [121.2741662, 24.0655425], [121.2742127, 24.0652782], [121.2743219, 24.0649147], [121.2745612, 24.064547], [121.2748433, 24.0641778], [121.274928, 24.0636836], [121.2749439, 24.0633289], [121.2750782, 24.0630871], [121.2751467, 24.0630321], [121.2759533, 24.0626115], [121.2763563, 24.0623077], [121.2769186, 24.0619325], [121.2777249, 24.0614661], [121.2778585, 24.06145], [121.2780931, 24.061497], [121.2783118, 24.061465], [121.2788188, 24.0612849], [121.2791469, 24.0612052], [121.27949, 24.061061], [121.2798826, 24.0612499], [121.2804618, 24.0614069], [121.2808276, 24.061431], [121.2815019, 24.0613327], [121.2816537, 24.0613663], [121.2821918, 24.0617897], [121.2823573, 24.0622815], [121.2825166, 24.0624799], [121.2828845, 24.0627975], [121.2831557, 24.0632665], [121.2836401, 24.0634868], [121.2843885, 24.0640595], [121.2844616, 24.0640835], [121.2846722, 24.064117], [121.285299, 24.0640661], [121.2856187, 24.0641689], [121.2859744, 24.0643245], [121.2863637, 24.064317], [121.2865373, 24.0644227], [121.2869707, 24.0648937], [121.2873061, 24.0648299], [121.2879101, 24.0648694], [121.2884035, 24.0648369], [121.2887171, 24.0647347], [121.2890132, 24.0645558], [121.2896003, 24.0639316], [121.2897012, 24.0637125], [121.2897168, 24.0633921], [121.289792, 24.0629888], [121.2898216, 24.062474], [121.2898795, 24.0622155], [121.2902158, 24.0618718], [121.2904184, 24.0617132], [121.2906536, 24.061582], [121.2908882, 24.06134], [121.290972, 24.0612803], [121.2913318, 24.0611721], [121.2919499, 24.0610603], [121.2921246, 24.0611938], [121.2922753, 24.0613419], [121.2930152, 24.0614488], [121.293127, 24.0614671], [121.2932874, 24.0615521], [121.2934936, 24.0617075], [121.2936668, 24.0619569], [121.2939704, 24.0623183], [121.2942869, 24.0625706], [121.2945894, 24.0629205], [121.2948857, 24.0632037], [121.2952254, 24.0636365], [121.2956669, 24.063572], [121.2957758, 24.0635271], [121.2960656, 24.0632895], [121.2964187, 24.0629182], [121.2967289, 24.062681], [121.2970789, 24.0625223], [121.2972456, 24.0624171], [121.2973721, 24.0622869], [121.2978892, 24.0619902], [121.2985888, 24.0616706], [121.2988167, 24.0616272], [121.2989637, 24.0616495], [121.2993846, 24.0618954], [121.2997678, 24.0621784], [121.3001977, 24.0625658], [121.3005096, 24.062958], [121.3007863, 24.0635173], [121.3008905, 24.0639234], [121.3009898, 24.064632], [121.3010804, 24.0648644], [121.3014303, 24.0651917], [121.3016672, 24.0653694], [121.3018728, 24.0656055], [121.3019542, 24.0657316], [121.3021874, 24.0663565], [121.3023231, 24.0665594], [121.3029041, 24.0669298], [121.3032208, 24.0670949], [121.303444, 24.0673899], [121.3036131, 24.067712], [121.3037242, 24.0678228], [121.3041935, 24.068032], [121.3045306, 24.0683535], [121.3049541, 24.0686852], [121.3054386, 24.0689122], [121.3056895, 24.0692051], [121.3059415, 24.0696177], [121.306092, 24.0699763], [121.3061252, 24.0702261], [121.3060888, 24.0705427], [121.3061252, 24.0707415], [121.3063821, 24.0710096], [121.306918, 24.07175], [121.307041, 24.0719756], [121.307688, 24.0728332], [121.3079636, 24.0730758], [121.3084055, 24.0733948], [121.3088107, 24.0737429], [121.309163, 24.074205], [121.3093069, 24.0745907], [121.3097043, 24.0749985], [121.3098224, 24.0750873], [121.3099979, 24.0751694], [121.3102202, 24.0752344], [121.3103167, 24.0752399], [121.3107873, 24.0751407], [121.3111023, 24.0752439], [121.3113073, 24.0752322], [121.3114484, 24.0752726], [121.3116858, 24.0754974], [121.3118954, 24.0758049], [121.3121671, 24.0760815], [121.3124567, 24.0765053], [121.3126155, 24.0765907], [121.3127067, 24.0765905], [121.3127861, 24.0765748], [121.3129023, 24.0764404], [121.3130277, 24.076389], [121.3131141, 24.0764063], [121.3132625, 24.0765127], [121.3135063, 24.0767988], [121.3137575, 24.0772205], [121.313875, 24.0773266], [121.3140339, 24.0774095], [121.3140959, 24.077625], [121.3141599, 24.0777591], [121.3143112, 24.0777972], [121.3147862, 24.0777549], [121.3152746, 24.0777659], [121.3156192, 24.0778126], [121.3158773, 24.078215], [121.3162416, 24.0786871], [121.3164104, 24.078862], [121.3165954, 24.0789979], [121.3168614, 24.0791148], [121.3170753, 24.0791775], [121.3176825, 24.0792372], [121.3179235, 24.0794128], [121.3184522, 24.079906], [121.3187474, 24.0806052], [121.3190071, 24.0809884], [121.3194632, 24.0813531], [121.3195108, 24.0815523], [121.3195771, 24.081687], [121.319652, 24.0817345], [121.3198661, 24.0817732], [121.3199664, 24.0818621], [121.3205167, 24.0820643], [121.320738, 24.0822218], [121.3208662, 24.082402], [121.3211267, 24.0826544], [121.3214317, 24.0830849], [121.3215706, 24.0834413], [121.3219705, 24.0836933], [121.3227626, 24.0846058], [121.3229551, 24.0848554], [121.3230653, 24.0850724], [121.3232304, 24.0859321], [121.3236215, 24.0858659], [121.324293, 24.0859841], [121.3247925, 24.0859875], [121.3259841, 24.0858812], [121.3269304, 24.0857256], [121.3271532, 24.0859599], [121.3274513, 24.0860676], [121.3283429, 24.0859416], [121.3290789, 24.0860348], [121.3296272, 24.0859998], [121.3300792, 24.0858453], [121.3306486, 24.0858079], [121.3308718, 24.0856065], [121.3312072, 24.0855088], [121.3317088, 24.0856228], [121.3319721, 24.0855861], [121.3322724, 24.0854884], [121.3325348, 24.0853253], [121.3328279, 24.0850312], [121.3331568, 24.0845768], [121.3335304, 24.084278], [121.3337678, 24.084221], [121.3339503, 24.0840694], [121.3341025, 24.0839924], [121.3342014, 24.0839424], [121.334502, 24.0839338], [121.334714, 24.0839278], [121.3347537, 24.0838351], [121.3347575, 24.083273], [121.3347892, 24.0831385], [121.3348246, 24.0829885], [121.3348137, 24.0825731], [121.3348608, 24.0823699], [121.3350103, 24.0821013], [121.3350637, 24.0819067], [121.3352944, 24.0816059], [121.3353031, 24.0813057], [121.3355093, 24.0808289], [121.3357753, 24.0806568], [121.3362563, 24.0805272], [121.336765, 24.0804334], [121.3377462, 24.0804406], [121.3386437, 24.0803976], [121.3394123, 24.0802695], [121.3396187, 24.0803108], [121.3400264, 24.0804839], [121.3402231, 24.0805228], [121.3403752, 24.0804119], [121.3408479, 24.0798036], [121.3411092, 24.0797443], [121.3423746, 24.0798702], [121.3426058, 24.0799125], [121.3429264, 24.0800585], [121.3434264, 24.0800326], [121.3435929, 24.0801202], [121.3441402, 24.0800987], [121.3445006, 24.0801633], [121.3452592, 24.0800826], [121.3453597, 24.080063], [121.3459153, 24.0799547], [121.3465688, 24.0797411], [121.3467853, 24.0797481], [121.3472272, 24.0798369], [121.3474954, 24.0798473], [121.347594, 24.0798233], [121.3478878, 24.079711], [121.3485897, 24.0793527], [121.3487147, 24.0793153], [121.3490007, 24.0792796], [121.3497541, 24.0790024], [121.3500382, 24.079051], [121.3502081, 24.0791165], [121.3503116, 24.0791034], [121.3513253, 24.0787957], [121.3517682, 24.0789053], [121.3521343, 24.0788457], [121.3528024, 24.0784875], [121.3535601, 24.0779643], [121.353933, 24.0775481], [121.3542623, 24.0772742], [121.3546697, 24.0766661], [121.354966, 24.0763539], [121.355715, 24.0761238], [121.3563328, 24.0759579], [121.3577151, 24.0754671], [121.3581457, 24.0752513], [121.3588476, 24.0748075], [121.3596257, 24.0749096], [121.3604922, 24.0747382], [121.3617525, 24.0740716], [121.3627624, 24.0738705], [121.3636766, 24.0737592], [121.3643148, 24.0737111], [121.365158, 24.0733434], [121.3658008, 24.0732019], [121.3676551, 24.0724187], [121.3682483, 24.0722141], [121.3680796, 24.0721197], [121.3674774, 24.0719518], [121.3670499, 24.0717113], [121.366463, 24.0715276], [121.3663059, 24.0714016], [121.3662429, 24.0712889], [121.3662361, 24.0711828], [121.3663173, 24.0710878], [121.367171, 24.0702347], [121.3672122, 24.0697064], [121.3671613, 24.0693092], [121.3667497, 24.068718], [121.366549, 24.0684033], [121.3666039, 24.0680437], [121.3666891, 24.0678273], [121.3668416, 24.0676464], [121.3671076, 24.0674335], [121.3674431, 24.0674485], [121.3684809, 24.0678095], [121.3691693, 24.067801], [121.3695765, 24.0674908], [121.3697477, 24.0668741], [121.3700706, 24.0665076], [121.3704856, 24.0661432], [121.3714724, 24.0658338], [121.372075, 24.0655908], [121.3725727, 24.0656618], [121.3727642, 24.0655666], [121.3728205, 24.0655174], [121.3732295, 24.0646286], [121.3737581, 24.0637944], [121.3748556, 24.0636337], [121.3757894, 24.06383], [121.3759239, 24.0638026], [121.3761178, 24.0634884], [121.3761475, 24.063231], [121.3760205, 24.063001], [121.3756326, 24.0625347], [121.3755164, 24.0620971], [121.375324, 24.0618741], [121.3751304, 24.0617587], [121.374848, 24.0616289], [121.3746634, 24.0614763], [121.3745745, 24.0614606], [121.3742638, 24.0615336], [121.3739003, 24.0617579], [121.3736247, 24.0617812], [121.3734149, 24.0616936], [121.3731563, 24.0617349], [121.3729703, 24.0609633], [121.3729846, 24.0608885], [121.3731848, 24.0604436], [121.3734994, 24.060102], [121.3739341, 24.0600603], [121.3750686, 24.0601546], [121.3751855, 24.0601182], [121.3753363, 24.0599553], [121.3754786, 24.0596547], [121.3756268, 24.0594918], [121.3756953, 24.0590537], [121.3756188, 24.0585302], [121.3756843, 24.0583314], [121.3758305, 24.0581166], [121.3759415, 24.0580328], [121.3763681, 24.0578354], [121.3767047, 24.0577781], [121.3768999, 24.057807], [121.3775154, 24.0581373], [121.3777333, 24.0584325], [121.3778002, 24.0585695], [121.3778677, 24.0588949], [121.3780052, 24.0590751], [121.3783764, 24.0593744], [121.3785417, 24.0594576], [121.3789347, 24.0594876], [121.3790968, 24.0595284], [121.3791392, 24.0599324], [121.3794241, 24.0601619], [121.3797635, 24.060529], [121.3798958, 24.0605806], [121.3801188, 24.060562], [121.3802901, 24.060638], [121.3804535, 24.0606582], [121.380568, 24.0606286], [121.3806749, 24.0604252], [121.3806254, 24.0598745], [121.3805347, 24.0595587], [121.3803623, 24.0591438], [121.380267, 24.0590221], [121.3798596, 24.0587094], [121.3798122, 24.0584838], [121.3802431, 24.0584037], [121.3805247, 24.0584875], [121.3812932, 24.0588028], [121.3829515, 24.0585233], [121.3837336, 24.0582144], [121.384219, 24.0581861], [121.3847289, 24.0580155], [121.3856018, 24.0579749], [121.387808, 24.0573576], [121.3883873, 24.0574803], [121.3887788, 24.0574612], [121.3896222, 24.0575336], [121.3908596, 24.0580496], [121.3913561, 24.0585314], [121.3916023, 24.0588468], [121.3920121, 24.0590151], [121.3922955, 24.0590301], [121.3929288, 24.0594529], [121.3930506, 24.059798], [121.3931727, 24.059915], [121.3936831, 24.0601124], [121.3942694, 24.0604314], [121.3946378, 24.0604959], [121.3955579, 24.0605319], [121.3960151, 24.0609159], [121.3962713, 24.0610876], [121.3964653, 24.0613083], [121.3967221, 24.0613889], [121.3969266, 24.0613523], [121.3971873, 24.0614713], [121.3978772, 24.0621828], [121.3981953, 24.0625996], [121.3984431, 24.0626463], [121.3985267, 24.0626506], [121.398891, 24.0624014], [121.3991672, 24.0620688], [121.399595, 24.061781], [121.3999837, 24.061306], [121.4002636, 24.0610727], [121.4011261, 24.0605806], [121.4016348, 24.0605003], [121.4017883, 24.0602583], [121.4020208, 24.0600185], [121.4023288, 24.0601486], [121.403057, 24.0608239], [121.4032888, 24.0611596], [121.4033801, 24.0615544], [121.404075, 24.0616993], [121.4045463, 24.061856], [121.4049415, 24.062162], [121.4050815, 24.0623219], [121.4053481, 24.0627794], [121.405651, 24.0635213], [121.4057194, 24.063588], [121.4058237, 24.0638233], [121.4059189, 24.0639766], [121.4062428, 24.0642917], [121.4065845, 24.0644804], [121.4068464, 24.0646965], [121.4070744, 24.0647703], [121.4074713, 24.0650469], [121.407658, 24.065301], [121.4077641, 24.0653938], [121.4078858, 24.065481], [121.4081911, 24.0656017], [121.4084551, 24.0657531], [121.4087472, 24.0660119], [121.4091231, 24.0662321], [121.4094545, 24.0665383], [121.4098595, 24.0667426], [121.4101876, 24.0670939], [121.410305, 24.0673011], [121.4105303, 24.0675986], [121.4106931, 24.0677494], [121.4103994, 24.0682761], [121.4102868, 24.0686246], [121.4102758, 24.0687279], [121.4103056, 24.0690281], [121.410449, 24.069364], [121.4104834, 24.0695694], [121.4104577, 24.0700894], [121.4104073, 24.0703641], [121.4105026, 24.0710524], [121.410494, 24.0713436], [121.410413, 24.0716824], [121.4102201, 24.0721773], [121.4099198, 24.0727537], [121.4097693, 24.0732733], [121.410003, 24.0736993], [121.4103202, 24.0744795], [121.4107218, 24.0750247], [121.4114018, 24.0766436], [121.411495, 24.0769413], [121.4115084, 24.0772054], [121.4117083, 24.0776501], [121.4118022, 24.0779834], [121.4119093, 24.0792675], [121.4123374, 24.0797404], [121.4126332, 24.0798666], [121.4129746, 24.080057], [121.413439, 24.0804372], [121.4142154, 24.0814148], [121.4143914, 24.0813895], [121.4156348, 24.0817428], [121.4159573, 24.0816674], [121.4164306, 24.0819709], [121.4167427, 24.0821263], [121.416924, 24.0821795], [121.4174056, 24.0822676], [121.4179647, 24.0823143], [121.4183523, 24.0824171], [121.4184909, 24.0824077], [121.4184493, 24.0826493], [121.4186661, 24.0832514], [121.4187909, 24.0841992], [121.4187493, 24.0843844], [121.418668, 24.0845043], [121.4186308, 24.085168], [121.4184379, 24.0855929], [121.4185856, 24.0861885], [121.4188064, 24.0865129], [121.4190986, 24.0867694], [121.4191516, 24.0871056], [121.4194412, 24.0875044], [121.4194784, 24.0875991], [121.4194872, 24.0885043], [121.4198259, 24.0892798], [121.4200131, 24.0894644], [121.4204037, 24.0897365], [121.4208073, 24.0905819], [121.4208892, 24.0909248], [121.4208296, 24.0915908], [121.4208728, 24.09183], [121.4210917, 24.0922222], [121.4213931, 24.0923748], [121.4219204, 24.0922312], [121.4223237, 24.0922368], [121.4226797, 24.0921794], [121.4228444, 24.0922444], [121.4232785, 24.0922906], [121.423411, 24.0922722], [121.4236842, 24.0920909], [121.424141, 24.0919993], [121.4242398, 24.0920532], [121.4243605, 24.0922876], [121.4244423, 24.0923568], [121.4246055, 24.0923976], [121.4248574, 24.0927377], [121.4250626, 24.0928771], [121.4254697, 24.0930334], [121.4257628, 24.0931799], [121.426134, 24.0932285], [121.4265341, 24.0933809], [121.4271036, 24.0933748], [121.4274327, 24.0936244], [121.4275763, 24.0938362], [121.4277181, 24.0939674], [121.427816, 24.0940448], [121.427964, 24.0942302], [121.4281323, 24.094566], [121.4275955, 24.0953418], [121.4274251, 24.0959608], [121.4274411, 24.0961481], [121.4275336, 24.0963661], [121.4276953, 24.0965757], [121.4278001, 24.0967055], [121.4278741, 24.0968625], [121.4279516, 24.0970564], [121.4279899, 24.0973926], [121.428096, 24.0976045], [121.4283696, 24.0979425], [121.4286133, 24.0981338], [121.4286421, 24.0982012], [121.4287603, 24.0987403], [121.4287532, 24.0992663], [121.4288915, 24.0995368], [121.4289421, 24.0998911], [121.4283595, 24.1009446], [121.4283177, 24.1011389], [121.428304, 24.1018409], [121.4283694, 24.1019784], [121.4285751, 24.1020952], [121.4288229, 24.102379], [121.429012, 24.1027309], [121.4291068, 24.1030034], [121.4291806, 24.1032958], [121.4292215, 24.1036577], [121.4291992, 24.1043463], [121.429241, 24.1047909], [121.4293211, 24.1048674], [121.4295522, 24.1049367], [121.4299203, 24.1049786], [121.4299801, 24.1050043], [121.4300424, 24.1050888], [121.4301419, 24.105264], [121.4301991, 24.1055241], [121.4302662, 24.1060995], [121.4305669, 24.1062928], [121.4310997, 24.1069752], [121.4314611, 24.1072022], [121.4316188, 24.1074139], [121.4324968, 24.1082467], [121.4336538, 24.109591], [121.4337938, 24.1095568], [121.4340788, 24.1093731], [121.4342601, 24.1093545], [121.4349086, 24.1090525], [121.4351986, 24.1089794], [121.4353015, 24.1090432], [121.4354997, 24.1092847], [121.435617, 24.109362], [121.4358414, 24.1094441], [121.4360534, 24.1094894], [121.4366092, 24.1097812], [121.4370021, 24.1100465], [121.4370738, 24.1101845], [121.4373472, 24.1104966], [121.4374559, 24.1107066], [121.4374816, 24.1109112], [121.4375184, 24.1110179], [121.4376821, 24.1111344], [121.4378471, 24.1113014], [121.4386049, 24.1124098], [121.4388015, 24.112626], [121.4387965, 24.1128765], [121.439083, 24.1133987], [121.4392402, 24.1138498], [121.4393349, 24.1139811], [121.4396201, 24.1142376], [121.4399145, 24.1144079], [121.4400977, 24.11448], [121.4402953, 24.1146397], [121.4404931, 24.115089], [121.4407401, 24.1155075], [121.4416822, 24.1166379], [121.4419898, 24.1172599], [121.4420103, 24.1173921], [121.4421094, 24.117587], [121.4425787, 24.1182741], [121.4427952, 24.1184722], [121.4428979, 24.1187427], [121.4430943, 24.1189973], [121.4431631, 24.1191618], [121.4435061, 24.119583], [121.4437775, 24.1197402], [121.4442962, 24.1199283], [121.4444067, 24.1200209], [121.4445215, 24.1201872], [121.4446322, 24.1206293], [121.4446769, 24.1215728], [121.4447666, 24.121759], [121.4448923, 24.122238], [121.4449785, 24.1224196], [121.4451881, 24.1227385], [121.4452427, 24.1229413], [121.4452996, 24.1230201], [121.445396, 24.1230876], [121.4456135, 24.123105], [121.445671, 24.1231349], [121.4457119, 24.1232018], [121.4457038, 24.1233711], [121.4458029, 24.123644], [121.445837, 24.1239915], [121.4457148, 24.1243079], [121.4457426, 24.1245177], [121.4456793, 24.124703], [121.4457422, 24.1250414], [121.445701, 24.1252108], [121.4457111, 24.1252921], [121.4459304, 24.1255691], [121.4461679, 24.1256225], [121.4464926, 24.1254455], [121.4470626, 24.1253716], [121.4475181, 24.1256028], [121.4476483, 24.1256157], [121.447728, 24.1256589], [121.4479581, 24.1256817], [121.4482809, 24.1257721], [121.4482148, 24.1260612], [121.4482777, 24.1262665], [121.4485436, 24.1264585], [121.4486305, 24.1264867], [121.4492747, 24.1266292], [121.4495407, 24.1263643], [121.4503885, 24.1257208], [121.4506884, 24.1256657], [121.4508422, 24.1256878], [121.4516216, 24.1260648], [121.4522417, 24.1261261], [121.4528185, 24.1264924], [121.4533236, 24.1265811], [121.4539392, 24.1268457], [121.4548783, 24.1271567], [121.4552199, 24.1263949], [121.4553457, 24.1258913], [121.4554665, 24.1256244], [121.455931, 24.1250926], [121.4561052, 24.1246226], [121.4564961, 24.1242128], [121.4568807, 24.1239588], [121.4572031, 24.1238586], [121.457585, 24.1235381], [121.4578674, 24.123324], [121.4579967, 24.123179], [121.4580257, 24.1230367], [121.4578772, 24.1218362], [121.4579637, 24.1214319], [121.4580203, 24.1213347], [121.4582615, 24.121169], [121.4586398, 24.1208317], [121.458919, 24.1206751], [121.4594554, 24.120046], [121.4595463, 24.1198651], [121.4596261, 24.1194021], [121.4597396, 24.1190542], [121.4601155, 24.1186219], [121.4603847, 24.1184969], [121.4607821, 24.1184528], [121.4612897, 24.1181285], [121.4620225, 24.1179412], [121.4628589, 24.1180764], [121.4633827, 24.1180725], [121.4633611, 24.1177814], [121.4631989, 24.1173823], [121.4631492, 24.11708], [121.4629245, 24.1166653], [121.4628317, 24.1161622], [121.4626711, 24.1159618], [121.4622121, 24.1155953], [121.4615973, 24.1146807], [121.4611325, 24.1141448], [121.4609417, 24.1137707], [121.4608226, 24.1131255], [121.4610857, 24.1124926], [121.4614155, 24.1108754], [121.4617719, 24.1103912], [121.4621156, 24.1095324], [121.462244, 24.1093311], [121.4622776, 24.1091389], [121.462448, 24.1087007], [121.462521, 24.1082265], [121.4625178, 24.1079263], [121.4628298, 24.107668], [121.4632806, 24.1074657], [121.4634163, 24.1073299], [121.4639884, 24.1057141], [121.4645881, 24.1044415], [121.4646078, 24.1042631], [121.4645534, 24.1039404], [121.4647237, 24.1035155], [121.4649444, 24.1031605], [121.4649698, 24.1027879], [121.4650803, 24.1024084], [121.4651434, 24.1022912], [121.4652914, 24.1021363], [121.4654217, 24.1019468], [121.4654577, 24.101872], [121.4654737, 24.1017149], [121.465533, 24.1014544], [121.4657909, 24.1010947], [121.4658643, 24.1010132], [121.4662563, 24.1008585], [121.4663484, 24.1007923], [121.4664532, 24.1006593], [121.4664596, 24.1000317], [121.4665033, 24.0996214], [121.466545, 24.0995145], [121.4676548, 24.0986173], [121.4681265, 24.0979251], [121.4682027, 24.0976585], [121.4684677, 24.0975967], [121.4695656, 24.0978259], [121.4702199, 24.0974649], [121.4706136, 24.0973509], [121.4709054, 24.096964], [121.4710067, 24.0966905], [121.4713058, 24.0965993], [121.4716079, 24.0966774], [121.4718346, 24.0968776], [121.4719598, 24.0969223], [121.4721406, 24.0969121], [121.4725957, 24.0968865], [121.473476, 24.0967348], [121.4743505, 24.0962242], [121.4752332, 24.0959686], [121.4755455, 24.0958029], [121.4761917, 24.0956508], [121.4766012, 24.0956009], [121.4766473, 24.095505], [121.4769978, 24.0951324], [121.4771672, 24.0944728], [121.4771587, 24.09408], [121.4773962, 24.0937294], [121.4776418, 24.092828], [121.478246, 24.0922098], [121.4782259, 24.0921085], [121.4782842, 24.091835], [121.4783851, 24.0916925], [121.4784319, 24.0912905], [121.4782096, 24.0898533], [121.4778811, 24.088886], [121.4779177, 24.0869084], [121.4779642, 24.0865155], [121.4780478, 24.0861767], [121.4782533, 24.0859944], [121.4783457, 24.0858755], [121.4783766, 24.0855842], [121.4782974, 24.0852797], [121.4783672, 24.0847806], [121.4783409, 24.0840742], [121.4782783, 24.0838736], [121.4779753, 24.0833063], [121.4779172, 24.0831252], [121.4779661, 24.0825517], [121.4780501, 24.0823234], [121.4783996, 24.0820108], [121.4788139, 24.0815061], [121.4790326, 24.0811533], [121.479, 24.0806387], [121.4792023, 24.0802702], [121.4793956, 24.0794366], [121.4794654, 24.0792829], [121.4796946, 24.0790158], [121.4798609, 24.0786022], [121.4801302, 24.0774569], [121.4801407, 24.0770573], [121.480588, 24.0757986], [121.4804697, 24.075347], [121.4804189, 24.0750113], [121.4804697, 24.0748504], [121.4804918, 24.0744513], [121.4804223, 24.0742032], [121.4802184, 24.0739171], [121.4801426, 24.0737007], [121.4801391, 24.0735043], [121.4800409, 24.0732021], [121.4800835, 24.0729221], [121.4803161, 24.0725015], [121.4802598, 24.0721495], [121.4810036, 24.0713594], [121.481819, 24.0714697], [121.4820843, 24.0715659], [121.4823525, 24.0717885], [121.4833334, 24.0718802], [121.4835465, 24.0718164], [121.4838137, 24.0718607], [121.48452, 24.0721624], [121.4847091, 24.072228], [121.4852063, 24.0725628], [121.4856812, 24.0729857], [121.4858686, 24.0730622], [121.4860692, 24.0731041], [121.4864336, 24.0733377], [121.4866868, 24.0734046], [121.4869826, 24.0734494], [121.4872217, 24.0734358], [121.4874974, 24.073479], [121.4877412, 24.0734825], [121.4889566, 24.0736479], [121.4900507, 24.073579], [121.4905078, 24.0738416], [121.4906914, 24.0738816], [121.4908711, 24.0738162], [121.4910626, 24.0736999], [121.4912584, 24.0735223], [121.4915121, 24.0733711], [121.4921633, 24.073202], [121.4929276, 24.0728767], [121.493722, 24.0726236], [121.4943005, 24.0722651], [121.4944476, 24.0722421], [121.4946216, 24.0722482], [121.4949385, 24.0721049], [121.4950307, 24.0721122], [121.4951492, 24.0722216], [121.4953758, 24.0723383], [121.4956751, 24.0724322], [121.4958389, 24.0724316], [121.4961914, 24.0721822], [121.4970094, 24.0713737], [121.4971857, 24.0711464], [121.4975077, 24.0706046], [121.4978122, 24.070447], [121.4980331, 24.0703536], [121.4983501, 24.0701617], [121.4986095, 24.0700871], [121.4987279, 24.070078], [121.4989365, 24.069995], [121.4991317, 24.0698657], [121.4993392, 24.0695535], [121.4995398, 24.0693858], [121.5001673, 24.0689864], [121.5003495, 24.0689678], [121.5005503, 24.0690506], [121.5006885, 24.0690683], [121.5012005, 24.0689876], [121.5014936, 24.0688083], [121.5019736, 24.0684072], [121.5025625, 24.0682021], [121.5029048, 24.0679572], [121.503231, 24.0679177], [121.5036908, 24.0676972], [121.5040174, 24.0676724], [121.5043806, 24.0676814], [121.5046047, 24.0676288], [121.5047054, 24.0675904], [121.5049352, 24.0674223], [121.5052293, 24.0674332], [121.5058526, 24.0673696], [121.5059904, 24.0673985], [121.5062273, 24.0675444], [121.5066303, 24.067882], [121.5070873, 24.0682097], [121.5076643, 24.0684245], [121.5081459, 24.0685019], [121.50848, 24.0689959], [121.5089374, 24.0696392], [121.5097528, 24.0702279], [121.5101317, 24.0706172], [121.510348, 24.0707295], [121.5105826, 24.0707796], [121.5107057, 24.0708502], [121.5110114, 24.0709709], [121.5116104, 24.0710637], [121.5121836, 24.0712221], [121.5131543, 24.0694965], [121.5149468, 24.0686349], [121.5152722, 24.0682546], [121.5157628, 24.0679076], [121.516988, 24.0675242], [121.5196404, 24.0668448], [121.5202738, 24.0657208], [121.5204617, 24.0655915], [121.520687, 24.0650083], [121.5208731, 24.0642831], [121.5210455, 24.0639], [121.5210753, 24.0637542], [121.5211822, 24.0631301], [121.5213093, 24.0619611], [121.5214456, 24.0613963], [121.5215193, 24.061238], [121.5220265, 24.060593], [121.522486, 24.05979], [121.5229793, 24.0586033], [121.5233527, 24.0579248], [121.523938, 24.057381], [121.5245518, 24.0569817], [121.5248683, 24.0566623], [121.5250025, 24.056418], [121.5251062, 24.0559233], [121.5251943, 24.0557515], [121.5256745, 24.0553729], [121.5269857, 24.0545557], [121.5272827, 24.0543324], [121.5275044, 24.0541183], [121.5278239, 24.0535731], [121.5282215, 24.053258], [121.5284869, 24.0529456], [121.5287661, 24.052764], [121.5291256, 24.052239], [121.5294627, 24.0517955], [121.5301996, 24.0512873], [121.5303529, 24.0511355], [121.5308569, 24.05033], [121.5311781, 24.0498653], [121.5312176, 24.0497537], [121.531291, 24.0496492], [121.5311837, 24.0495384], [121.5311201, 24.0494151], [121.5310116, 24.0490972], [121.5308842, 24.0485201], [121.5308227, 24.0480865], [121.5314124, 24.04787], [121.5316109, 24.0478618], [121.531882, 24.0478978], [121.5319662, 24.0477991], [121.5321041, 24.047511], [121.5321633, 24.0473868], [121.5322191, 24.0472274], [121.5323, 24.0470508], [121.5324057, 24.0468892], [121.5324925, 24.0467945], [121.5326677, 24.046649], [121.5330881, 24.0460561], [121.5331451, 24.0459938], [121.5333568, 24.0458768], [121.5336715, 24.0457448], [121.5343443, 24.0455958], [121.534684, 24.0455675], [121.534918, 24.0455983], [121.5353378, 24.0457616], [121.5357705, 24.0458401], [121.5358343, 24.0458822], [121.5359566, 24.0459174], [121.5360644, 24.0459061], [121.5365644, 24.0457489], [121.5366371, 24.045757], [121.5374465, 24.0459935], [121.5378324, 24.0462224], [121.5381636, 24.0463566], [121.5384825, 24.0463572], [121.5388939, 24.0464195], [121.5392296, 24.0465474], [121.5393894, 24.04663], [121.539636, 24.046663], [121.5399526, 24.0468627], [121.5401693, 24.0468959], [121.5405349, 24.0468925], [121.5406617, 24.0469167], [121.5409302, 24.0470489], [121.5414632, 24.0471921], [121.5416335, 24.0472676], [121.5418417, 24.0472534], [121.5419911, 24.0471919], [121.5423071, 24.0471569], [121.5427392, 24.04695], [121.5429102, 24.0469155], [121.5431998, 24.0466752], [121.5433836, 24.0466886], [121.5435385, 24.0467433], [121.5437241, 24.0467604], [121.543805, 24.04679], [121.5441321, 24.0468276], [121.5445829, 24.0467296], [121.5447151, 24.0466977], [121.5449757, 24.0466576], [121.5453621, 24.0462048], [121.5456411, 24.0459346], [121.5458586, 24.0457011], [121.5460286, 24.0455568], [121.546701, 24.0444393], [121.5468621, 24.044283], [121.5469243, 24.0441879], [121.5471203, 24.0440405], [121.548628, 24.0437033], [121.5488747, 24.0437022], [121.5490914, 24.0437219], [121.5492358, 24.043676], [121.5493545, 24.0436691], [121.5495262, 24.0436999], [121.5499533, 24.0436839], [121.5503406, 24.0437044], [121.5506641, 24.043742], [121.5508431, 24.0437359], [121.5509763, 24.0436971], [121.5514837, 24.0433725], [121.5517905, 24.0432955], [121.5520707, 24.0432317], [121.5521899, 24.0431848], [121.5527204, 24.0428059], [121.5529136, 24.0427203], [121.5531266, 24.0426645], [121.55332, 24.0425758], [121.5534296, 24.0424663], [121.5536677, 24.0423217], [121.5541896, 24.0423672], [121.5549637, 24.042545], [121.5550686, 24.0425859], [121.5552394, 24.0427317], [121.5553697, 24.0428031], [121.5555253, 24.042849], [121.5558522, 24.0428616], [121.5561723, 24.0429219], [121.5564906, 24.0429684], [121.5574354, 24.0432864], [121.5578124, 24.0434384], [121.5579332, 24.0434527], [121.5579932, 24.0434324], [121.5581443, 24.0432738], [121.5582885, 24.0432853], [121.5586382, 24.0433878], [121.5587003, 24.0433824], [121.558817, 24.0433491], [121.5591773, 24.0433491], [121.5596107, 24.0431805], [121.5601863, 24.04314], [121.560488, 24.0433764], [121.5608434, 24.0436884], [121.561013, 24.0440507], [121.5612144, 24.0443687], [121.5614937, 24.0446726], [121.5616822, 24.0448343], [121.561775, 24.0449813], [121.5618533, 24.0451722], [121.5622359, 24.0453266], [121.5628369, 24.0454666], [121.5630474, 24.0455584], [121.563376, 24.0458032], [121.5638423, 24.0459798], [121.5643628, 24.0462569], [121.564594, 24.0463492], [121.5649761, 24.0465603], [121.5653547, 24.0468613], [121.5654677, 24.0468993], [121.5655242, 24.0469014], [121.5659864, 24.0468455], [121.5661214, 24.0468936], [121.5664347, 24.0470656], [121.5666089, 24.047134], [121.5666989, 24.0471374], [121.5668329, 24.0472103], [121.5669689, 24.0473902], [121.5670394, 24.0475549], [121.5671147, 24.0478003], [121.567176, 24.0481571], [121.5671324, 24.0483694], [121.5668585, 24.0486977], [121.5667942, 24.0488899], [121.5667785, 24.049224], [121.5668242, 24.0494992], [121.5668987, 24.0496682], [121.567084, 24.0505005], [121.5674095, 24.051093], [121.5675691, 24.0514792], [121.567665, 24.0518211], [121.5676591, 24.0519098], [121.567552, 24.0523324], [121.5674727, 24.0529527], [121.5674621, 24.0531228], [121.5675272, 24.053553], [121.5675224, 24.0537903], [121.5674659, 24.0542078], [121.5680139, 24.0559123], [121.5682447, 24.0569701], [121.5685731, 24.0575152], [121.5690099, 24.058658], [121.5691883, 24.0592555], [121.5694433, 24.0596022], [121.5694964, 24.0598729], [121.5696763, 24.0602211], [121.5698192, 24.060585], [121.5698858, 24.0607906], [121.5699029, 24.0610503], [121.5699466, 24.0611917], [121.5700321, 24.0613494], [121.5702265, 24.0615428], [121.5704942, 24.0624402], [121.5705487, 24.0625822], [121.5706968, 24.0628187], [121.5711524, 24.0631381], [121.5712265, 24.0632163], [121.5715431, 24.0633821], [121.5718522, 24.0637128], [121.5722094, 24.0640367], [121.5723593, 24.0641421], [121.5726249, 24.0642968], [121.5729213, 24.0643511], [121.5732647, 24.0643892], [121.5742777, 24.0641326], [121.5749157, 24.0641233], [121.5751457, 24.0641404], [121.5756108, 24.0641457], [121.5758394, 24.0640906], [121.5762779, 24.0638136], [121.5764154, 24.063777], [121.5766151, 24.063793], [121.5766993, 24.0638283], [121.5770855, 24.063885], [121.5773689, 24.0638907], [121.577426, 24.0638169], [121.5776299, 24.0636711], [121.5778164, 24.063503], [121.5780399, 24.0633681], [121.5782376, 24.063287], [121.5785117, 24.0629406], [121.5786905, 24.0627864], [121.5791129, 24.0627702], [121.5794922, 24.0627067], [121.5801202, 24.0624966], [121.5802842, 24.0628797], [121.5802648, 24.0643132], [121.5803207, 24.0645116], [121.580613, 24.0649191], [121.5810801, 24.0654049], [121.5814185, 24.0658957], [121.5816939, 24.0661108], [121.5818245, 24.0662576], [121.5820105, 24.0666302], [121.5821766, 24.0668589], [121.5822884, 24.0669845], [121.5824319, 24.0670824], [121.583144, 24.0676679], [121.5844628, 24.0690691], [121.5847202, 24.0691235], [121.5848656, 24.0691782], [121.5850652, 24.0694579], [121.5851291, 24.0695474], [121.5854145, 24.0697502], [121.5855255, 24.0698137], [121.5855904, 24.0698855], [121.5856392, 24.0700849], [121.5857886, 24.0701691], [121.5858886, 24.0701946], [121.5864315, 24.0702422], [121.5867514, 24.0703741], [121.587151, 24.0707247], [121.5872488, 24.0707694], [121.5873353, 24.0708514], [121.5877056, 24.0710612], [121.5878274, 24.0712033], [121.587898, 24.0713605], [121.5881194, 24.0717029], [121.5884423, 24.0719477], [121.5887995, 24.0729012], [121.5888502, 24.0731009], [121.5888502, 24.0731943], [121.5889443, 24.0734604], [121.589144, 24.073717], [121.5892967, 24.0740736], [121.5894049, 24.0742183], [121.5894446, 24.0743389], [121.5897284, 24.0747695], [121.589935, 24.0750525], [121.5902119, 24.0755887], [121.5902683, 24.0756682], [121.5903992, 24.0757479], [121.5905313, 24.0758809], [121.5905963, 24.0760213], [121.5907609, 24.0762344], [121.5913526, 24.0769093], [121.5919879, 24.0775366], [121.5921772, 24.077846], [121.592513, 24.078503], [121.5927741, 24.078756], [121.5929723, 24.0790068], [121.5931619, 24.0794756], [121.5932379, 24.0798862], [121.59321, 24.080121], [121.5932604, 24.0805159], [121.5933992, 24.0812896], [121.5935437, 24.0817698], [121.5936397, 24.0818997], [121.5940006, 24.0822737], [121.5941822, 24.0825371], [121.5943311, 24.0827915], [121.5944666, 24.0831241], [121.5946897, 24.0835464], [121.5949591, 24.083929], [121.5951593, 24.0841517], [121.595281, 24.0842369], [121.595527, 24.0843474], [121.5957842, 24.084506], [121.5959782, 24.0847196], [121.5961037, 24.0849991], [121.5961794, 24.0854231], [121.5961637, 24.0857495], [121.5961917, 24.0860958], [121.5963425, 24.086269], [121.5966373, 24.0864845], [121.5975021, 24.0870297], [121.5977913, 24.0872475], [121.5982822, 24.0879295], [121.5987286, 24.0884312], [121.5989181, 24.0887803], [121.5990262, 24.0891591], [121.5989519, 24.0904393], [121.5989617, 24.0910871], [121.5987518, 24.0915687], [121.5981448, 24.0925711], [121.598046, 24.0927881], [121.5979359, 24.0932423], [121.5977747, 24.0934732], [121.5968224, 24.0941879], [121.5966305, 24.0945047], [121.5957988, 24.0955689], [121.5952957, 24.0961171], [121.5948621, 24.0968072], [121.5944905, 24.0975792], [121.5940772, 24.0983678], [121.5940053, 24.0991604], [121.5939866, 24.100779], [121.5929834, 24.1016722], [121.592401, 24.1020696], [121.5921909, 24.1022129], [121.5917403, 24.1025203], [121.5916054, 24.1026124], [121.5914082, 24.1027576], [121.5911759, 24.1029286], [121.59034, 24.1035441], [121.5892794, 24.1042711], [121.5885062, 24.1048847], [121.5876839, 24.1055752], [121.5871546, 24.1061325], [121.5878063, 24.1064799], [121.5881379, 24.1065148], [121.5891187, 24.1063033], [121.589275, 24.1063388], [121.5898329, 24.1066685], [121.5902898, 24.1067593], [121.5911899, 24.1066362], [121.5917774, 24.1065237], [121.592652, 24.1063393], [121.5939534, 24.1065126], [121.594485, 24.1065331], [121.5949293, 24.1066307], [121.59585, 24.1069725], [121.5963261, 24.1072234], [121.596789, 24.1074121], [121.5972326, 24.1075585], [121.5975257, 24.1073858], [121.5976763, 24.1072219], [121.5977978, 24.1069942], [121.5978712, 24.1069217], [121.5979861, 24.1068986], [121.5982583, 24.1070579], [121.5994636, 24.1078635], [121.599329, 24.107968], [121.5991482, 24.1080589], [121.59851, 24.1082419], [121.5981203, 24.1085279], [121.597944, 24.1087163], [121.5978035, 24.1088993], [121.5976854, 24.1091309], [121.5975601, 24.1094179], [121.5974749, 24.1095462], [121.5973642, 24.1096708], [121.597275, 24.1097366], [121.5966632, 24.1100572], [121.5964359, 24.1100808], [121.5962839, 24.1101174], [121.5960829, 24.1101959], [121.5959232, 24.1102949], [121.5957976, 24.1104511], [121.5956807, 24.1107631], [121.5955259, 24.1110205], [121.595374, 24.1112541], [121.5951618, 24.1114378], [121.594957, 24.1115469], [121.5947647, 24.1115883], [121.5946232, 24.1115708], [121.5941781, 24.1114371], [121.5937878, 24.1112734], [121.5933163, 24.1110138], [121.5931682, 24.1109795], [121.5929011, 24.1108913], [121.5927741, 24.1108394], [121.5924396, 24.1106719], [121.5922775, 24.1106389], [121.5921083, 24.1106257], [121.5920607, 24.1106395], [121.5922456, 24.1111444], [121.5929115, 24.112214], [121.5932408, 24.1125039], [121.5936067, 24.1127237], [121.5941215, 24.1129112], [121.594593, 24.113016], [121.5947436, 24.1130759], [121.5951567, 24.1135258], [121.5953708, 24.113631], [121.5957282, 24.1137267], [121.5959029, 24.1140525], [121.5962467, 24.1145802], [121.5965886, 24.1149716], [121.5969439, 24.115171], [121.5975768, 24.1154847], [121.5980147, 24.1157764], [121.5987612, 24.1161369], [121.5991711, 24.1166861], [121.5992199, 24.1175843], [121.5994046, 24.1182404], [121.6004027, 24.1193335], [121.6005438, 24.1200621], [121.6005553, 24.1207392], [121.600686, 24.1212105], [121.6013557, 24.1217564], [121.6014333, 24.122519], [121.60168, 24.1229469], [121.6012493, 24.1232037], [121.6011173, 24.1235044], [121.6008258, 24.1244807], [121.6007373, 24.1251492], [121.6005436, 24.1257414], [121.6016662, 24.1280687], [121.6022533, 24.1290416], [121.6026101, 24.1298505], [121.6025981, 24.1300515], [121.6024163, 24.1304359], [121.60232, 24.130568], [121.6019753, 24.130923], [121.6017659, 24.1312466], [121.6030469, 24.1323228], [121.6039166, 24.1322426], [121.6046792, 24.1324766], [121.6055678, 24.1324776], [121.6062413, 24.1320774], [121.6069962, 24.1320114], [121.6074022, 24.1321307], [121.6077977, 24.1321956], [121.6082383, 24.1321102], [121.6086143, 24.1320072], [121.6085294, 24.1331678], [121.6085822, 24.1334019], [121.608651, 24.133919], [121.6084411, 24.1344526], [121.6087584, 24.1356815], [121.6088984, 24.1359631], [121.6091486, 24.1362826], [121.6092432, 24.1367134], [121.6092589, 24.1374334], [121.6094692, 24.1374935], [121.6100144, 24.1380218], [121.6105967, 24.1384055], [121.6114689, 24.13949], [121.611916, 24.1395062], [121.6122941, 24.1394686], [121.6123896, 24.1395066], [121.6135443, 24.14038], [121.6150983, 24.141674], [121.6172312, 24.1440242], [121.6182347, 24.1454761], [121.6186583, 24.146287], [121.6188572, 24.1467805], [121.6191278, 24.1481902], [121.6191348, 24.1486303], [121.6193298, 24.1492661], [121.6192911, 24.1495916], [121.6191195, 24.1505626], [121.6188606, 24.1514459], [121.6186412, 24.1520498], [121.6185606, 24.1524339], [121.6186172, 24.1526978], [121.6190061, 24.1533666], [121.6190753, 24.1536304], [121.6190821, 24.1539532], [121.6191764, 24.1542507], [121.6194833, 24.1546445], [121.6206528, 24.1550348], [121.6209906, 24.1551937], [121.6213036, 24.1554926], [121.6214665, 24.1557312], [121.621912, 24.1567361], [121.6222377, 24.1570621], [121.6225441, 24.1572099], [121.6232256, 24.1572838], [121.6238881, 24.1573172], [121.6241816, 24.1572777], [121.624369, 24.1571798], [121.6244748, 24.156983], [121.6245931, 24.156583], [121.6247859, 24.1562143], [121.6250045, 24.1560824], [121.6252162, 24.1560976], [121.6255596, 24.1562858], [121.6256861, 24.1563054], [121.6260047, 24.1563041], [121.6262486, 24.1562466], [121.627192, 24.1561818], [121.6275232, 24.1560563], [121.6276856, 24.1560624], [121.6279475, 24.1561967], [121.6281423, 24.1563179], [121.6284676, 24.1563639], [121.6295732, 24.1562081], [121.6298729, 24.1560579], [121.6300456, 24.1558812], [121.6303224, 24.1556565], [121.6306158, 24.1555357], [121.6308592, 24.1553925], [121.6309682, 24.1552479], [121.6312703, 24.1546865], [121.6316261, 24.154439], [121.6318948, 24.1543634], [121.632183, 24.1542019], [121.6324193, 24.1539662], [121.6325491, 24.1537239], [121.6328841, 24.1532645], [121.6336881, 24.1526988], [121.6342932, 24.1522158], [121.6348744, 24.1519764], [121.6356996, 24.1518719], [121.6362681, 24.1517629], [121.6369547, 24.1515621], [121.6380054, 24.1513087], [121.6390072, 24.1512568], [121.639824, 24.1512582], [121.6402053, 24.1511934], [121.6404811, 24.1511019], [121.6408866, 24.151045], [121.6411928, 24.1509658], [121.6425488, 24.1503506], [121.6433354, 24.1501839], [121.6445798, 24.1499719], [121.6450235, 24.1499723], [121.6463538, 24.1501976], [121.6468049, 24.1502401], [121.6474048, 24.1504001], [121.6476237, 24.1505256], [121.6477362, 24.1507034], [121.647668, 24.1510242], [121.6474729, 24.1518606], [121.6473077, 24.1526194], [121.6473454, 24.1527795], [121.6476399, 24.1533177], [121.6477967, 24.1537301], [121.6479223, 24.1542465], [121.6485497, 24.1559616], [121.6488007, 24.1568386], [121.6490516, 24.1574967], [121.6498416, 24.1593262], [121.6504187, 24.1608226], [121.6507389, 24.1626651], [121.6509776, 24.1638246], [121.6512173, 24.1644578], [121.6515927, 24.1657022], [121.6520099, 24.1667094], [121.6524024, 24.1678183], [121.6524007, 24.1691727], [121.6528036, 24.1696653], [121.6532721, 24.1710154], [121.6534996, 24.1719128], [121.6541969, 24.1732009], [121.6546047, 24.1741576], [121.655856, 24.176846], [121.6559465, 24.1781774], [121.6563332, 24.1782615], [121.6564548, 24.1785138], [121.6561911, 24.1792824], [121.6565744, 24.1797706], [121.6563826, 24.1802725], [121.6561446, 24.1805873], [121.6561449, 24.1809485], [121.6562992, 24.1812864], [121.6561122, 24.1821404], [121.6564802, 24.1823465], [121.6565994, 24.1823234], [121.6570865, 24.182529], [121.6569668, 24.1826537], [121.6569543, 24.1828997], [121.6570285, 24.1829666], [121.6574294, 24.1831302], [121.6575043, 24.1832856], [121.6575412, 24.1836466], [121.6574972, 24.1839402], [121.6575157, 24.1845361], [121.6575967, 24.1847434], [121.6577717, 24.184921], [121.6579405, 24.1850354], [121.658634, 24.1853168], [121.6602906, 24.1852577], [121.6603531, 24.1853161], [121.6606163, 24.1860191], [121.6608055, 24.1863841], [121.6614925, 24.1883359], [121.6616979, 24.1885607], [121.6626531, 24.1906152], [121.6631427, 24.1918387], [121.6633342, 24.1925218], [121.6647298, 24.1956172], [121.6658177, 24.1973121], [121.6659749, 24.1974946], [121.6663323, 24.197624], [121.666693, 24.19813], [121.6673683, 24.1985982], [121.6681668, 24.1991934], [121.6684458, 24.1992999], [121.6685609, 24.1993813], [121.6686811, 24.1997081], [121.6691588, 24.2005411], [121.6693821, 24.2011268], [121.6694876, 24.2015261], [121.6700541, 24.2026138], [121.6706577, 24.203636], [121.6710344, 24.2040654], [121.6713484, 24.2045336], [121.6714302, 24.2047002], [121.6715066, 24.2050769], [121.6716323, 24.2052885], [121.6720702, 24.2058328], [121.6729143, 24.2067162], [121.6735897, 24.2075597], [121.6740276, 24.2079888], [121.674434, 24.2081721], [121.674728, 24.2083853], [121.6751592, 24.2083788], [121.6754211, 24.2084962], [121.6756899, 24.2085713], [121.675841, 24.2086264], [121.6764477, 24.2089239], [121.6776608, 24.2094061], [121.6791058, 24.2096998], [121.6793683, 24.2100102], [121.6795685, 24.2101583], [121.6802072, 24.2105372], [121.6808504, 24.2108523], [121.6809569, 24.210985], [121.6811755, 24.2110246], [121.6813444, 24.2111977], [121.6815258, 24.2112826], [121.6822637, 24.2114441], [121.6827579, 24.2116383], [121.6830342, 24.211838], [121.683164, 24.2118858], [121.6835598, 24.2121268], [121.6838971, 24.2123916], [121.684291, 24.2125749], [121.6854648, 24.2127401], [121.6857166, 24.212801], [121.6859104, 24.2129107], [121.6863851, 24.2133239], [121.6868724, 24.2135542], [121.6871349, 24.2138984], [121.6874035, 24.214141], [121.6875719, 24.2143817], [121.6877132, 24.2146285], [121.6877278, 24.2147196], [121.687818, 24.2148222], [121.6881756, 24.2150317], [121.6883588, 24.2151863], [121.6888456, 24.215886], [121.6889592, 24.2159976], [121.6892017, 24.216144], [121.6893451, 24.2163849], [121.6894702, 24.2164769], [121.6897079, 24.2165119], [121.689864, 24.2166963], [121.6901142, 24.2169065], [121.6902201, 24.216961], [121.6903146, 24.2169794], [121.6905766, 24.2169453], [121.6907456, 24.2169541], [121.6911516, 24.2171171], [121.6917896, 24.2172022], [121.6920148, 24.2172734], [121.6921584, 24.2173766], [121.6924332, 24.2177207], [121.6927704, 24.2180013], [121.692789, 24.2180983], [121.6929954, 24.2182554], [121.6931325, 24.2184669], [121.6934075, 24.2186214], [121.6937074, 24.2189428], [121.6944635, 24.2194382], [121.6948508, 24.2198292], [121.6950483, 24.2200001], [121.6954131, 24.22026], [121.6957522, 24.2206015], [121.6961376, 24.2209316], [121.6962693, 24.220991], [121.696544, 24.2210404], [121.6971386, 24.2210128], [121.6972893, 24.2210595], [121.6977341, 24.2213555], [121.6979573, 24.2215605], [121.6987422, 24.2220957], [121.699012, 24.2221869], [121.6997911, 24.2225628], [121.7002237, 24.2227345], [121.7011384, 24.2228567], [121.7015889, 24.2231525], [121.701795, 24.2234225], [121.7023009, 24.2238242], [121.7030698, 24.2241682], [121.70367, 24.2243302], [121.7039079, 24.2243472], [121.70401, 24.224408], [121.704214, 24.2246121], [121.7045202, 24.2247439], [121.705174, 24.2252326], [121.7053014, 24.2253023], [121.705575, 24.2255812], [121.7060511, 24.2260049], [121.7061509, 24.2261335], [121.7063379, 24.226794], [121.7065873, 24.2273865], [121.7066367, 24.2277068], [121.7068302, 24.2280287], [121.7072426, 24.2284308], [121.7073108, 24.2288097], [121.707579, 24.2294518], [121.7077537, 24.2297331], [121.7077597, 24.230083], [121.7079531, 24.23045], [121.7081585, 24.2310472], [121.7088696, 24.2326059], [121.7098119, 24.2343441], [121.7100065, 24.2346501], [121.7103579, 24.2351993], [121.7105588, 24.235476], [121.7107849, 24.2358541], [121.7109545, 24.2361535], [121.711124, 24.2363536], [121.7112683, 24.2365787], [121.7114878, 24.2369343], [121.7116448, 24.2371683], [121.7117641, 24.2373235], [121.7119085, 24.2375011], [121.712009, 24.2376451], [121.7122161, 24.237915], [121.712379, 24.2381151], [121.7125737, 24.2383783], [121.7127682, 24.2385964], [121.7130254, 24.2389247], [121.7132702, 24.2392351], [121.7135841, 24.2396196], [121.7138037, 24.2398759], [121.7140546, 24.2401817], [121.7143058, 24.2404672], [121.7145128, 24.2407325], [121.7147011, 24.2409438], [121.7149267, 24.2411843], [121.7151465, 24.2414135], [121.7154224, 24.2416718], [121.7156921, 24.2419075], [121.7160246, 24.2422242], [121.715881, 24.2427237], [121.7157282, 24.2429465], [121.7154912, 24.2432921], [121.7153418, 24.2434834], [121.7150996, 24.2435872], [121.7148493, 24.2437759], [121.7146454, 24.2438826], [121.714524, 24.2439461], [121.7144002, 24.2440109], [121.7142697, 24.2440792], [121.7140768, 24.2441229], [121.7138269, 24.2441296], [121.7136627, 24.244134], [121.7135448, 24.2441371], [121.7134769, 24.2441389], [121.7134187, 24.2441405], [121.7132866, 24.2441512], [121.7131958, 24.2442013], [121.713065, 24.2442673], [121.7129698, 24.2443445], [121.7129233, 24.2444034], [121.7128275, 24.2444987], [121.7127554, 24.2445374], [121.7127035, 24.2445489], [121.7125056, 24.2441048], [121.7116914, 24.2439897], [121.7114661, 24.2439859], [121.7111608, 24.2439151], [121.7102484, 24.2435424], [121.7094225, 24.2431332], [121.7085148, 24.2426296], [121.7073114, 24.2420735], [121.7059574, 24.2411245], [121.7057535, 24.2410288], [121.7055545, 24.2410123], [121.7054696, 24.2409688], [121.7051294, 24.2405483], [121.7048506, 24.2403216], [121.7042116, 24.2400673], [121.7035352, 24.2396618], [121.7030376, 24.2395942], [121.7025409, 24.2392534], [121.7020145, 24.2391497], [121.7017493, 24.2390426], [121.7013948, 24.2388391], [121.701254, 24.2387243], [121.7009464, 24.2383646], [121.7001761, 24.2380008], [121.6999134, 24.2378999], [121.6991872, 24.2370048], [121.698381, 24.236527], [121.6979492, 24.2363101], [121.6977227, 24.2361283], [121.6974769, 24.235796], [121.6972534, 24.2354176], [121.696997, 24.2348547], [121.6968044, 24.2346863], [121.696317, 24.2345667], [121.6961851, 24.2345656], [121.6956552, 24.2344704], [121.695424, 24.2343879], [121.6948091, 24.2340303], [121.6942379, 24.233662], [121.6940688, 24.2335132], [121.6935092, 24.2331394], [121.6928909, 24.2334559], [121.6925303, 24.2337397], [121.6922476, 24.2338674], [121.6916043, 24.2340554], [121.6910641, 24.2340195], [121.690357, 24.2342507], [121.6902684, 24.2342556], [121.6899502, 24.2340872], [121.6897447, 24.2340097], [121.6884951, 24.2338912], [121.6877898, 24.2337703], [121.6874158, 24.2338509], [121.6871176, 24.234139], [121.6869974, 24.2342027], [121.6868771, 24.234151], [121.6863486, 24.2340941], [121.6857207, 24.2339692], [121.685303, 24.2339118], [121.6850274, 24.2338708], [121.6848438, 24.2338671], [121.6841933, 24.2339693], [121.6837128, 24.2341114], [121.6831684, 24.2343712], [121.6826447, 24.2344277], [121.6824639, 24.2346271], [121.6822086, 24.2351136], [121.6821363, 24.2351726], [121.6817813, 24.2352034], [121.6816112, 24.2352585], [121.6809748, 24.2354973], [121.6804202, 24.2357333], [121.6797518, 24.2364134], [121.6795212, 24.2367305], [121.6788094, 24.2372393], [121.6786011, 24.2374727], [121.6782254, 24.2377656], [121.6780544, 24.2380623], [121.6779791, 24.238261], [121.6780943, 24.2389309], [121.6780762, 24.2391792], [121.6779269, 24.2394861], [121.677761, 24.2397382], [121.6775056, 24.2400282], [121.6772549, 24.2402538], [121.6771061, 24.2403551], [121.6765047, 24.2404435], [121.676041, 24.240572], [121.6755689, 24.2407772], [121.6754803, 24.2409063], [121.6753324, 24.2413335], [121.6752177, 24.2419977], [121.6751523, 24.2421308], [121.6750407, 24.2422603], [121.674465, 24.2425721], [121.6732159, 24.2426634], [121.6728668, 24.2426491], [121.6723594, 24.242853], [121.6722544, 24.2428663], [121.6716345, 24.2424763], [121.6712951, 24.2423175], [121.6704801, 24.2421696], [121.6694294, 24.242021], [121.6686364, 24.2414241], [121.6684106, 24.2411339], [121.6675584, 24.2403476], [121.6672043, 24.2401194], [121.6668958, 24.2399645], [121.6666343, 24.2399228], [121.6658662, 24.2399081], [121.6650676, 24.2401215], [121.6644721, 24.2400541], [121.6640553, 24.2399589], [121.6637697, 24.2397773], [121.6634902, 24.2395302], [121.6634114, 24.2394064], [121.6633745, 24.2392215], [121.6633078, 24.2391], [121.663248, 24.2390482], [121.6629718, 24.2388551], [121.662498, 24.2385886], [121.6623975, 24.2384966], [121.662154, 24.2381343], [121.6618943, 24.2375635], [121.6618214, 24.2374723], [121.6616992, 24.2372401], [121.661475, 24.2370831], [121.6614146, 24.2370608], [121.6601106, 24.2371443], [121.6595571, 24.2371511], [121.6594416, 24.23718], [121.6587256, 24.2374833], [121.6585172, 24.2376535], [121.6583048, 24.2377582], [121.6576149, 24.2379237], [121.6565122, 24.2385379], [121.6562913, 24.2386111], [121.655944, 24.2385043], [121.6553943, 24.2384231], [121.6548778, 24.2382651], [121.6544732, 24.2382262], [121.6543222, 24.23824], [121.654166, 24.238311], [121.6540243, 24.2384177], [121.6539646, 24.2385475], [121.653943, 24.2387521], [121.6539302, 24.2394993], [121.6540093, 24.2398737], [121.6542281, 24.2404709], [121.6542133, 24.2406561], [121.6540542, 24.2409502], [121.6537791, 24.2412516], [121.6536066, 24.2415661], [121.6531509, 24.2419992], [121.6527806, 24.242468], [121.6519734, 24.2437829], [121.6517506, 24.2440683], [121.651107, 24.2441658], [121.6507663, 24.2442824], [121.6505413, 24.2446378], [121.6502476, 24.2452778], [121.6501582, 24.2453617], [121.6500082, 24.2453827], [121.6497298, 24.2453246], [121.6495052, 24.2452313], [121.6489819, 24.245211], [121.6485664, 24.2458516], [121.6484957, 24.2459218], [121.6482758, 24.2459521], [121.6477298, 24.2457468], [121.6473551, 24.2455384], [121.6471485, 24.2453926], [121.6469711, 24.2451856], [121.6466135, 24.2448895], [121.6463299, 24.244579], [121.64587, 24.2448676], [121.6455108, 24.2450181], [121.6453925, 24.2450239], [121.6449005, 24.2449507], [121.6446013, 24.2452906], [121.64435, 24.245497], [121.6439785, 24.2456634], [121.6436061, 24.2457124], [121.6435365, 24.2457601], [121.6432224, 24.2461496], [121.6429561, 24.2463178], [121.6425612, 24.2464887], [121.6422603, 24.246867], [121.6420574, 24.2470123], [121.641034, 24.2470795], [121.6406806, 24.2472686], [121.6403707, 24.2473219], [121.6398166, 24.2473377], [121.6394706, 24.2474475], [121.6393738, 24.2475292], [121.6392164, 24.2477421], [121.6390091, 24.2481989], [121.6379154, 24.2496233], [121.6370927, 24.2509449], [121.6366587, 24.2513621], [121.6363541, 24.2518193], [121.6353877, 24.252663], [121.6351059, 24.252978], [121.6350422, 24.2531069], [121.6349983, 24.253247], [121.6350393, 24.2536419], [121.635373, 24.254593], [121.6354673, 24.2556761], [121.6353754, 24.2565072], [121.6354353, 24.2572294], [121.6354362, 24.2574098], [121.6352281, 24.2579456], [121.635203, 24.2581475], [121.6352375, 24.2584241], [121.6350398, 24.2591337], [121.6347929, 24.2596737], [121.6345445, 24.2601538], [121.6343415, 24.2604323], [121.6341148, 24.2605212], [121.6337587, 24.2605781], [121.6334953, 24.2606502], [121.6331962, 24.2607847], [121.632722, 24.2611026], [121.6322401, 24.2613123], [121.6318235, 24.2616391], [121.6315721, 24.2617801], [121.631221, 24.2618788], [121.6309, 24.2619138], [121.6307109, 24.2620071], [121.6306602, 24.2622737], [121.6307156, 24.2627813], [121.6306637, 24.2631607], [121.6306707, 24.2635986], [121.6308217, 24.2642571], [121.6308322, 24.2652006], [121.6309317, 24.2659405], [121.6309318, 24.2662295], [121.6308474, 24.2664713], [121.6307638, 24.2666071], [121.6304651, 24.266956], [121.6302594, 24.2671239], [121.6296644, 24.2673611], [121.6292972, 24.2676628], [121.6291457, 24.2679569], [121.6290892, 24.2681783], [121.6291652, 24.2685572], [121.6294225, 24.2691679], [121.6295434, 24.2697159], [121.6298357, 24.270525], [121.6289072, 24.2704656], [121.628308, 24.2705449], [121.6277749, 24.2706735], [121.6274665, 24.270853], [121.6269156, 24.2711736], [121.6267284, 24.2711653], [121.6263892, 24.2712299], [121.6261754, 24.2713617], [121.6261375, 24.2714341], [121.6261364, 24.2720887], [121.6259885, 24.2723625], [121.6253574, 24.2725772], [121.6253322, 24.2726022], [121.6249812, 24.2729512], [121.6249102, 24.2729991], [121.6247588, 24.2731011], [121.6245793, 24.2731493], [121.6238779, 24.2731702], [121.6235525, 24.2732301], [121.6230624, 24.2733203], [121.622416, 24.2734945], [121.6220796, 24.2736245], [121.6213182, 24.2741535], [121.6208874, 24.274302], [121.6204198, 24.2746064], [121.6193279, 24.2746966], [121.618943, 24.2746801], [121.6185511, 24.2746005], [121.6183794, 24.2746358], [121.6178129, 24.2747524], [121.6173946, 24.2748986], [121.6171931, 24.2748726], [121.6168418, 24.2747586], [121.6165071, 24.2745546], [121.6162716, 24.2742147], [121.6158867, 24.2741192], [121.6156759, 24.2740024], [121.6152955, 24.2738566], [121.6150836, 24.2737229], [121.6150353, 24.2731633], [121.614362, 24.2726762], [121.6138017, 24.2722022], [121.613499, 24.2717949], [121.6131511, 24.2711304], [121.6129448, 24.2708491], [121.6128224, 24.2707999], [121.6118972, 24.270675], [121.6110312, 24.2707101], [121.6103204, 24.2702755], [121.6100384, 24.2701452], [121.6091859, 24.2700751], [121.6089421, 24.2700277], [121.6087485, 24.2699156], [121.6084748, 24.2696843], [121.607769, 24.2689557], [121.6062126, 24.2686392], [121.6060582, 24.2685352], [121.605901, 24.2683575], [121.6050472, 24.2675197], [121.6045281, 24.2670839], [121.6042518, 24.266936], [121.6037802, 24.2667583], [121.60348, 24.2666095], [121.6031993, 24.2665429], [121.6025331, 24.2664959], [121.6021651, 24.2665784], [121.6020353, 24.2666558], [121.6019115, 24.2666609], [121.6016548, 24.266391], [121.6013482, 24.2661823], [121.600914, 24.2659921], [121.600373, 24.265685], [121.6001186, 24.2656386], [121.5999236, 24.2656353], [121.5998257, 24.2656759], [121.5993438, 24.2659419], [121.5985927, 24.2657259], [121.5981359, 24.2655042], [121.5978553, 24.265458], [121.5973594, 24.2654441], [121.5965035, 24.2655174], [121.5961938, 24.2654442], [121.5958687, 24.2655538], [121.5957748, 24.2655429], [121.5956945, 24.2654845], [121.5953431, 24.2648426], [121.595047, 24.2644464], [121.5946809, 24.2641341], [121.5936817, 24.2635782], [121.5929574, 24.2629558], [121.592734, 24.2628212], [121.5923625, 24.2626827], [121.5918716, 24.2624251], [121.5912245, 24.2621861], [121.5910449, 24.2620716], [121.5906873, 24.261678], [121.589887, 24.2605909], [121.5884021, 24.2593416], [121.5880552, 24.2588969], [121.5878011, 24.2585336], [121.5869571, 24.2580515], [121.5864669, 24.257848], [121.5860457, 24.2577593], [121.5856132, 24.2577648], [121.5852348, 24.2578166], [121.5850801, 24.2577192], [121.5848513, 24.257484], [121.5845851, 24.2573564], [121.5844309, 24.2573069], [121.5839799, 24.2572391], [121.5833668, 24.2570293], [121.5826526, 24.2568537], [121.5824877, 24.2567442], [121.5821597, 24.2564458], [121.5820485, 24.2563865], [121.5818057, 24.2563265], [121.581367, 24.2563524], [121.5811352, 24.256329], [121.5805888, 24.2560444], [121.579644, 24.2556914], [121.5781195, 24.2557153], [121.5773235, 24.2558649], [121.5770474, 24.2558909], [121.5765957, 24.2558316], [121.5761924, 24.2556661], [121.5749882, 24.2549935], [121.574362, 24.2545286], [121.5737126, 24.25396], [121.5736127, 24.2538876], [121.5734693, 24.2538571], [121.5732299, 24.2539423], [121.5730074, 24.2540597], [121.5723916, 24.2544252], [121.5723194, 24.254498], [121.5721582, 24.2549297], [121.5719748, 24.2551109], [121.5716468, 24.2553537], [121.571435, 24.2556254], [121.5708079, 24.2570227], [121.5706228, 24.2573304], [121.5705366, 24.2573307], [121.5700119, 24.2569151], [121.5698451, 24.2568593], [121.5694746, 24.2569307], [121.5689263, 24.2568853], [121.5676928, 24.2570141], [121.5669075, 24.2571795], [121.5662069, 24.2574846], [121.5660383, 24.2575506], [121.5657543, 24.2575946], [121.5654233, 24.2577516], [121.5651036, 24.2580417], [121.5648324, 24.2584581], [121.5646375, 24.2585739], [121.5640542, 24.2587739], [121.5631432, 24.2590377], [121.5627705, 24.2590955], [121.5623681, 24.2590609], [121.5619481, 24.2590963], [121.5617192, 24.2591407], [121.5611717, 24.2593226], [121.5603876, 24.2596889], [121.5596837, 24.2600888], [121.5584526, 24.2610246], [121.5581231, 24.2612435], [121.5573257, 24.2615285], [121.5567441, 24.2618242], [121.556596, 24.2618834], [121.5564424, 24.2619152], [121.5561199, 24.2619358], [121.5556008, 24.262045], [121.5546221, 24.2624729], [121.5543962, 24.2626137], [121.5541358, 24.2629713], [121.554113, 24.2630793], [121.5541538, 24.2633549], [121.5540223, 24.2638949], [121.5539022, 24.2641707], [121.5538652, 24.2647984], [121.5537378, 24.2650742], [121.5529615, 24.2663389], [121.5524012, 24.2669571], [121.5512409, 24.2675956], [121.5510893, 24.2677858], [121.5506349, 24.2681734], [121.5503793, 24.2684903], [121.549998, 24.2692208], [121.549458, 24.2696246], [121.5490376, 24.2701206], [121.548795, 24.2704644], [121.5483873, 24.271143], [121.548131, 24.2718098], [121.5478576, 24.2719362], [121.5474581, 24.2720786], [121.5472603, 24.27205], [121.5466424, 24.2717971], [121.5463275, 24.2717915], [121.5460572, 24.2718444], [121.5459828, 24.2718838], [121.5457718, 24.2721908], [121.5451074, 24.2725069], [121.5444155, 24.2727563], [121.5436625, 24.2729771], [121.5433972, 24.2730912], [121.5431186, 24.2732522], [121.5428905, 24.2733184], [121.5427025, 24.2733212], [121.5424862, 24.2732792], [121.5421629, 24.2731179], [121.5417885, 24.2730176], [121.5407695, 24.2728858], [121.540512, 24.2727829], [121.5404298, 24.2727606], [121.5402878, 24.2727403], [121.5399339, 24.2727579], [121.5397575, 24.2728262], [121.5393891, 24.2730707], [121.5392479, 24.2732176], [121.5390165, 24.2733706], [121.5388515, 24.2735274], [121.538748, 24.2736492], [121.538572, 24.2739478], [121.5384836, 24.2741595], [121.538422, 24.2744336], [121.5384259, 24.2749324], [121.538494, 24.2753024], [121.5384635, 24.2754424], [121.5381816, 24.2756082], [121.5380585, 24.2757576], [121.5376642, 24.2768561], [121.5374545, 24.2771164], [121.5372, 24.277273], [121.5371107, 24.2774313], [121.5370577, 24.2776166], [121.5370483, 24.2779575], [121.5372734, 24.2786361], [121.5373662, 24.2791144], [121.5376093, 24.2795965], [121.5378118, 24.2798035], [121.5380506, 24.2799449], [121.5380918, 24.2799969], [121.5380941, 24.2800485], [121.5380212, 24.2801085], [121.5378651, 24.2801643], [121.5377742, 24.2802483], [121.5376464, 24.2804047], [121.5376061, 24.2805175], [121.5375348, 24.2808147], [121.5375276, 24.2809512], [121.537528, 24.2815152], [121.5375656, 24.2817998], [121.5374517, 24.2824469], [121.5372517, 24.2832861], [121.5371372, 24.2835123], [121.5367608, 24.283947], [121.5359915, 24.2843149], [121.5354283, 24.2845521], [121.5349288, 24.2850121], [121.5347142, 24.2853131], [121.5346306, 24.2856316], [121.5346815, 24.2864712], [121.5347522, 24.286889], [121.534939, 24.287577], [121.5349864, 24.2878831], [121.5349729, 24.2883346], [121.5348678, 24.2888361], [121.534726, 24.2891932], [121.5346223, 24.2893764], [121.5343873, 24.2897249], [121.5342875, 24.2898527], [121.5341363, 24.2899876], [121.5338866, 24.2901158], [121.5336928, 24.2901652], [121.5335369, 24.2901568], [121.5330712, 24.2900613], [121.5328501, 24.2900588], [121.532684, 24.2900852], [121.5324435, 24.2902102], [121.5322293, 24.290355], [121.5321171, 24.2904732], [121.5320756, 24.2905463], [121.5320563, 24.2906653], [121.5320528, 24.2909894], [121.5319859, 24.2914172], [121.5317931, 24.2919473], [121.5317293, 24.2922036], [121.5317191, 24.292322], [121.5318068, 24.2927378], [121.5318318, 24.2932281], [121.5317861, 24.2939347], [121.5317305, 24.2941547], [121.5316805, 24.2942263], [121.5313373, 24.2945254], [121.5310676, 24.2946923], [121.5304037, 24.2950095], [121.5298363, 24.2954133], [121.5297409, 24.2954407], [121.5296484, 24.2954213], [121.5293477, 24.2952743], [121.5290336, 24.2951158], [121.5286993, 24.294889], [121.5285994, 24.2948643], [121.5285009, 24.2948626], [121.5283521, 24.2949106], [121.5280094, 24.2952014], [121.527553, 24.2956673], [121.5273488, 24.2958011], [121.5271574, 24.296042], [121.5269934, 24.2963531], [121.5266676, 24.2966149], [121.5265027, 24.2968018], [121.5263327, 24.2970717], [121.5261587, 24.2974485], [121.5259785, 24.2977266], [121.5257849, 24.2979441], [121.525634, 24.2981682], [121.5254334, 24.2990943], [121.5252248, 24.2994314], [121.5252382, 24.2996082], [121.5254151, 24.3003246], [121.5254284, 24.3004283], [121.5253933, 24.3004985], [121.5252678, 24.300549], [121.5248224, 24.3006493], [121.524549, 24.3007519], [121.5241288, 24.3009739], [121.523672, 24.301278], [121.5230057, 24.3016482], [121.5229476, 24.3016596], [121.5224393, 24.3019713], [121.5222153, 24.3020639], [121.5219727, 24.3020992], [121.5210195, 24.302378], [121.5207605, 24.3024918], [121.520645, 24.3026502], [121.5204477, 24.3031858], [121.5203299, 24.3033465], [121.5198481, 24.3036551], [121.5196855, 24.3037189], [121.5196104, 24.3037098], [121.5194239, 24.3037604], [121.5191956, 24.3039327], [121.5190682, 24.3041266], [121.5189697, 24.3043398], [121.5187754, 24.3049364], [121.5186786, 24.3049773], [121.518029, 24.3049051], [121.5178472, 24.3048283], [121.5174217, 24.3045618], [121.5170023, 24.3045993], [121.5162177, 24.3045862], [121.5159698, 24.3047902], [121.5158718, 24.3049147], [121.5157361, 24.3052424], [121.5156117, 24.3058388], [121.5156019, 24.3063015], [121.5158217, 24.3068493], [121.5157886, 24.3070255], [121.5154614, 24.3074261], [121.5149755, 24.3078657], [121.5147129, 24.3084015], [121.5143193, 24.3087595], [121.5141665, 24.3090377], [121.5140727, 24.3093811], [121.5140305, 24.3096792], [121.5140528, 24.3099251], [121.5140817, 24.3100791], [121.514213, 24.310349], [121.5144248, 24.310574], [121.5145783, 24.3106827], [121.5150029, 24.3109241], [121.5149957, 24.3110438], [121.5145913, 24.311386], [121.5141318, 24.3116008], [121.5138963, 24.3117473], [121.5136969, 24.3120685], [121.5135662, 24.3121976], [121.5133618, 24.3122005], [121.5129356, 24.3121072], [121.5126739, 24.3121148], [121.5125212, 24.3121452], [121.512323, 24.31225], [121.5120809, 24.3123358], [121.5109166, 24.3125316], [121.5107535, 24.3125256], [121.5102819, 24.3123981], [121.5101793, 24.3124076], [121.5099461, 24.3125845], [121.5096083, 24.3126533], [121.5093387, 24.3127761], [121.5086336, 24.3132976], [121.5083434, 24.3134118], [121.5079543, 24.3135008], [121.5080119, 24.3136609], [121.5079424, 24.3137216], [121.5079052, 24.3138509], [121.5080176, 24.3141665], [121.5081634, 24.3142865], [121.5084225, 24.3144134], [121.5084475, 24.3144991], [121.5084254, 24.3147262], [121.5084613, 24.3150386], [121.5088085, 24.3163218], [121.5088908, 24.316791], [121.5087853, 24.3172225], [121.5087926, 24.3175656], [121.5088354, 24.3176489], [121.5089744, 24.3177726], [121.5090437, 24.3179214], [121.5092768, 24.3186948], [121.5093923, 24.3199382], [121.5094992, 24.3201748], [121.50975, 24.3203794], [121.5102045, 24.3205647], [121.5106457, 24.3206946], [121.5120618, 24.3214641], [121.5123055, 24.3213279], [121.5124302, 24.3211085], [121.5124119, 24.3209952], [121.5123357, 24.3208786], [121.5122274, 24.3207788], [121.5119846, 24.3206405], [121.5119282, 24.3205481], [121.5118586, 24.3202391], [121.5118833, 24.3201059], [121.5119209, 24.320038], [121.5120523, 24.3200037], [121.5125153, 24.3199909], [121.5134506, 24.3201911], [121.5136424, 24.3202579], [121.5140058, 24.3205095], [121.5142445, 24.3208992], [121.514295, 24.3211293], [121.514366, 24.3220274], [121.5143479, 24.3222532], [121.5142421, 24.3226012], [121.5143312, 24.3230884], [121.5142763, 24.3234453], [121.5138692, 24.324959], [121.5137844, 24.3256094], [121.5138109, 24.3259366], [121.5142317, 24.3272692], [121.5142642, 24.3275286], [121.5141379, 24.3286667], [121.5139905, 24.329376], [121.5139176, 24.3295309], [121.5138903, 24.329704], [121.5137674, 24.3299568], [121.5137186, 24.3302956], [121.5137513, 24.3304467], [121.5138106, 24.3305932], [121.5140247, 24.3309592], [121.5141721, 24.3312647], [121.5142758, 24.3318625], [121.514291, 24.3323568], [121.5143945, 24.3328914], [121.5143855, 24.3335641], [121.5142683, 24.3339617], [121.5141898, 24.3345015], [121.5140721, 24.3348021], [121.514266, 24.3358353], [121.5142897, 24.3367448], [121.5141988, 24.3373478], [121.5139874, 24.3377075], [121.5139259, 24.3379537], [121.5139594, 24.338317], [121.5138667, 24.338622], [121.5139159, 24.3395993], [121.5138367, 24.3400307], [121.5134705, 24.3407903], [121.5127476, 24.3406099], [121.5125784, 24.3406511], [121.5121594, 24.3409234], [121.5120861, 24.3409391], [121.5117948, 24.3408389], [121.5108659, 24.3408262], [121.5104838, 24.34099], [121.5100945, 24.3409733], [121.5099191, 24.3410145], [121.5086104, 24.3416577], [121.5085106, 24.3417393], [121.5083814, 24.3422408], [121.5082754, 24.3423789], [121.508163, 24.3424605], [121.5079125, 24.3424952], [121.5077512, 24.3427621], [121.5075666, 24.342757], [121.507268, 24.3426779], [121.5058725, 24.3421002], [121.505299, 24.3416891], [121.5047091, 24.3415849], [121.5044503, 24.3415793], [121.5040072, 24.3416347], [121.5029644, 24.3413244], [121.5027184, 24.3411017], [121.5021593, 24.3408982], [121.5016697, 24.3408321], [121.5013738, 24.3406141], [121.5001956, 24.340697], [121.4994693, 24.3408438], [121.4991234, 24.3408179], [121.4985528, 24.340664], [121.4981273, 24.340767], [121.4977318, 24.34059], [121.4971698, 24.3404311], [121.49671, 24.3403586], [121.4961454, 24.3400963], [121.4958255, 24.3400387], [121.4954433, 24.3400286], [121.4945604, 24.3402031], [121.494104, 24.3405138], [121.4937642, 24.3406407], [121.4933159, 24.3408843], [121.4924789, 24.3416274], [121.4921909, 24.341696], [121.4920409, 24.3418342], [121.4918726, 24.3421214], [121.4916224, 24.3422554], [121.491028, 24.3424695], [121.4909286, 24.3427339], [121.4909181, 24.343375], [121.4908059, 24.3435831], [121.4904873, 24.3439452], [121.4902312, 24.3441176], [121.4900814, 24.3443303], [121.4898441, 24.3445432], [121.4896386, 24.3449976], [121.4892883, 24.3451138], [121.4889571, 24.3454129], [121.4883189, 24.3456948], [121.4875171, 24.3457493], [121.4873794, 24.3458084], [121.4872233, 24.345985], [121.4871308, 24.3464345], [121.4868134, 24.347124], [121.486364, 24.3476762], [121.485695, 24.3481298], [121.4856438, 24.3483511], [121.4853618, 24.3483927], [121.4851175, 24.3482716], [121.4848916, 24.3482497], [121.4843656, 24.3483981], [121.4831895, 24.3484199], [121.4819388, 24.3486835], [121.4817016, 24.3488107], [121.481545, 24.3487931], [121.4812511, 24.3488459], [121.4809885, 24.3489438], [121.4808532, 24.3494205], [121.4806794, 24.3497078], [121.4806745, 24.3500418], [121.4802266, 24.350594], [121.4795281, 24.3511583], [121.4788489, 24.351797], [121.4786428, 24.3518608], [121.4781916, 24.3517945], [121.4775271, 24.3515732], [121.47732, 24.3514655], [121.4770825, 24.3515294], [121.476857, 24.3515121], [121.4764621, 24.351405], [121.4761373, 24.3515279], [121.4759056, 24.3515105], [121.4753097, 24.3512619], [121.4751345, 24.3512669], [121.474105, 24.3519721], [121.4738112, 24.3520588], [121.4731497, 24.3524966], [121.4726683, 24.3526425], [121.4715699, 24.3531087], [121.4712695, 24.3531773], [121.4709126, 24.3534335], [121.4706561, 24.3535426], [121.4700181, 24.3536552], [121.4696177, 24.353819], [121.4687347, 24.3543319], [121.468196, 24.3547376], [121.4678954, 24.3548965], [121.4673688, 24.3553586], [121.467125, 24.3554609], [121.4664934, 24.3554877], [121.4661662, 24.3555707], [121.4658618, 24.355686], [121.4648988, 24.3558041], [121.4643601, 24.3562098], [121.4643029, 24.3564222], [121.4641148, 24.3566101], [121.4638331, 24.3567283], [121.4636891, 24.3568552], [121.4635009, 24.3568988], [121.4632754, 24.3568943], [121.4630389, 24.3569339], [121.4627674, 24.3570309], [121.4624622, 24.3570833], [121.462044, 24.3572394], [121.4617808, 24.3574614], [121.4614052, 24.3576792], [121.4611105, 24.357942], [121.4608154, 24.358365], [121.4603826, 24.3587816], [121.4602694, 24.3590551], [121.4602001, 24.3590743], [121.459907, 24.3590269], [121.4589985, 24.3596368], [121.4588793, 24.3598132], [121.458816, 24.3600301], [121.4586781, 24.3601276], [121.4583135, 24.360763], [121.4577234, 24.3607738], [121.4565323, 24.3613575], [121.456351, 24.3614912], [121.4560025, 24.3620566], [121.4559351, 24.3623909], [121.4550043, 24.3631814], [121.4541846, 24.3636669], [121.4539848, 24.3638865], [121.4534348, 24.3642741], [121.4530728, 24.3646838], [121.4528413, 24.3647996], [121.4520703, 24.3649463], [121.4512878, 24.3653527], [121.4508023, 24.3655031], [121.4506162, 24.3661199], [121.4502393, 24.3668253], [121.4498845, 24.3677315], [121.4498261, 24.3683367], [121.4497356, 24.3688041], [121.4496725, 24.3689059], [121.4493251, 24.369101], [121.4491334, 24.3693431], [121.4487716, 24.3700643], [121.4480939, 24.3710369], [121.447778, 24.3717556], [121.4475339, 24.3726164], [121.4470447, 24.3738232], [121.4469105, 24.3743721], [121.4468494, 24.3749682], [121.4468852, 24.3755283], [121.4468667, 24.3760245], [121.4465929, 24.3758333], [121.4465313, 24.3757903], [121.4462905, 24.3756221], [121.4461426, 24.3755761], [121.4450036, 24.3749793], [121.4445461, 24.3747695], [121.444354, 24.3746346], [121.4441518, 24.3745878], [121.4435788, 24.3748491], [121.4431692, 24.3749474], [121.4428885, 24.3746751], [121.442603, 24.3744998], [121.442342, 24.3742275], [121.4421333, 24.3741205], [121.4420363, 24.3741132], [121.441923, 24.3741226], [121.4418143, 24.3742177], [121.4416358, 24.3745342], [121.441361, 24.3748085], [121.4409336, 24.3751819], [121.4409081, 24.3754799], [121.440734, 24.3759996], [121.4407379, 24.3764104], [121.4404706, 24.3768016], [121.440356, 24.3773076], [121.4401679, 24.3775226], [121.4399149, 24.3779612], [121.4398007, 24.3783363], [121.4395976, 24.3786619], [121.439488, 24.3790347], [121.4391659, 24.3796022], [121.4388575, 24.3800501], [121.438626, 24.3804389], [121.4383041, 24.3808078], [121.4381355, 24.3812303], [121.4376403, 24.3819135], [121.4375213, 24.3821553], [121.4373718, 24.3826659], [121.4373586, 24.382884], [121.4372583, 24.3831551], [121.4371918, 24.3836368], [121.4366246, 24.3835055], [121.4358057, 24.383571], [121.4346009, 24.3838702], [121.4336533, 24.3839452], [121.4333177, 24.3840251], [121.4331791, 24.3841113], [121.4323691, 24.3840775], [121.431919, 24.3839953], [121.431208, 24.3840116], [121.4309763, 24.3839844], [121.4297489, 24.3841459], [121.4293083, 24.3840275], [121.4291211, 24.3840754], [121.4288518, 24.38425], [121.4287044, 24.3842956], [121.4284129, 24.3843351], [121.4282212, 24.3843285], [121.4279826, 24.3842051], [121.4270408, 24.3835283], [121.4264075, 24.3830199], [121.4260794, 24.3828358], [121.4254, 24.3825984], [121.4248231, 24.3822569], [121.4243911, 24.3820572], [121.4240104, 24.3819928], [121.4222439, 24.3820429], [121.42212, 24.3820162], [121.4212595, 24.3822917], [121.4207241, 24.3820991], [121.4204059, 24.3819126], [121.4202113, 24.3817506], [121.4201156, 24.3816087], [121.4196393, 24.3814046], [121.419264, 24.3810196], [121.4188069, 24.3803731], [121.4184816, 24.3800196], [121.4183823, 24.3799657], [121.4182636, 24.3799412], [121.4173527, 24.3801288], [121.4169865, 24.3800756], [121.4168338, 24.3800941], [121.4163876, 24.3803256], [121.4158835, 24.3806768], [121.4155788, 24.3807702], [121.4154552, 24.3807593], [121.4146547, 24.3803145], [121.4142915, 24.3802301], [121.4135054, 24.3799655], [121.4131306, 24.3800004], [121.4126249, 24.3802072], [121.4124143, 24.3803545], [121.4119373, 24.3804912], [121.411794, 24.3804871], [121.4108518, 24.3801624], [121.4091651, 24.3790722], [121.4087099, 24.3789899], [121.4076616, 24.3786315], [121.4071388, 24.3785043], [121.406838, 24.378478], [121.4059546, 24.3785165], [121.4053299, 24.3785011], [121.4050124, 24.3784558], [121.4048197, 24.3784789], [121.4046521, 24.3783055], [121.4044357, 24.3778592], [121.4043668, 24.3777894], [121.4041643, 24.3777673], [121.403745, 24.377852], [121.4036362, 24.37792], [121.4031521, 24.3784653], [121.4029545, 24.3786057], [121.4027226, 24.3786289], [121.4025695, 24.3787264], [121.4023322, 24.3789844], [121.4021542, 24.3793121], [121.4018058, 24.3796765], [121.401532, 24.380018], [121.4012601, 24.3802377], [121.4011566, 24.3802483], [121.401004, 24.3801868], [121.4006237, 24.3801604], [121.4002338, 24.3801817], [121.3996303, 24.3800661], [121.3993853, 24.3800576], [121.3992867, 24.3800307], [121.3989811, 24.3796365], [121.3984388, 24.379419], [121.3982906, 24.3794059], [121.3980249, 24.3789664], [121.3976059, 24.3786582], [121.3973979, 24.378533], [121.3972656, 24.3784898], [121.3971724, 24.3783712], [121.3968958, 24.3781455], [121.396719, 24.3781321], [121.3961951, 24.3781902], [121.3959946, 24.3782687], [121.3957165, 24.3783156], [121.3951683, 24.378563], [121.3949266, 24.3784982], [121.3946456, 24.3784989], [121.3944433, 24.3784295], [121.3942958, 24.3780416], [121.3937536, 24.3775239], [121.3936649, 24.377339], [121.3935473, 24.3766531], [121.393247, 24.3761957], [121.3929266, 24.3759685], [121.3922016, 24.3756228], [121.3914816, 24.3754779], [121.3896902, 24.3758392], [121.3894568, 24.375829], [121.3893052, 24.3757747], [121.3890687, 24.3755902], [121.3890144, 24.3753804], [121.3883844, 24.374355], [121.3881384, 24.3737665], [121.3878277, 24.3724987], [121.3875615, 24.3719689], [121.3872169, 24.3708863], [121.3870222, 24.3705821], [121.3867182, 24.3704091], [121.3857903, 24.3700729], [121.3847846, 24.3694893], [121.3846137, 24.3693413], [121.3844847, 24.3692816], [121.3832931, 24.3689483], [121.3830685, 24.3688405], [121.3826345, 24.368424], [121.3824223, 24.368348], [121.3821945, 24.3682], [121.3817819, 24.3680086], [121.3813321, 24.3676847], [121.3802603, 24.3675203], [121.3801182, 24.3676877], [121.3796239, 24.3677228], [121.3793152, 24.3679177], [121.3789476, 24.3680721], [121.3786627, 24.3683121], [121.3780124, 24.3685982], [121.3772995, 24.3687579], [121.3767493, 24.3689421], [121.3765755, 24.3690284], [121.3762841, 24.3693519], [121.3761108, 24.3693907], [121.375696, 24.3694075], [121.3751907, 24.3691808], [121.3739035, 24.3687686], [121.3733669, 24.3685442], [121.3733066, 24.3680478], [121.3731568, 24.3678156], [121.3727522, 24.3674442], [121.3725531, 24.3671986], [121.3724222, 24.366673], [121.3722112, 24.3662469], [121.3719722, 24.3660443], [121.3717884, 24.3657672], [121.3716269, 24.3651885], [121.3714819, 24.3644948], [121.3712958, 24.3639535], [121.3712234, 24.3638454], [121.3703118, 24.3630259], [121.3694367, 24.3620845], [121.3691422, 24.3616248], [121.3689814, 24.3611037], [121.3686617, 24.3606802], [121.3682566, 24.3600107], [121.3680812, 24.3598464], [121.3674198, 24.3595004], [121.3671126, 24.3592438], [121.3659347, 24.3580593], [121.365216, 24.357587], [121.3647926, 24.3571705], [121.3643753, 24.3566681], [121.3636535, 24.3563989], [121.3631554, 24.3560322], [121.3629682, 24.3558487], [121.3628303, 24.3556425], [121.3619235, 24.3541413], [121.36146, 24.3537971], [121.3609998, 24.3531503], [121.360313, 24.3524973], [121.3597261, 24.3517945], [121.3594715, 24.351623], [121.3585991, 24.3508875], [121.3581759, 24.3506627], [121.3580041, 24.350451], [121.357611, 24.3502126], [121.3571331, 24.3496697], [121.3568181, 24.3494696], [121.3565632, 24.3494047], [121.3563787, 24.3493013], [121.3560371, 24.3485031], [121.3558795, 24.3483229], [121.3558481, 24.3482078], [121.3555316, 24.3477119], [121.3550141, 24.347431], [121.3545702, 24.3469828], [121.3544934, 24.3468092], [121.3544467, 24.3465114], [121.3544314, 24.3458929], [121.3542025, 24.3455503], [121.3538512, 24.3452306], [121.3535961, 24.3451003], [121.3533272, 24.3448729], [121.353173, 24.3445686], [121.3528777, 24.3435761], [121.3522868, 24.3430402], [121.3518105, 24.3417342], [121.3516261, 24.3413262], [121.3512857, 24.3408688], [121.3506886, 24.340439], [121.3500486, 24.3398491], [121.3490802, 24.3400139], [121.3487992, 24.3399739], [121.3478109, 24.3392493], [121.3473141, 24.3391127], [121.3470548, 24.3389192], [121.3469674, 24.338802], [121.3464663, 24.3390312], [121.3462048, 24.3390182], [121.3455454, 24.3388707], [121.3449622, 24.3385357], [121.3450958, 24.3380727], [121.3454438, 24.337415], [121.3454544, 24.3360968], [121.3448013, 24.335412], [121.3444383, 24.3347876], [121.3434934, 24.3341713], [121.3434305, 24.3332143], [121.3434905, 24.3329614], [121.3431039, 24.3324769], [121.3420093, 24.3314839], [121.3412932, 24.3310838], [121.3405953, 24.3305932], [121.3399842, 24.3298429], [121.3398294, 24.3288207], [121.3397407, 24.328602], [121.3392816, 24.3282554], [121.3385589, 24.3278214], [121.3375534, 24.3270516], [121.3372218, 24.3274383], [121.3369899, 24.3276288], [121.3368588, 24.327692], [121.3366954, 24.3277352], [121.3359752, 24.3277323], [121.3357822, 24.3277711], [121.3354601, 24.3278892], [121.3348535, 24.328263], [121.3344294, 24.32836], [121.3341466, 24.3284], [121.3337666, 24.3283918], [121.3335998, 24.3283222], [121.3330922, 24.3279591], [121.3327118, 24.3276174], [121.3324047, 24.3273925], [121.3322995, 24.3273258], [121.3320172, 24.3272218], [121.3317706, 24.3272179], [121.3312572, 24.3275553], [121.3305407, 24.3279474], [121.3302933, 24.3280043], [121.3301457, 24.3279798], [121.3299792, 24.3278786], [121.3294747, 24.3273896], [121.3293363, 24.3272999], [121.3292421, 24.3273204], [121.329137, 24.3274267], [121.3290624, 24.3276356], [121.329047, 24.3278558], [121.328903, 24.3281801], [121.3288306, 24.3284816], [121.328588, 24.3288726], [121.328428, 24.3290332], [121.3282236, 24.3291758], [121.327862, 24.3292534], [121.3274273, 24.3292837], [121.3271779, 24.3291826], [121.3279674, 24.3284405], [121.3281244, 24.3281806], [121.3282966, 24.3271645], [121.3282598, 24.3269749], [121.3282884, 24.3267175], [121.3283699, 24.3265413], [121.3285354, 24.3263536], [121.3284884, 24.3257927], [121.3283923, 24.3253133], [121.3283871, 24.3249815], [121.3285303, 24.3242882], [121.3284624, 24.3238572], [121.3282856, 24.323458], [121.3282289, 24.3229841], [121.3280993, 24.3225194], [121.327846, 24.3219771], [121.3277116, 24.3215647], [121.3275789, 24.3212971], [121.3271922, 24.3207059], [121.3269667, 24.320403], [121.3268922, 24.3202309], [121.3268725, 24.3200752], [121.3267468, 24.3198384], [121.3266846, 24.3196016], [121.3267101, 24.3194593], [121.3268172, 24.3192853], [121.3272706, 24.3190066], [121.3273085, 24.3189095], [121.3274075, 24.3183653], [121.3274481, 24.3174803], [121.3274314, 24.3173003], [121.3273844, 24.3171532], [121.326652, 24.316008], [121.3265885, 24.3158037], [121.3265791, 24.3155545], [121.3266276, 24.3152496], [121.3270942, 24.3145804], [121.3275423, 24.314031], [121.3278346, 24.3135621], [121.328124, 24.3129733], [121.3281375, 24.312881], [121.3280739, 24.3127726], [121.3275764, 24.312198], [121.3274109, 24.3119584], [121.3273238, 24.31179], [121.3271612, 24.3108129], [121.3272776, 24.3104335], [121.3275544, 24.3098034], [121.3277192, 24.3095183], [121.3279398, 24.3093418], [121.3284879, 24.3091171], [121.3288798, 24.3088612], [121.3292794, 24.3078965], [121.3301819, 24.3066237], [121.330736, 24.3055187], [121.3308096, 24.3052041], [121.330837, 24.3048209], [121.3307765, 24.304417], [121.3304725, 24.3036232], [121.3304421, 24.3034223], [121.3304077, 24.3028851], [121.3304649, 24.3014178], [121.3303712, 24.3004473], [121.3303358, 24.3002677], [121.3302426, 24.3001293], [121.3300989, 24.3000057], [121.3296215, 24.299686], [121.3287906, 24.2986472], [121.3283711, 24.2982147], [121.3269774, 24.2973464], [121.3260896, 24.2968849], [121.3259107, 24.2967731], [121.3257565, 24.2962791], [121.3255611, 24.296001], [121.3253048, 24.2955306], [121.3243536, 24.29486], [121.3241591, 24.2944947], [121.3239574, 24.2943062], [121.3238185, 24.2942378], [121.3237138, 24.2940908], [121.323307, 24.2928307], [121.3230485, 24.2924859], [121.3229667, 24.2916802], [121.3226786, 24.2913309], [121.3222362, 24.2911829], [121.3221435, 24.2910476], [121.322047, 24.2902465], [121.322108, 24.2894292], [121.321991, 24.2886936], [121.3223353, 24.2876455], [121.3223843, 24.285361], [121.3223006, 24.284763], [121.3221715, 24.2845222], [121.3220187, 24.2843054], [121.3218036, 24.2840914], [121.3217456, 24.2837823], [121.3220428, 24.2832083], [121.3221242, 24.2829147], [121.3220211, 24.2822964], [121.3220326, 24.2814973], [121.3223018, 24.280578], [121.3223919, 24.2804333], [121.3223765, 24.2799323], [121.3221935, 24.2794067], [121.3222107, 24.2791177], [121.3223332, 24.2786457], [121.3226306, 24.2784261], [121.3226609, 24.2783583], [121.3226985, 24.2779835], [121.3226223, 24.2776902], [121.3221769, 24.2773165], [121.3216686, 24.2767803], [121.3208936, 24.2763328], [121.3208566, 24.2754548], [121.3209271, 24.274712], [121.3208363, 24.2743668], [121.320599, 24.2738729], [121.3203605, 24.273501], [121.3200959, 24.2733097], [121.3199662, 24.2731271], [121.3197895, 24.2723848], [121.3195701, 24.2720557], [121.3193242, 24.2718305], [121.3189248, 24.2716327], [121.3188163, 24.2714275], [121.3187206, 24.2710778], [121.3184079, 24.2707241], [121.3182517, 24.2704107], [121.3178306, 24.2700368], [121.3171062, 24.2698126], [121.3168824, 24.2696777], [121.3166936, 24.2695065], [121.3164116, 24.2691075], [121.3161507, 24.2689156], [121.3160726, 24.2688148], [121.3161868, 24.2680832], [121.3161598, 24.2679679], [121.3160785, 24.2678487], [121.3157931, 24.2676786], [121.3156359, 24.2676445], [121.3155423, 24.2675721], [121.3152983, 24.2672273], [121.3151092, 24.2670809], [121.3149658, 24.2668374], [121.3145673, 24.2666013], [121.3142048, 24.2665049], [121.3140192, 24.2663767], [121.3138054, 24.2660543], [121.3136301, 24.2654971], [121.313408, 24.2652024], [121.3130861, 24.2646563], [121.312818, 24.2642844], [121.3122671, 24.2637731], [121.3122117, 24.263394], [121.3120812, 24.2630173], [121.3116424, 24.2628015], [121.310908, 24.2625569], [121.3104532, 24.2619439], [121.3104976, 24.2614833], [121.3101069, 24.2613103], [121.3098662, 24.2610444], [121.3094723, 24.2607924], [121.3093418, 24.2607922], [121.3090705, 24.2607458], [121.308952, 24.2604729], [121.309032, 24.2601974], [121.3094955, 24.2597089], [121.3098429, 24.2589068], [121.3099344, 24.258322], [121.3102653, 24.2578292], [121.3103447, 24.257574], [121.310683, 24.2569751], [121.3108872, 24.2564126], [121.3109364, 24.2562385], [121.3109664, 24.2559271], [121.3108276, 24.2548146], [121.3109265, 24.2543449], [121.3113417, 24.2538384], [121.3119333, 24.2533609], [121.3119918, 24.2531576], [121.3116809, 24.2524878], [121.3113225, 24.2515021], [121.31125, 24.2514323], [121.3110624, 24.250988], [121.3109246, 24.250758], [121.3104317, 24.250294], [121.3103045, 24.2500302], [121.3103277, 24.2491769], [121.3103992, 24.2488246], [121.3107722, 24.2482121], [121.3109882, 24.2475728], [121.3106177, 24.2469461], [121.3105738, 24.2467453], [121.3106109, 24.2462689], [121.3104606, 24.2458674], [121.3103954, 24.2453484], [121.3099728, 24.2447149], [121.3095247, 24.2444179], [121.3092582, 24.244152], [121.3090127, 24.2438094], [121.3087511, 24.2432795], [121.3081227, 24.2412289], [121.3080698, 24.240852], [121.3080938, 24.239712], [121.3082595, 24.2394115], [121.3083116, 24.238689], [121.308404, 24.2381945], [121.3083185, 24.2371902], [121.3083148, 24.2365536], [121.3084041, 24.2356934], [121.3083445, 24.2345897], [121.3084364, 24.2341493], [121.3086013, 24.2337404], [121.308604, 24.2335915], [121.3088561, 24.2332591], [121.3091678, 24.2323533], [121.3093157, 24.2318], [121.3093258, 24.2315678], [121.3092598, 24.2311828], [121.3092699, 24.2310393], [121.3095898, 24.2302419], [121.3096652, 24.229876], [121.309707, 24.2297315], [121.3091429, 24.2300825], [121.3085832, 24.2299549], [121.3081618, 24.2299162], [121.3076422, 24.2297921], [121.3066575, 24.2297602], [121.3064066, 24.2297066], [121.3063347, 24.2296164], [121.3061565, 24.2295965], [121.3055011, 24.229374], [121.3051229, 24.2292898], [121.3049673, 24.2292174], [121.3048236, 24.2289693], [121.3047207, 24.2286467], [121.3045557, 24.2285004], [121.3042524, 24.2284152], [121.3020919, 24.2274037], [121.3012514, 24.2273106], [121.3011615, 24.2271006], [121.3010094, 24.2264713], [121.3005536, 24.2257544], [121.3003661, 24.2251995], [121.3002987, 24.2248159], [121.3003094, 24.2244863], [121.3003163, 24.2243169], [121.3004572, 24.22389], [121.300372, 24.2234026], [121.3000846, 24.2229811], [121.2999082, 24.2229476], [121.2997757, 24.2228711], [121.2997192, 24.2227628], [121.2996723, 24.2224469], [121.2997063, 24.2221353], [121.2996101, 24.221704], [121.2995345, 24.2215555], [121.2992546, 24.2213326], [121.2989677, 24.2211937], [121.298724, 24.2211322], [121.2986451, 24.221072], [121.2985531, 24.2207632], [121.2985151, 24.2204605], [121.2984506, 24.2202825], [121.2983251, 24.2201087], [121.2981681, 24.2199443], [121.2976862, 24.2198098], [121.2974461, 24.2196071], [121.297329, 24.2194154], [121.2968037, 24.2181614], [121.2966962, 24.2179855], [121.2963331, 24.217695], [121.2962208, 24.2175305], [121.2962068, 24.2174031], [121.2962884, 24.2168486], [121.2959112, 24.2164634], [121.2956569, 24.216105], [121.2954264, 24.2159632], [121.2952096, 24.2159997], [121.2950473, 24.215921], [121.2949596, 24.2157632], [121.2949334, 24.2154646], [121.2947973, 24.2147861], [121.2945826, 24.2144896], [121.2942403, 24.2139068], [121.2938208, 24.2131514], [121.293553, 24.2125628], [121.2934798, 24.2124613], [121.2928116, 24.2121963], [121.2926395, 24.2120658], [121.2925076, 24.2119147], [121.2923659, 24.2116937], [121.292269, 24.2114118], [121.2921925, 24.2109424], [121.2920905, 24.2107033], [121.2917153, 24.210397], [121.290851, 24.2099382], [121.2905027, 24.2096739], [121.2900363, 24.2093777], [121.2894628, 24.2089318], [121.2887426, 24.2082312], [121.2885315, 24.2081006], [121.2881822, 24.2080246], [121.2877577, 24.2081992], [121.2876537, 24.2083077], [121.287121, 24.2085119], [121.286411, 24.2086577], [121.2861227, 24.2087869], [121.2860467, 24.2086606], [121.2858764, 24.2082975], [121.2858186, 24.2080358], [121.2851065, 24.2067166], [121.284874, 24.2060443], [121.2845418, 24.2055167], [121.2843851, 24.20535], [121.2843062, 24.2051154], [121.2842273, 24.2044857], [121.2840677, 24.2041068], [121.2840625, 24.2039782], [121.2842063, 24.203777], [121.2841973, 24.2036235], [121.2840601, 24.203477], [121.2835295, 24.2032342], [121.2834397, 24.2025391], [121.2833361, 24.2023046], [121.2830963, 24.2019439], [121.2830167, 24.201567], [121.2829766, 24.2012127], [121.2830312, 24.20033], [121.2828841, 24.1998585], [121.2828486, 24.1995267], [121.2831675, 24.1990675], [121.2833167, 24.1987832], [121.2837024, 24.1984935], [121.2837525, 24.1983354], [121.2837097, 24.1979331], [121.2837195, 24.1977599], [121.2839021, 24.1975519], [121.2838623, 24.1973112], [121.2836778, 24.1968374], [121.2835491, 24.196372], [121.2833817, 24.1954318], [121.2832699, 24.1945982], [121.2831213, 24.1941741], [121.283064, 24.1937047], [121.2829084, 24.1932016], [121.2829197, 24.1928743], [121.2830404, 24.1922285], [121.2830418, 24.1919034], [121.2831515, 24.1915736], [121.2833634, 24.1913428], [121.2838526, 24.1908996], [121.2840756, 24.1906013], [121.2842088, 24.1901857], [121.2843176, 24.189585], [121.2845981, 24.1890762], [121.2846596, 24.1888621], [121.2848946, 24.1884417], [121.2849512, 24.1882675], [121.2849489, 24.1881166], [121.2848269, 24.186776], [121.2845714, 24.1862911], [121.284168, 24.185942], [121.2841699, 24.185682], [121.2842226, 24.1851744], [121.2841787, 24.1847907], [121.2838541, 24.1843218], [121.2836574, 24.1838617], [121.2836429, 24.183566], [121.2835331, 24.1832931], [121.2832889, 24.1830204], [121.2829617, 24.1827614], [121.2827308, 24.1826467], [121.2825834, 24.1824957], [121.2822983, 24.1818146], [121.2817795, 24.1815762], [121.2816232, 24.1812831], [121.2815105, 24.1812291], [121.2813678, 24.1812023], [121.2807617, 24.1812892], [121.2802212, 24.1809922], [121.2799913, 24.1806044], [121.2795789, 24.180244], [121.2794573, 24.1798966], [121.27934, 24.1797162], [121.2785213, 24.1788734], [121.2780938, 24.1786214], [121.2776658, 24.1785251], [121.2770534, 24.1784994], [121.2767549, 24.1784545], [121.2762298, 24.177995], [121.2760287, 24.177878], [121.2757663, 24.1777728], [121.275527, 24.1777209], [121.2747663, 24.1776748], [121.2745623, 24.1776323], [121.2740169, 24.1773037], [121.2734512, 24.1771535], [121.2730425, 24.1771678], [121.2722569, 24.1774198], [121.2714986, 24.1777868], [121.2709813, 24.1778329], [121.2695937, 24.1776118], [121.2690373, 24.1776173], [121.2688301, 24.1776719], [121.268243, 24.1779483], [121.2670621, 24.1779823], [121.2668393, 24.1780185], [121.2655081, 24.1784249], [121.2644978, 24.1786456], [121.2642624, 24.1786589], [121.2640743, 24.178635], [121.2638296, 24.1785199], [121.2635191, 24.1783313], [121.2633668, 24.1782931], [121.262989, 24.1783058], [121.2627954, 24.178337], [121.2624251, 24.1785115], [121.262267, 24.1786449], [121.262083, 24.1790741], [121.2619003, 24.1792099], [121.2603383, 24.1794338], [121.2594757, 24.1796542], [121.2586237, 24.1796827], [121.2581632, 24.1799476], [121.257796, 24.180262], [121.2575469, 24.1804403], [121.2574672, 24.1804567], [121.2573242, 24.1804321], [121.2571809, 24.1803285], [121.256925, 24.1800553], [121.2567291, 24.1797933], [121.2565652, 24.1797219], [121.2562029, 24.1797275], [121.2560593, 24.1794198], [121.2559544, 24.1792809], [121.2553424, 24.1790088], [121.2550616, 24.1788184], [121.2546905, 24.1786442], [121.2542918, 24.1785817], [121.2541138, 24.1784985], [121.253467, 24.1779117], [121.2531691, 24.1776129], [121.2527215, 24.1767897], [121.2526265, 24.1764919], [121.2523794, 24.176314], [121.252319, 24.1760703], [121.2522397, 24.175944], [121.2514363, 24.1757918], [121.2501836, 24.1752996], [121.2498222, 24.1753421], [121.2492981, 24.1754522], [121.248996, 24.1751412], [121.2489321, 24.1751368], [121.2482931, 24.1753794], [121.2477976, 24.1756985], [121.2473269, 24.1761011], [121.2470243, 24.1765936], [121.2468699, 24.1769869], [121.2467817, 24.1773141], [121.2465465, 24.1775222], [121.2462863, 24.1776648], [121.2461934, 24.1777914], [121.2457992, 24.1777135], [121.2456808, 24.1777154], [121.2452139, 24.1778516], [121.2448153, 24.1778636], [121.2444937, 24.1776293], [121.2443402, 24.1774309], [121.2438834, 24.1763627], [121.2435386, 24.1756083], [121.2430952, 24.1751599], [121.2427958, 24.1748171], [121.2423234, 24.1738676], [121.2420853, 24.1735158], [121.2418624, 24.1732137], [121.241097, 24.1725964], [121.2407261, 24.1721917], [121.2405356, 24.171911], [121.240262, 24.1713358], [121.2400575, 24.1706748], [121.2396606, 24.1702352], [121.2393858, 24.1700257], [121.2390663, 24.1698637], [121.237959, 24.1696419], [121.2372391, 24.1693609], [121.2370813, 24.169228], [121.2367378, 24.1688628], [121.2365629, 24.1686125], [121.236293, 24.1684685], [121.2353564, 24.1676189], [121.2337388, 24.1666214]]]}}, {"type": "Feature", "properties": {"name": "雪霸國家公園", "source": "OpenStreetMap", "osm_type": "relation", "osm_id": 3507503}, "geometry": {"type": "Polygon", "coordinates": [[[120.996749, 24.3902541], [120.9968724, 24.3900961], [120.997061, 24.3898703], [120.9972198, 24.3896378], [120.9974492, 24.3892767], [120.9976003, 24.3890442], [120.9976796, 24.3887462], [120.9978073, 24.3882541], [120.9978573, 24.3878433], [120.9978677, 24.3873579], [120.9980164, 24.3867146], [120.9981127, 24.3864957], [120.9981657, 24.3863828], [120.9982237, 24.386297], [120.9982968, 24.3861999], [120.9983873, 24.3860781], [120.9984853, 24.3859674], [120.9986386, 24.3858162], [120.9987667, 24.3856921], [120.9988947, 24.3855702], [120.9991115, 24.3852361], [120.9991899, 24.3850758], [120.999248, 24.3849652], [120.9996959, 24.383981], [121.0001475, 24.3831977], [121.0005734, 24.3825408], [121.0007954, 24.3821774], [121.0010677, 24.3817192], [121.0013715, 24.3810442], [121.0016503, 24.3803535], [121.0018886, 24.3797575], [121.0020851, 24.379042], [121.002317, 24.3782564], [121.002482, 24.3773761], [121.0025533, 24.3767485], [121.0025727, 24.3759991], [121.0025982, 24.3750668], [121.0026152, 24.3743309], [121.0026613, 24.3737079], [121.0026875, 24.3730917], [121.0026669, 24.372796], [121.0025453, 24.3722407], [121.0023913, 24.3716899], [121.00221, 24.371112], [121.0020538, 24.3705206], [121.0019201, 24.3699134], [121.0018477, 24.369489], [121.0018395, 24.3692068], [121.0017576, 24.3687193], [121.0016989, 24.3685026], [121.0016125, 24.3683446], [121.0014933, 24.3682452], [121.0012472, 24.368024], [121.0011506, 24.3679382], [121.0010271, 24.3677193], [121.0009554, 24.3675838], [121.0009259, 24.3675139], [121.0008393, 24.3673784], [121.0005139, 24.3671256], [121.000372, 24.3670421], [120.9998869, 24.3667622], [120.9995999, 24.3665116], [120.9992845, 24.3662565], [120.9991228, 24.3661053], [120.9990257, 24.3659924], [120.9989531, 24.3659067], [120.9988713, 24.3658344], [120.9988144, 24.3657577], [120.9987054, 24.3656177], [120.9984502, 24.3652994], [120.9980858, 24.3648683], [120.9979258, 24.3646426], [120.9979429, 24.3645432], [120.9980558, 24.3644552], [120.9984959, 24.3639067], [120.9989512, 24.3633423], [120.9993167, 24.3627803], [120.9996312, 24.3619518], [120.9998488, 24.3614733], [120.9999429, 24.36076], [121.0001069, 24.3600489], [121.0002059, 24.3593988], [121.0003136, 24.3585794], [121.0004217, 24.3576494], [121.0005552, 24.3569248], [121.000675, 24.3565072], [121.0007914, 24.3562431], [121.0008369, 24.3561437], [121.0009133, 24.3560218], [121.0009539, 24.355927], [121.0010768, 24.3557081], [121.0011175, 24.3555433], [121.0011259, 24.3547713], [121.0011503, 24.3545997], [121.0012403, 24.3544552], [121.0014855, 24.3541686], [121.0016187, 24.354006], [121.0016307, 24.3539944], [121.0017165, 24.3539112], [121.0029507, 24.352936], [121.0036127, 24.3524281], [121.0040052, 24.3519067], [121.0044855, 24.3513198], [121.0048308, 24.3507848], [121.0049208, 24.3504936], [121.004991, 24.3502656], [121.0050908, 24.349866], [121.0050558, 24.3480963], [121.0051004, 24.3470082], [121.0052739, 24.3459473], [121.0055978, 24.3449112], [121.006209, 24.3441301], [121.0069339, 24.3432858], [121.0078347, 24.3423377], [121.0083832, 24.3417169], [121.0095366, 24.3407913], [121.0101092, 24.3403443], [121.0102282, 24.3400915], [121.0103031, 24.339701], [121.0103654, 24.3392924], [121.0104847, 24.3389944], [121.0108443, 24.338193], [121.0108824, 24.3381095], [121.010881, 24.3379267], [121.0107242, 24.337394], [121.0104235, 24.3366242], [121.0101121, 24.3360215], [121.0097847, 24.3355837], [121.0094288, 24.3352857], [121.0091954, 24.3350329], [121.0090317, 24.3348207], [121.0086852, 24.334218], [121.0080056, 24.3334325], [121.0075706, 24.3328073], [121.0068764, 24.3318841], [121.0061024, 24.3311031], [121.0054649, 24.3306968], [121.0053562, 24.3306268], [121.0054285, 24.3305297], [121.0059055, 24.3298886], [121.0064938, 24.3289586], [121.0071609, 24.3279563], [121.0081076, 24.326577], [121.0088632, 24.3260329], [121.0093151, 24.3257056], [121.0097856, 24.3251999], [121.0102136, 24.3246875], [121.0107436, 24.3242405], [121.0112027, 24.323947], [121.0115119, 24.3236851], [121.0116104, 24.3235023], [121.0116966, 24.3233014], [121.011887, 24.3227912], [121.0120163, 24.3224706], [121.0122358, 24.3221365], [121.0126436, 24.3216579], [121.0131589, 24.3211545], [121.0136943, 24.3206466], [121.0140942, 24.3202312], [121.0142249, 24.320107], [121.0142903, 24.3200212], [121.0143459, 24.3199377], [121.01443, 24.3196668], [121.0146793, 24.3189174], [121.0147635, 24.3186374], [121.0148821, 24.3184275], [121.0150938, 24.3181385], [121.0153636, 24.3177209], [121.0156798, 24.3170911], [121.0159496, 24.3162716], [121.0162904, 24.3152445], [121.0164267, 24.3149418], [121.0165533, 24.3146606], [121.0165657, 24.3146331], [121.0165803, 24.3146005], [121.0166574, 24.3144294], [121.0166746, 24.314391], [121.0167403, 24.3142452], [121.0167691, 24.3141812], [121.0167841, 24.3141428], [121.0168425, 24.3139932], [121.0169352, 24.3137561], [121.0169539, 24.3137082], [121.0170152, 24.3135514], [121.0171869, 24.3128132], [121.0172338, 24.3124769], [121.0172983, 24.3121338], [121.0174126, 24.3118222], [121.0175288, 24.3116213], [121.0175653, 24.3115701], [121.0176977, 24.3113843], [121.0178866, 24.3111682], [121.0185581, 24.3104], [121.019221, 24.3097011], [121.0192369, 24.3096843], [121.0193226, 24.309594], [121.0194404, 24.3094984], [121.0195427, 24.3094154], [121.019943, 24.3090905], [121.0201318, 24.3090183], [121.0208172, 24.3087563], [121.0221852, 24.308185], [121.0223867, 24.3080952], [121.0226074, 24.3079968], [121.0233921, 24.307647], [121.0239001, 24.3074206], [121.0239271, 24.3074086], [121.0240596, 24.3073495], [121.0253193, 24.306934], [121.026006, 24.3065998], [121.0268433, 24.3061617], [121.0274854, 24.3057869], [121.0281977, 24.3053443], [121.0288528, 24.3048566], [121.0292902, 24.3044321], [121.0296154, 24.3039557], [121.0299876, 24.3035335], [121.0305483, 24.3029533], [121.0311317, 24.3023234], [121.0316076, 24.3017138], [121.0321133, 24.3006843], [121.0323793, 24.3000545], [121.0325422, 24.2995488], [121.0326497, 24.2991086], [121.0327789, 24.2987745], [121.0329629, 24.2984991], [121.0333352, 24.2980949], [121.0335189, 24.297833], [121.0338258, 24.2975937], [121.0343882, 24.2972369], [121.0352323, 24.2969681], [121.0362295, 24.2966969], [121.0378408, 24.296069], [121.0397077, 24.2958902], [121.0416515, 24.2957113], [121.0432627, 24.2954422], [121.0437486, 24.2952909], [121.0443368, 24.2951711], [121.0449506, 24.2951415], [121.0451808, 24.2952295], [121.0455901, 24.29541], [121.0459227, 24.2954685], [121.0460506, 24.2956198], [121.046511, 24.2957979], [121.0468941, 24.2958023], [121.0471498, 24.2957729], [121.04761, 24.2953822], [121.0481982, 24.2948742], [121.0483005, 24.2948741], [121.0485307, 24.2949959], [121.0491192, 24.2958016], [121.049759, 24.2965192], [121.0498818, 24.2966263], [121.0504754, 24.2971443], [121.0508695, 24.2973984], [121.0512171, 24.2976226], [121.0518568, 24.2980422], [121.0522405, 24.2982498], [121.0532637, 24.2984594], [121.0543891, 24.2985176], [121.0550284, 24.2984881], [121.0558724, 24.2982191], [121.056435, 24.2980406], [121.0568441, 24.2975619], [121.0572017, 24.2970245], [121.0575597, 24.2965729], [121.057841, 24.2961868], [121.0581328, 24.2957984], [121.0584354, 24.2957238], [121.0586833, 24.2956176], [121.0589963, 24.2954324], [121.0594676, 24.2950462], [121.0598488, 24.2946916], [121.0600875, 24.2943642], [121.0603222, 24.2937163], [121.0604184, 24.2933618], [121.060608, 24.292811], [121.0607176, 24.2922195], [121.060841, 24.2919147], [121.0610707, 24.2913187], [121.0613375, 24.2907926], [121.0617677, 24.2900272], [121.0620169, 24.2895079], [121.0621629, 24.2892166], [121.0622234, 24.2890722], [121.062254, 24.2889277], [121.0622675, 24.2886207], [121.0621045, 24.2881196], [121.0620204, 24.28786], [121.0619863, 24.2876208], [121.0619693, 24.2874605], [121.0619698, 24.2873341], [121.0624826, 24.2864919], [121.0625909, 24.2862864], [121.0627556, 24.2856724], [121.0628778, 24.285029], [121.0631548, 24.2844623], [121.0634141, 24.2839317], [121.0634872, 24.283742], [121.0637689, 24.2831505], [121.0641702, 24.2828591], [121.064513, 24.28271], [121.0649388, 24.282457], [121.0651893, 24.2823056], [121.0656873, 24.2821158], [121.0658654, 24.2819261], [121.0660443, 24.2814859], [121.066166, 24.2810366], [121.0661551, 24.280549], [121.066044, 24.2802037], [121.0658999, 24.2799712], [121.0658229, 24.2798313], [121.0657334, 24.2796914], [121.0656989, 24.2795921], [121.0656865, 24.2795153], [121.0657179, 24.2791361], [121.0658141, 24.2788245], [121.0659778, 24.2784588], [121.066111, 24.2782488], [121.0662092, 24.2780411], [121.0663172, 24.2778785], [121.0663702, 24.2777272], [121.0665247, 24.2764721], [121.0666888, 24.2760092], [121.0670008, 24.2754154], [121.0672297, 24.2749571], [121.0674795, 24.2743204], [121.0675496, 24.2742572], [121.0676624, 24.2741894], [121.0677901, 24.2741171], [121.0679653, 24.27402], [121.0681529, 24.2739499], [121.0685182, 24.2738256], [121.0712921, 24.2730726], [121.07167, 24.2729054], [121.0719955, 24.2727156], [121.0724816, 24.2723474], [121.0726495, 24.2722322], [121.0727695, 24.2721802], [121.0733798, 24.272049], [121.0735672, 24.2720241], [121.0737024, 24.2719902], [121.0737948, 24.2719675], [121.0743155, 24.2716941], [121.0743908, 24.2715948], [121.0744114, 24.2714458], [121.0743944, 24.2713262], [121.0743473, 24.271184], [121.0743309, 24.2711546], [121.074315, 24.2711253], [121.0742255, 24.2710147], [121.0741533, 24.2709312], [121.0740812, 24.27085], [121.0739492, 24.2706921], [121.0738251, 24.2704822], [121.0737235, 24.2702497], [121.0736295, 24.2699789], [121.0736204, 24.2697238], [121.0736212, 24.2694755], [121.0735847, 24.2670895], [121.073575, 24.2662927], [121.0737327, 24.26548], [121.0739553, 24.2647327], [121.0740192, 24.2643015], [121.0740387, 24.2637258], [121.0740279, 24.2632902], [121.0740563, 24.2630057], [121.0740667, 24.2628951], [121.0740848, 24.2627168], [121.0742315, 24.262254], [121.0743924, 24.2619469], [121.0746735, 24.2615923], [121.0754738, 24.2606506], [121.076266, 24.2598895], [121.0769903, 24.2592706], [121.0780489, 24.2585409], [121.0786881, 24.2581817], [121.0794929, 24.258109], [121.0802979, 24.2579574], [121.081368, 24.2577491], [121.0819531, 24.2576427], [121.0822406, 24.2575839], [121.0825582, 24.2575137], [121.0830135, 24.2573735], [121.0832885, 24.2572785], [121.0834061, 24.2572333], [121.0836438, 24.2571497], [121.0839216, 24.2570276], [121.0841068, 24.2569124], [121.0843121, 24.2567633], [121.0855094, 24.2566204], [121.0857843, 24.2566496], [121.0860564, 24.2566946], [121.0862962, 24.2567396], [121.0864784, 24.2567846], [121.0867279, 24.256859], [121.0868601, 24.2569379], [121.0870252, 24.2570733], [121.0871193, 24.2571274], [121.087185, 24.2571815], [121.0873543, 24.2573778], [121.0874012, 24.2574004], [121.0874763, 24.2573913], [121.087645, 24.25717], [121.08793, 24.2567748], [121.0880727, 24.2566731], [121.0883779, 24.2565646], [121.0886304, 24.2565238], [121.0889579, 24.2564785], [121.0900901, 24.2563852], [121.0912042, 24.2564117], [121.0921488, 24.2564156], [121.0929786, 24.2563248], [121.0943531, 24.2561863], [121.0951327, 24.2561722], [121.096017, 24.2562326], [121.0966365, 24.2562435], [121.0976412, 24.2561797], [121.0986111, 24.2560323], [121.0990538, 24.2559056], [121.0991338, 24.2558694], [121.0991592, 24.2557701], [121.0989446, 24.2556619], [121.0981958, 24.2554163], [121.0980165, 24.2549966], [121.0981948, 24.2540709], [121.097171, 24.2528775], [121.0971964, 24.2526968], [121.0979242, 24.2526627], [121.0980668, 24.2527039], [121.0998542, 24.2533362], [121.1002804, 24.2536565], [121.1005274, 24.253794], [121.1007592, 24.2539315], [121.1010212, 24.2540578], [121.1017746, 24.2543823], [121.1019667, 24.2544635], [121.1025408, 24.2546527], [121.1028055, 24.2546977], [121.1029778, 24.2547269], [121.1031326, 24.2547607], [121.1035893, 24.2549296], [121.1044571, 24.2554031], [121.1052349, 24.2559014], [121.1060102, 24.256463], [121.1065127, 24.2571082], [121.1069083, 24.2576181], [121.1074114, 24.2581572], [121.1083006, 24.2589647], [121.1091974, 24.2601266], [121.1094213, 24.2602958], [121.1094994, 24.2602709], [121.1095309, 24.2602235], [121.1095724, 24.2601715], [121.1097444, 24.2596838], [121.1100633, 24.2582005], [121.110216, 24.2575435], [121.1103181, 24.2572454], [121.1108034, 24.2566153], [121.1117231, 24.255899], [121.1125409, 24.2552122], [121.1135624, 24.2540444], [121.1143284, 24.25273], [121.115452, 24.2514944], [121.1165765, 24.2508683], [121.117624, 24.2501496], [121.1188248, 24.2492818], [121.1194384, 24.2492204], [121.1207937, 24.2496979], [121.1218644, 24.2502817], [121.123492, 24.250847], [121.1248565, 24.2520468], [121.1269524, 24.2539705], [121.127093, 24.2540923], [121.1272899, 24.2542682], [121.127332, 24.2542682], [121.1273954, 24.2542252], [121.1274375, 24.2541846], [121.1276274, 24.2539226], [121.1285584, 24.2526486], [121.1286401, 24.2525357], [121.1287696, 24.2524837], [121.128966, 24.2523561], [121.129369, 24.2518427], [121.1295847, 24.2525436], [121.130052, 24.2532359], [121.1308076, 24.2534141], [121.1318835, 24.2531564], [121.1331508, 24.2524695], [121.1341574, 24.2515062], [121.1349249, 24.2512839], [121.1354608, 24.2513783], [121.1359113, 24.2518094], [121.136558, 24.2518733], [121.1373777, 24.251631], [121.1386938, 24.2506319], [121.1397071, 24.2504114], [121.1404266, 24.2503849], [121.1418685, 24.2508352], [121.1434171, 24.2511455], [121.1449471, 24.2510737], [121.1459582, 24.2518696], [121.1474653, 24.2520863], [121.1484498, 24.2510678], [121.1491482, 24.2509467], [121.1498018, 24.2513159], [121.1511925, 24.2518059], [121.1527255, 24.2514001], [121.1541167, 24.2511737], [121.1565635, 24.250358], [121.157713, 24.2506962], [121.1580233, 24.2509467], [121.1581889, 24.2514053], [121.1584561, 24.2519149], [121.1589502, 24.252259], [121.1592625, 24.252457], [121.1595417, 24.2527492], [121.159947, 24.2529829], [121.1602239, 24.2532325], [121.1604961, 24.2534264], [121.1612149, 24.2538213], [121.1622578, 24.2555955], [121.1627233, 24.2562078], [121.1632271, 24.2566984], [121.1635831, 24.2569556], [121.1641289, 24.2569497], [121.1651632, 24.2566466], [121.1670314, 24.255519], [121.1679312, 24.2551997], [121.1679464, 24.2551943], [121.1687269, 24.2551099], [121.1697921, 24.2549946], [121.1745521, 24.2587291], [121.1786625, 24.2619539], [121.1808434, 24.2636649], [121.1842197, 24.2654646], [121.1849176, 24.2655452], [121.1862111, 24.2656946], [121.1880481, 24.2656742], [121.190154, 24.2648368], [121.1922823, 24.2644284], [121.1967405, 24.2645101], [121.1986361, 24.264308], [121.2005715, 24.2641016], [121.2032374, 24.2632233], [121.2051641, 24.2623247], [121.2067099, 24.2615281], [121.2080765, 24.2612218], [121.2098239, 24.261426], [121.2110337, 24.2621613], [121.2120194, 24.262917], [121.2134308, 24.2629374], [121.2146854, 24.2625902], [121.2154695, 24.2628966], [121.2163208, 24.2645101], [121.2169033, 24.2652657], [121.2177994, 24.2658785], [121.2180472, 24.2661988], [121.2182613, 24.2664784], [121.2183979, 24.2668484], [121.2184129, 24.2669544], [121.2184076, 24.2670899], [121.2184, 24.2671599], [121.2183925, 24.2672886], [121.2183648, 24.2674556], [121.2183444, 24.2677378], [121.21837, 24.2690606], [121.2183894, 24.269257], [121.2185114, 24.2696496], [121.2188068, 24.2706875], [121.2187938, 24.2709923], [121.2187112, 24.2711165], [121.2185613, 24.2712861], [121.2174811, 24.274265], [121.2174686, 24.2743734], [121.2176033, 24.2744793], [121.2178376, 24.2745083], [121.2180448, 24.2745035], [121.2181796, 24.2745078], [121.218332, 24.2745189], [121.2185392, 24.2745321], [121.2187613, 24.2744822], [121.2189336, 24.2744458], [121.2195256, 24.2739754], [121.2197156, 24.2737878], [121.2201578, 24.2735501], [121.22034, 24.2735386], [121.2204548, 24.2735474], [121.2205471, 24.2735383], [121.2206446, 24.2734524], [121.2207696, 24.2733122], [121.2208899, 24.2730908], [121.2211425, 24.2725148], [121.2211952, 24.272368], [121.2212903, 24.2721918], [121.2213378, 24.2720947], [121.2214396, 24.2720065], [121.2216562, 24.271952], [121.2219968, 24.2719131], [121.2223164, 24.2719239], [121.2224373, 24.2719283], [121.2227298, 24.2719391], [121.2228659, 24.2719638], [121.222901, 24.2719818], [121.2229952, 24.2720065], [121.2230875, 24.2719928], [121.2231749, 24.2719633], [121.22328, 24.2718864], [121.2234275, 24.271753], [121.2235648, 24.2715925], [121.2236824, 24.2714231], [121.2237699, 24.2712627], [121.2239824, 24.2710005], [121.2244172, 24.2707267], [121.2249866, 24.2703895], [121.225731, 24.2699392], [121.2266252, 24.26943], [121.2276545, 24.2687851], [121.2281915, 24.2683689], [121.2283939, 24.2682716], [121.2284613, 24.2682715], [121.2283961, 24.2690237], [121.229001, 24.2693504], [121.2331007, 24.2695138], [121.2341313, 24.26933], [121.2350274, 24.2693096], [121.2357578, 24.2694351], [121.2363569, 24.2695379], [121.2365732, 24.2695751], [121.2379313, 24.270181], [121.2386791, 24.2705146], [121.2408858, 24.2714336], [121.2423536, 24.2713921], [121.2435916, 24.2709751], [121.2445853, 24.2699641], [121.2447638, 24.2697864], [121.2458553, 24.2689357], [121.2468925, 24.2682474], [121.2473224, 24.2683384], [121.2478362, 24.2686614], [121.2481, 24.2688017], [121.2487902, 24.2692869], [121.2490913, 24.2695894], [121.2494176, 24.2698236], [121.2495192, 24.2701753], [121.2493282, 24.2710181], [121.2491782, 24.2720823], [121.2493946, 24.2736226], [121.2497643, 24.2745616], [121.2501118, 24.2752285], [121.2506592, 24.2756605], [121.2513, 24.2760663], [121.2518882, 24.2760682], [121.2522285, 24.2759943], [121.2527608, 24.2756266], [121.2529694, 24.2752199], [121.2539386, 24.2747763], [121.2556427, 24.2754379], [121.2559355, 24.2756214], [121.2560327, 24.2758265], [121.2561027, 24.2762188], [121.2558935, 24.2767372], [121.255582, 24.2776747], [121.255486, 24.2787315], [121.2552153, 24.2794708], [121.254643, 24.2808334], [121.2544194, 24.2814752], [121.2542577, 24.2818943], [121.2542379, 24.2821532], [121.2545103, 24.2824949], [121.254602, 24.2826091], [121.2551162, 24.2825426], [121.2555233, 24.2821007], [121.2562552, 24.2814036], [121.2569909, 24.2809129], [121.2579387, 24.2805364], [121.258503, 24.2802503], [121.2588126, 24.2800258], [121.259147, 24.2799103], [121.2592025, 24.2799917], [121.2592278, 24.280226], [121.2591872, 24.2805955], [121.2589897, 24.281243], [121.2588053, 24.2817254], [121.2585636, 24.2820486], [121.2583686, 24.2824588], [121.2583495, 24.2829128], [121.2584315, 24.2833882], [121.2586291, 24.2837486], [121.2591344, 24.2841719], [121.2597266, 24.2842629], [121.2601395, 24.2841861], [121.2604687, 24.2840962], [121.2609335, 24.2842737], [121.2615666, 24.2848453], [121.2614901, 24.2851666], [121.2611622, 24.2860658], [121.2608491, 24.2866925], [121.2607478, 24.2869419], [121.2604936, 24.2870686], [121.2598826, 24.2869992], [121.2593571, 24.2871066], [121.2589844, 24.2873549], [121.2585292, 24.287692], [121.2584456, 24.2880742], [121.2586772, 24.2885205], [121.2591576, 24.2892441], [121.2596199, 24.2897488], [121.2596194, 24.2899771], [121.2596464, 24.2903391], [121.2595114, 24.2909993], [121.2595211, 24.2916814], [121.2593789, 24.2922942], [121.2594458, 24.2927853], [121.2595904, 24.2933791], [121.2599926, 24.2939929], [121.2608486, 24.2944303], [121.2615214, 24.2943567], [121.2623724, 24.2939007], [121.2630328, 24.2934194], [121.2637399, 24.2930796], [121.2642817, 24.2922569], [121.2644592, 24.2921819], [121.2646313, 24.2919371], [121.2647326, 24.2917408], [121.2645861, 24.2913938], [121.2649065, 24.2912075], [121.2656093, 24.291672], [121.265806, 24.2921541], [121.2660219, 24.2929305], [121.2660498, 24.2935503], [121.2656321, 24.2944013], [121.2650372, 24.2955431], [121.2644697, 24.2961211], [121.2642342, 24.2971772], [121.2644288, 24.2983335], [121.2645767, 24.2989636], [121.2648569, 24.299292], [121.265394, 24.2994753], [121.2659338, 24.2994788], [121.2668933, 24.2995108], [121.2675851, 24.2995265], [121.2681172, 24.2993492], [121.269379, 24.299288], [121.2700612, 24.2989392], [121.2704084, 24.2984635], [121.2707307, 24.2974374], [121.270814, 24.2967333], [121.2714916, 24.2961625], [121.2720415, 24.2956809], [121.2724368, 24.2957631], [121.2726679, 24.2956408], [121.2728125, 24.295381], [121.2729655, 24.2949186], [121.273249, 24.2949002], [121.2735797, 24.2950736], [121.2740363, 24.2954786], [121.2741707, 24.2958089], [121.2741055, 24.2960491], [121.2738341, 24.2964596], [121.2735883, 24.2965459], [121.2732456, 24.2966475], [121.2731223, 24.2968013], [121.2732309, 24.297099], [121.2734437, 24.2972283], [121.2734531, 24.2976239], [121.273312, 24.2980468], [121.2731831, 24.2984134], [121.2730941, 24.2985262], [121.2730912, 24.298692], [121.2732195, 24.2987916], [121.2736418, 24.2987438], [121.2743367, 24.2986823], [121.2749382, 24.2989392], [121.2753993, 24.2990503], [121.2756171, 24.2993376], [121.2754692, 24.3002225], [121.2752987, 24.3003492], [121.275048, 24.3004051], [121.2748298, 24.3006996], [121.2746, 24.3014705], [121.2744106, 24.3015022], [121.2741326, 24.3014533], [121.273803, 24.3012395], [121.2734893, 24.3011939], [121.2731886, 24.3013437], [121.2728523, 24.3018262], [121.2725311, 24.3020337], [121.27216, 24.3020841], [121.2719103, 24.3020733], [121.2716582, 24.3020783], [121.2711358, 24.3021334], [121.2710007, 24.3021675], [121.2708978, 24.3022444], [121.2707617, 24.3024094], [121.2706227, 24.3026286], [121.2705346, 24.3027484], [121.2704003, 24.302997], [121.2703142, 24.303198], [121.2702169, 24.3035007], [121.2701908, 24.3036791], [121.2701741, 24.3039071], [121.2701526, 24.3040922], [121.2701389, 24.3042977], [121.2701721, 24.3045459], [121.2702158, 24.3046835], [121.2702748, 24.3047985], [121.270369, 24.3049293], [121.2704579, 24.3050375], [121.2705847, 24.3051411], [121.2708104, 24.3053213], [121.2710241, 24.3054721], [121.2711558, 24.3055667], [121.2712704, 24.3056184], [121.2713697, 24.3056815], [121.2714591, 24.30574], [121.271546, 24.305803], [121.2717812, 24.3060803], [121.2717977, 24.306561], [121.2717864, 24.3067552], [121.2718099, 24.306947], [121.2718588, 24.3070779], [121.2719077, 24.307211], [121.2719767, 24.3073485], [121.2720756, 24.3075177], [121.272189, 24.3077138], [121.2722999, 24.3078875], [121.2723768, 24.3079821], [121.2724852, 24.3081512], [121.2725769, 24.3082617], [121.2727726, 24.3084893], [121.2729067, 24.3085839], [121.2730853, 24.308737], [121.2732071, 24.3088113], [121.2734435, 24.308926], [121.2736456, 24.3089753], [121.2738553, 24.308984], [121.2740602, 24.308952], [121.2742504, 24.3088884], [121.2744986, 24.3087684], [121.2746265, 24.3086869], [121.2748018, 24.308594], [121.2750122, 24.3085101], [121.2752051, 24.3084398], [121.2753703, 24.3083672], [121.2756439, 24.3081541], [121.2761051, 24.3081751], [121.2767248, 24.3080633], [121.2775096, 24.307794], [121.278016, 24.3074639], [121.2785124, 24.3070964], [121.2789968, 24.3068496], [121.2792349, 24.30676], [121.2794103, 24.3066494], [121.2797541, 24.306499], [121.2802036, 24.3064385], [121.2805584, 24.3065005], [121.2808384, 24.3065706], [121.2813085, 24.3066625], [121.2816693, 24.3066636], [121.282327, 24.3065554], [121.282742, 24.3066353], [121.2831103, 24.3068484], [121.2836831, 24.3073065], [121.2838468, 24.3075143], [121.2839111, 24.3078446], [121.2840079, 24.3081283], [121.2846011, 24.308843], [121.2852263, 24.3094374], [121.2854718, 24.3098849], [121.2858077, 24.3103896], [121.2859185, 24.3105961], [121.286016, 24.3107606], [121.2861538, 24.3110594], [121.2864177, 24.3115573], [121.2865618, 24.3118484], [121.2867129, 24.3121664], [121.2868132, 24.3125745], [121.2868644, 24.3129754], [121.2868359, 24.3135924], [121.286847, 24.3141161], [121.2868362, 24.3143711], [121.2870036, 24.3148249], [121.287207, 24.3148644], [121.2875469, 24.3147725], [121.2876872, 24.3145619], [121.2878687, 24.3142594], [121.2880168, 24.3142226], [121.2881601, 24.3142029], [121.288345, 24.3142319], [121.2885326, 24.3143868], [121.2886575, 24.3146578], [121.2887934, 24.3148404], [121.2888964, 24.3152904], [121.2890328, 24.3155388], [121.2892, 24.3157341], [121.2893751, 24.3159309], [121.2896059, 24.3160675], [121.2898533, 24.3161057], [121.2904032, 24.3159551], [121.2907197, 24.3159101], [121.2914507, 24.3159529], [121.2917739, 24.3160976], [121.2919591, 24.3162314], [121.2921584, 24.3163851], [121.2922569, 24.3165089], [121.2923399, 24.3167085], [121.2923003, 24.3168734], [121.2921335, 24.3171552], [121.2918472, 24.3173269], [121.2916214, 24.3174012], [121.2911317, 24.3174649], [121.2909501, 24.3176708], [121.290622, 24.3183163], [121.2905028, 24.3185422], [121.2902514, 24.3185651], [121.2898255, 24.3185479], [121.2895183, 24.3185803], [121.2892028, 24.3186138], [121.289057, 24.3187021], [121.2888801, 24.3188948], [121.2886325, 24.3190735], [121.2880982, 24.3191921], [121.2877596, 24.3192713], [121.2876761, 24.3193646], [121.2876005, 24.3195812], [121.2877834, 24.319754], [121.2879127, 24.3198108], [121.2882343, 24.3200507], [121.2885355, 24.320158], [121.2887868, 24.3202455], [121.2890433, 24.3204054], [121.2894057, 24.3209647], [121.2895673, 24.3212587], [121.2896666, 24.3214303], [121.2896535, 24.3216299], [121.2900602, 24.3223227], [121.2901722, 24.3228136], [121.290294, 24.323063], [121.2903466, 24.3232761], [121.2903961, 24.3234458], [121.2905002, 24.3235954], [121.2905722, 24.3237766], [121.2904402, 24.3247566], [121.2904284, 24.3253841], [121.2902862, 24.3256891], [121.2901036, 24.3260868], [121.2898775, 24.3266267], [121.2898313, 24.3271527], [121.289833, 24.3276222], [121.28983, 24.3280534], [121.2899651, 24.328692], [121.2902484, 24.329249], [121.2904227, 24.329655], [121.2904197, 24.3301019], [121.2904155, 24.330682], [121.29058, 24.3310858], [121.2913002, 24.3319918], [121.2918516, 24.3327628], [121.2923858, 24.333527], [121.2930632, 24.3341397], [121.2934401, 24.3345249], [121.2937233, 24.3347366], [121.2938601, 24.3347882], [121.2941769, 24.3348711], [121.2945312, 24.3349336], [121.2948684, 24.334924], [121.2951384, 24.3348783], [121.2952126, 24.3348115], [121.2955221, 24.3346566], [121.295704, 24.3344833], [121.2958611, 24.3341971], [121.2960592, 24.3339053], [121.2961927, 24.3335456], [121.2962344, 24.3332548], [121.2961173, 24.3328413], [121.2959355, 24.3324044], [121.2958329, 24.3321286], [121.2956766, 24.331929], [121.2955268, 24.3317135], [121.2952043, 24.3311861], [121.2950749, 24.3309129], [121.2950377, 24.3305732], [121.2952756, 24.330325], [121.2956611, 24.3302308], [121.2960058, 24.3300559], [121.2963435, 24.3299432], [121.2965897, 24.3299741], [121.2968773, 24.3299777], [121.2972996, 24.3297761], [121.2976793, 24.3297489], [121.2979449, 24.3295446], [121.2983871, 24.3287483], [121.2986823, 24.3284528], [121.2988158, 24.32794], [121.2990496, 24.3276996], [121.2993376, 24.3275623], [121.2995237, 24.3276071], [121.2997301, 24.3277782], [121.2998572, 24.3279555], [121.2999815, 24.328196], [121.2998598, 24.3288992], [121.2999105, 24.3290905], [121.2999745, 24.3291532], [121.3002316, 24.3292549], [121.3005104, 24.3293297], [121.3014775, 24.3292179], [121.3019851, 24.3291913], [121.3022759, 24.3293069], [121.3024297, 24.3295544], [121.3024608, 24.3300131], [121.3021569, 24.3305674], [121.3019565, 24.3308246], [121.3018359, 24.3311139], [121.3018453, 24.3312773], [121.3019815, 24.3314757], [121.3022, 24.3316468], [121.302551, 24.3318408], [121.3029714, 24.3319953], [121.3031302, 24.3320952], [121.3036203, 24.3323587], [121.3041509, 24.3327073], [121.3042693, 24.3330453], [121.3044247, 24.3334181], [121.3043057, 24.3337859], [121.3037521, 24.3342892], [121.3035042, 24.3347953], [121.3033125, 24.3353555], [121.3029908, 24.3356722], [121.302816, 24.3358566], [121.3024316, 24.3359879], [121.3018724, 24.3360894], [121.3007974, 24.3361176], [121.3001279, 24.3364245], [121.299613, 24.336824], [121.2992482, 24.3370605], [121.2992738, 24.3374947], [121.2994092, 24.3379373], [121.2998734, 24.3385841], [121.2999081, 24.33918], [121.2996799, 24.3397677], [121.2995858, 24.3403666], [121.2995141, 24.3406927], [121.2994399, 24.3407908], [121.2993095, 24.3408633], [121.2990195, 24.3408887], [121.2988967, 24.3409453], [121.2988308, 24.3410741], [121.2988247, 24.3412389], [121.2988856, 24.3414555], [121.2989588, 24.3416811], [121.2990056, 24.3417894], [121.2990721, 24.3419202], [121.2991984, 24.3420757], [121.2993571, 24.3422311], [121.2995133, 24.3424001], [121.2995531, 24.3424384], [121.2995999, 24.3425331], [121.2996269, 24.3426143], [121.2996486, 24.3426865], [121.2996427, 24.3428084], [121.2996195, 24.3429078], [121.2995638, 24.343023], [121.2995582, 24.3431381], [121.2996024, 24.3432283], [121.2996667, 24.3433275], [121.2998429, 24.3434626], [121.299925, 24.3435392], [121.299967, 24.3435888], [121.300029, 24.3436474], [121.3001286, 24.3436923], [121.3002559, 24.3437191], [121.3003734, 24.3436828], [121.3008042, 24.3435239], [121.3014911, 24.3431795], [121.3021399, 24.3426135], [121.3030547, 24.3420566], [121.3033568, 24.3418773], [121.3036936, 24.3419121], [121.303959, 24.3419488], [121.3047207, 24.342299], [121.3050007, 24.3425415], [121.3051831, 24.3430987], [121.3052142, 24.3434124], [121.3058888, 24.3434774], [121.3068818, 24.3428007], [121.3071965, 24.3424859], [121.3073123, 24.3423341], [121.3075183, 24.3422582], [121.3081968, 24.3420491], [121.3084918, 24.3419089], [121.3085023, 24.3420098], [121.3085302, 24.3420445], [121.3086918, 24.342027], [121.3088272, 24.3421657], [121.309187, 24.3425914], [121.3092294, 24.3426401], [121.3097046, 24.3438158], [121.3096588, 24.3443278], [121.309516, 24.3447059], [121.3095122, 24.3449148], [121.3095372, 24.3447907], [121.3097104, 24.3443163], [121.3099443, 24.3440403], [121.3101744, 24.3440129], [121.3106979, 24.3441473], [121.3111636, 24.3443811], [121.3114551, 24.3447236], [121.3118935, 24.3457701], [121.3120408, 24.346447], [121.3121867, 24.3467898], [121.3126255, 24.3477731], [121.312685, 24.3486397], [121.3130642, 24.3494155], [121.3137053, 24.349992], [121.3142225, 24.3502799], [121.3149903, 24.3506304], [121.3159905, 24.351441], [121.3171946, 24.3521247], [121.3174265, 24.3526298], [121.3181107, 24.3542536], [121.3187746, 24.3560581], [121.3192227, 24.3571226], [121.3195587, 24.3582054], [121.3195822, 24.3586297], [121.3195843, 24.3589457], [121.3195848, 24.3591444], [121.3194907, 24.3594606], [121.3193892, 24.3597588], [121.3193379, 24.3598221], [121.3191591, 24.3600301], [121.3191344, 24.3603552], [121.3191603, 24.3605087], [121.3192011, 24.3610413], [121.3195099, 24.362684], [121.3195171, 24.3628736], [121.3195454, 24.3631083], [121.3195813, 24.3632797], [121.3196318, 24.3634151], [121.319725, 24.3636045], [121.3198329, 24.3637668], [121.3200011, 24.3640193], [121.3201235, 24.3641725], [121.3202817, 24.3643798], [121.3204125, 24.3645692], [121.3205757, 24.3648036], [121.3207615, 24.365056], [121.3209804, 24.3653716], [121.3210623, 24.3654888], [121.3211882, 24.3656962], [121.3213515, 24.3659577], [121.3214654, 24.3661561], [121.3215572, 24.3663003], [121.3216153, 24.3664241], [121.3216504, 24.3664988], [121.3217487, 24.3667514], [121.3218202, 24.366986], [121.3219786, 24.3672927], [121.3222219, 24.3676352], [121.3223931, 24.3681857], [121.3224923, 24.369287], [121.3225886, 24.3703432], [121.3227452, 24.371011], [121.322866, 24.3712726], [121.3229823, 24.3715794], [121.3230835, 24.3718771], [121.3231073, 24.3722744], [121.3230862, 24.3725543], [121.3230642, 24.372762], [121.3229675, 24.3731144], [121.322909, 24.3733673], [121.3228103, 24.3736926], [121.3227911, 24.3739183], [121.3229591, 24.3749022], [121.3231313, 24.3755158], [121.3232225, 24.3757594], [121.3233, 24.3759669], [121.3233229, 24.3761384], [121.3231806, 24.3767436], [121.3230685, 24.3768703], [121.3229043, 24.376979], [121.3227893, 24.3770876], [121.3227059, 24.3772051], [121.3226252, 24.3773317], [121.322531, 24.3774854], [121.3224968, 24.3776209], [121.3224841, 24.3777113], [121.3224793, 24.3777745], [121.3224925, 24.3778467], [121.3225183, 24.3779459], [121.3226657, 24.3781352], [121.3231046, 24.3785858], [121.3237435, 24.3790539], [121.3244466, 24.3794497], [121.3249921, 24.3796562], [121.3254465, 24.3796913], [121.3258736, 24.3797265], [121.3259814, 24.3798437], [121.3255207, 24.3808559], [121.3255013, 24.3809734], [121.3254836, 24.3810547], [121.3254948, 24.3811991], [121.3255902, 24.3813975], [121.3262532, 24.3823983], [121.326346, 24.3825336], [121.3263937, 24.3826147], [121.3264415, 24.3827862], [121.3264624, 24.3828855], [121.3264628, 24.3830209], [121.3265648, 24.3836256], [121.3268264, 24.3841217], [121.3270095, 24.3844102], [121.3270977, 24.3845635], [121.3271383, 24.3846718], [121.3271712, 24.384762], [121.3272267, 24.3848883], [121.3273019, 24.3850145], [121.3274097, 24.3851317], [121.3275508, 24.3852488], [121.3277602, 24.3853296], [121.3279289, 24.3854105], [121.327938, 24.3854917], [121.3278716, 24.3857537], [121.3277597, 24.3859797], [121.3276775, 24.3861243], [121.3276531, 24.3862237], [121.3276533, 24.3862959], [121.3276692, 24.3863681], [121.3276891, 24.3864493], [121.3279773, 24.3873245], [121.328, 24.3874148], [121.3280122, 24.387496], [121.3280134, 24.3875953], [121.3279881, 24.3876767], [121.3279391, 24.3877941], [121.3278301, 24.3879659], [121.3276794, 24.3880656], [121.3275151, 24.3881472], [121.3273713, 24.388292], [121.327341, 24.3883643], [121.3273297, 24.3885358], [121.3273504, 24.3888789], [121.3273559, 24.3894748], [121.3273677, 24.389529], [121.3273808, 24.3895831], [121.3274036, 24.3896824], [121.3274465, 24.3898448], [121.327592, 24.3901154], [121.3280365, 24.3908097], [121.328241, 24.39136], [121.3285309, 24.3920907], [121.3285576, 24.392506], [121.3283539, 24.3927502], [121.3282007, 24.3929582], [121.3278664, 24.3933021], [121.3274751, 24.393637], [121.3270408, 24.3939088], [121.32668, 24.3942617], [121.3263467, 24.3946778], [121.3261279, 24.3950033], [121.3260189, 24.3952835], [121.3260045, 24.3954009], [121.325993, 24.3955092], [121.3259678, 24.3956447], [121.3259661, 24.3958253], [121.3259294, 24.3960602], [121.325826, 24.3964667], [121.3257922, 24.3967467], [121.3258221, 24.396864], [121.3258528, 24.3969362], [121.3258677, 24.3969903], [121.3259164, 24.3971076], [121.3260015, 24.3972519], [121.3261292, 24.3974141], [121.3262825, 24.3976124], [121.3264425, 24.3977475], [121.3267861, 24.3979273], [121.3269412, 24.3980624], [121.3269768, 24.3981256], [121.3269917, 24.3981978], [121.326953, 24.3984778], [121.3269307, 24.3985034], [121.3269306, 24.3985034], [121.3266461, 24.3988328], [121.3264664, 24.3990228], [121.3261889, 24.3993259], [121.3258712, 24.3996471], [121.3256214, 24.4000562], [121.3254266, 24.4003794], [121.3252065, 24.4008314], [121.3251168, 24.4011634], [121.3250194, 24.4013916], [121.3249968, 24.401597], [121.3249946, 24.401807], [121.3250071, 24.4020146], [121.325022, 24.4021748], [121.3250497, 24.4024005], [121.3250725, 24.4026239], [121.3251001, 24.402818], [121.3251301, 24.402976], [121.3251452, 24.4032242], [121.3251378, 24.403459], [121.3250905, 24.4036419], [121.3250282, 24.4038452], [121.3249268, 24.4040734], [121.3248248, 24.4043129], [121.3247485, 24.4044937], [121.3247406, 24.4045275], [121.3247265, 24.4045614], [121.3246497, 24.4047693], [121.3245447, 24.4049117], [121.3244939, 24.4050608], [121.3244693, 24.4052053], [121.324469, 24.4052076], [121.3243917, 24.4055666], [121.3243451, 24.4059189], [121.3242545, 24.4062464], [121.3241762, 24.4065964], [121.324148, 24.406917], [121.3241476, 24.4070028], [121.3241406, 24.4070344], [121.3241413, 24.4073053], [121.3241163, 24.407513], [121.3241679, 24.4077206], [121.3241991, 24.4078514], [121.3242141, 24.4079259], [121.3242283, 24.4079484], [121.3243348, 24.4081446], [121.3244524, 24.4083272], [121.3246128, 24.4085187], [121.3248603, 24.4087913], [121.3252635, 24.4093344], [121.3253761, 24.4095306], [121.3254611, 24.4097471], [121.3255338, 24.4099546], [121.3256315, 24.4102117], [121.3257141, 24.410593], [121.3257494, 24.4108977], [121.3258021, 24.4111504], [121.3258171, 24.4113332], [121.3258874, 24.4115836], [121.3259961, 24.4118023], [121.3260734, 24.4120121], [121.326432, 24.4127043], [121.3264753, 24.4128848], [121.3265115, 24.4131782], [121.32659, 24.4137717], [121.3265933, 24.4138281], [121.3265814, 24.4140042], [121.3265284, 24.4143542], [121.3265136, 24.4144693], [121.3264897, 24.414519], [121.326337, 24.4149392], [121.3261595, 24.4151789], [121.3261319, 24.4153685], [121.3261369, 24.4154995], [121.326137, 24.4156755], [121.3261949, 24.4158718], [121.3262925, 24.4161108], [121.3268027, 24.4169111], [121.326948, 24.4180394], [121.326936, 24.4182697], [121.326742, 24.4193942], [121.3267185, 24.4195289], [121.3265649, 24.4204104], [121.3264803, 24.4211555], [121.3265131, 24.4218281], [121.3266532, 24.4222363], [121.3269362, 24.4228745], [121.3272168, 24.4236594], [121.3273199, 24.4243206], [121.3273001, 24.4250182], [121.3273257, 24.4257427], [121.3273652, 24.4262302], [121.3273911, 24.4263497], [121.3277509, 24.4268885], [121.3277992, 24.4270892], [121.3277663, 24.427367], [121.3276261, 24.4277533], [121.3275417, 24.4280966], [121.3275214, 24.4282636], [121.327212, 24.4288535], [121.3269724, 24.4296463], [121.3268426, 24.4304389], [121.3268403, 24.4308542], [121.326938, 24.4311023], [121.3270981, 24.4313006], [121.3273736, 24.4316273], [121.3274988, 24.4319047], [121.3275542, 24.4322386], [121.3275331, 24.4326676], [121.3274815, 24.4329679], [121.3274608, 24.4334216], [121.3274021, 24.4338281], [121.3272673, 24.4341399], [121.3270625, 24.4343187], [121.3266084, 24.4346266], [121.3261861, 24.4349819], [121.325825, 24.4352604], [121.3256992, 24.4353396], [121.3256706, 24.435369], [121.3252783, 24.4356317], [121.3248868, 24.4359373], [121.3245087, 24.4363196], [121.3242422, 24.4366091], [121.3239885, 24.4369392], [121.3237906, 24.4371857], [121.3235434, 24.4375225], [121.3233706, 24.4377983], [121.3231604, 24.4380583], [121.3228878, 24.4383749], [121.3226157, 24.4387231], [121.3223742, 24.4390171], [121.3221698, 24.4392545], [121.321891, 24.4395554], [121.3215808, 24.4398608], [121.3211406, 24.4402951], [121.3210075, 24.4404398], [121.321005, 24.4404421], [121.3203805, 24.4409107], [121.3200134, 24.441144], [121.3199343, 24.4411712], [121.3195909, 24.44126], [121.3193472, 24.4413259], [121.3189224, 24.4414036], [121.3186285, 24.4414516], [121.3182532, 24.4415066], [121.3179907, 24.4415252], [121.3174776, 24.4415827], [121.3171249, 24.4416525], [121.316933, 24.4419337], [121.3171184, 24.4422697], [121.3174089, 24.4430546], [121.3177047, 24.4440178], [121.3181053, 24.4446829], [121.3187527, 24.4452616], [121.3188386, 24.4454353], [121.3187334, 24.4460066], [121.3188417, 24.4465571], [121.3190923, 24.4471931], [121.3193854, 24.4477726], [121.3197611, 24.4481308], [121.3206576, 24.4488106], [121.3213186, 24.4502177], [121.3219277, 24.4514308], [121.3224726, 24.4528517], [121.3229171, 24.4545415], [121.3235329, 24.4560841], [121.3242887, 24.4575362], [121.3250621, 24.4587106], [121.3259122, 24.4597651], [121.3267797, 24.4607248], [121.3276741, 24.4613798], [121.3283883, 24.4619516], [121.3287442, 24.4621562], [121.3291522, 24.4623314], [121.3294646, 24.4624977], [121.3295608, 24.4626284], [121.3296443, 24.4628427], [121.3297385, 24.4632601], [121.329826, 24.46398], [121.3298772, 24.4642101], [121.3301605, 24.4645819], [121.3307353, 24.4650931], [121.3311746, 24.4652253], [121.3321573, 24.4654601], [121.332472, 24.4655249], [121.332849, 24.4656685], [121.3329699, 24.4657856], [121.3331248, 24.4659546], [121.3334392, 24.4661999], [121.3337685, 24.4663279], [121.3345601, 24.466527], [121.3352886, 24.4668053], [121.3356681, 24.4670437], [121.3358814, 24.4672442], [121.3360109, 24.4673951], [121.3360945, 24.4675304], [121.336176, 24.4676701], [121.3362212, 24.4677648], [121.3362499, 24.4678912], [121.3362643, 24.4679634], [121.3362677, 24.4680875], [121.3362547, 24.4681575], [121.3361955, 24.4682818], [121.3360941, 24.4684197], [121.3360155, 24.4686501], [121.3359945, 24.4689797], [121.3360018, 24.4698736], [121.3359553, 24.470368], [121.3356185, 24.4715855], [121.3355892, 24.4717819], [121.3355919, 24.4718812], [121.335627, 24.4719782], [121.3357956, 24.47219], [121.3361842, 24.4724849], [121.3370915, 24.4730607], [121.3376036, 24.4736622], [121.3380558, 24.4739818], [121.3384842, 24.4741839], [121.3390958, 24.4743835], [121.3395531, 24.4745427], [121.3399618, 24.4747382], [121.3402955, 24.4751302], [121.3409033, 24.4761987], [121.341354, 24.4771431], [121.3414578, 24.4774119], [121.3416582, 24.4780245], [121.3416984, 24.4781472], [121.3417496, 24.478725], [121.3417398, 24.4796392], [121.3419157, 24.4803859], [121.3421223, 24.4809724], [121.342087, 24.4810537], [121.3419787, 24.4811194], [121.3418665, 24.48114], [121.34169, 24.4811787], [121.3415033, 24.4812221], [121.3413365, 24.4812518], [121.3411266, 24.4812703], [121.3408702, 24.4813205], [121.3406054, 24.4814385], [121.3403873, 24.4816061], [121.3401681, 24.4817375], [121.3400893, 24.4817805], [121.3399416, 24.4818689], [121.3394654, 24.482037], [121.3385481, 24.4822671], [121.3372522, 24.4825702], [121.3352801, 24.482868], [121.3350631, 24.4829046], [121.3349101, 24.482984], [121.3347454, 24.4830927], [121.334643, 24.4831854], [121.33456, 24.4832692], [121.3344797, 24.4833483], [121.3343879, 24.4834772], [121.334348, 24.4835653], [121.3342635, 24.4837754], [121.3340342, 24.484171], [121.3337021, 24.4844719], [121.3332851, 24.4847889], [121.3327838, 24.4850428], [121.3320628, 24.485304], [121.3309381, 24.4855592], [121.3291025, 24.4860869], [121.3273078, 24.486829], [121.3264966, 24.4872844], [121.3246457, 24.488618], [121.3219757, 24.4904814], [121.3198133, 24.4921496], [121.3194378, 24.4925161], [121.3190701, 24.4927087], [121.3188495, 24.4927995], [121.318579, 24.4928858], [121.3183265, 24.4928909], [121.3179747, 24.4927539], [121.3142775, 24.4914209], [121.3140827, 24.4913513], [121.3138602, 24.4912683], [121.3137074, 24.4911828], [121.3135872, 24.4910928], [121.3134723, 24.4910004], [121.3133455, 24.4908517], [121.3132665, 24.4907142], [121.3132349, 24.4902319], [121.3132146, 24.489922], [121.3131815, 24.4896219], [121.3131195, 24.4893737], [121.3130318, 24.4891933], [121.3129342, 24.4891009], [121.3127992, 24.4890155], [121.312576, 24.4889166], [121.3123192, 24.4887727], [121.3117933, 24.4882207], [121.3113457, 24.4876009], [121.3110547, 24.4867686], [121.3107666, 24.4862048], [121.3105652, 24.4860743], [121.3103529, 24.4860996], [121.310054, 24.4860641], [121.3097643, 24.4860015], [121.3096519, 24.4859114], [121.3095694, 24.4858258], [121.3094166, 24.4856501], [121.3091954, 24.4853345], [121.3090411, 24.484915], [121.3088234, 24.4842789], [121.3085269, 24.4837897], [121.3081542, 24.4827905], [121.3079596, 24.4821588], [121.3079584, 24.4816577], [121.3081002, 24.481285], [121.3083571, 24.48107], [121.3084955, 24.480914], [121.3085652, 24.4808077], [121.3086297, 24.480697], [121.3087091, 24.4803966], [121.3086678, 24.4802545], [121.3085168, 24.4800539], [121.3083974, 24.4798939], [121.3080891, 24.4796191], [121.3077009, 24.4794935], [121.3074758, 24.4794782], [121.3071984, 24.4797383], [121.3070881, 24.4798988], [121.3068813, 24.4800618], [121.3066967, 24.4802111], [121.3065337, 24.4802792], [121.306482, 24.4803222], [121.3064155, 24.4803403], [121.3062306, 24.4803746], [121.3060625, 24.4803546], [121.3058528, 24.4803415], [121.305742, 24.4804185], [121.3056145, 24.4806106], [121.3055596, 24.48071], [121.3054645, 24.4807847], [121.3053669, 24.4808188], [121.3051844, 24.4808507], [121.3050466, 24.4808488], [121.3048542, 24.4808491], [121.3047013, 24.4808427], [121.3045314, 24.4808385], [121.3043463, 24.4809089], [121.3041834, 24.4810085], [121.304026, 24.4810675], [121.3037782, 24.4811199], [121.3036054, 24.4811835], [121.3034405, 24.4811748], [121.3018793, 24.4816113], [121.3001277, 24.4821024], [121.2996976, 24.482198], [121.2994697, 24.4821962], [121.299292, 24.4821672], [121.2991418, 24.4821089], [121.2988893, 24.4819875], [121.2986814, 24.4818434], [121.2985187, 24.4817467], [121.2983159, 24.4816297], [121.2982235, 24.4815599], [121.2981733, 24.4814381], [121.2981883, 24.4813726], [121.2981232, 24.4812463], [121.2980981, 24.4811877], [121.2980756, 24.4810658], [121.298113, 24.4807159], [121.298118, 24.4806166], [121.2980806, 24.4805444], [121.2980203, 24.4804746], [121.2979501, 24.4803934], [121.297825, 24.4802944], [121.297429, 24.4802432], [121.2972986, 24.4802299], [121.2971468, 24.4802077], [121.2970873, 24.4801875], [121.2969932, 24.4801538], [121.2968225, 24.4800932], [121.2967209, 24.4800279], [121.2964712, 24.4797711], [121.2962789, 24.4797827], [121.2956431, 24.4800323], [121.2947251, 24.4804991], [121.2937669, 24.4808847], [121.2932139, 24.4810528], [121.2927685, 24.4811282], [121.2922404, 24.4812872], [121.2918228, 24.4814618], [121.2915024, 24.481564], [121.2912448, 24.4816209], [121.2910271, 24.4816123], [121.2908818, 24.4815788], [121.2906617, 24.4814663], [121.2905314, 24.4813853], [121.2904014, 24.4813043], [121.2901487, 24.4811919], [121.2899508, 24.4810907], [121.289603, 24.4809605], [121.2890875, 24.4809253], [121.2887322, 24.4810253], [121.2874313, 24.4815222], [121.2858249, 24.4824168], [121.2845364, 24.4830603], [121.2833354, 24.4838572], [121.282172, 24.4847758], [121.2802632, 24.4864272], [121.280093, 24.486581], [121.280023, 24.4866962], [121.2798878, 24.4869199], [121.2798105, 24.48706], [121.2797752, 24.4871752], [121.2796179, 24.4874103], [121.2793501, 24.4877584], [121.2791975, 24.4879099], [121.2789473, 24.4881045], [121.2786622, 24.4884323], [121.2785169, 24.4885206], [121.2783668, 24.4885503], [121.2778162, 24.4887522], [121.2768829, 24.4891782], [121.2763401, 24.4895224], [121.2758847, 24.489934], [121.275174, 24.4906441], [121.2745886, 24.4914352], [121.2745134, 24.4915685], [121.2744185, 24.4916229], [121.2743059, 24.491587], [121.2740781, 24.491461], [121.2737076, 24.491254], [121.2733872, 24.4910898], [121.272972, 24.4908558], [121.2725489, 24.4906782], [121.2720886, 24.4905639], [121.2716405, 24.4905173], [121.2710249, 24.4904372], [121.2706422, 24.4904311], [121.2701768, 24.4903371], [121.2697036, 24.4902657], [121.2696688, 24.4904283], [121.2696162, 24.4906022], [121.2694584, 24.4909546], [121.2692934, 24.4913635], [121.2691859, 24.4916729], [121.2690106, 24.4920592], [121.2688082, 24.4924027], [121.268583, 24.4927846], [121.26817, 24.4934444], [121.2678046, 24.4940207], [121.2676519, 24.4942918], [121.2672141, 24.4950375], [121.2667738, 24.4957629], [121.2665685, 24.4959528], [121.2661833, 24.4962244], [121.266028, 24.4962766], [121.2656402, 24.4964375], [121.2652148, 24.4965354], [121.265017, 24.4965763], [121.2647743, 24.4966987], [121.2645041, 24.4968391], [121.2641162, 24.4969639], [121.2635055, 24.497202], [121.2632578, 24.4974281], [121.2629376, 24.497826], [121.2604347, 24.4991644], [121.2579219, 24.5005027], [121.2574139, 24.5008828], [121.2569987, 24.5012583], [121.2566327, 24.5017261], [121.2561828, 24.5020519], [121.2558068, 24.5021384], [121.2555136, 24.5021659], [121.2552107, 24.5021461], [121.2548533, 24.5020948], [121.2541706, 24.5019628], [121.2532601, 24.501874], [121.2529392, 24.5019288], [121.2522676, 24.5020608], [121.2507023, 24.5021921], [121.2486992, 24.5026581], [121.2484931, 24.5027668], [121.2484377, 24.5028166], [121.2484323, 24.5029182], [121.2484818, 24.5029858], [121.2487643, 24.5034752], [121.2489342, 24.5039331], [121.2490241, 24.5043596], [121.2490633, 24.5044995], [121.2491808, 24.5045331], [121.249301, 24.5045104], [121.2496516, 24.5044985], [121.2499414, 24.5045951], [121.250128, 24.5047866], [121.2501944, 24.5049671], [121.2501402, 24.5051952], [121.250061, 24.505491], [121.2500818, 24.5057528], [121.2501975, 24.5060844], [121.2502805, 24.5064274], [121.2502522, 24.5069399], [121.2502811, 24.5075109], [121.2505035, 24.5079958], [121.2509495, 24.5083337], [121.2515101, 24.5087887], [121.2516738, 24.5090593], [121.2516993, 24.509355], [121.2516698, 24.5096891], [121.2516763, 24.5098471], [121.2517258, 24.5099554], [121.2519068, 24.5102372], [121.2520521, 24.5105846], [121.2520146, 24.5109752], [121.2518428, 24.5112508], [121.2517023, 24.5113233], [121.2515368, 24.5113574], [121.2512789, 24.5113376], [121.2509991, 24.5112771], [121.2507061, 24.5112595], [121.2505206, 24.5113366], [121.2503569, 24.5114858], [121.2502604, 24.5116778], [121.2502568, 24.5118878], [121.2503183, 24.512075], [121.2504136, 24.5124247], [121.2504393, 24.5127565], [121.2503102, 24.5129802], [121.2501336, 24.5131949], [121.2497737, 24.5134935], [121.2494381, 24.5139252], [121.2493112, 24.514185], [121.2491409, 24.5145983], [121.2491399, 24.514736], [121.2490075, 24.5146911], [121.2487731, 24.5141836], [121.2484194, 24.5134416], [121.2481499, 24.5125165], [121.2480368, 24.5122052], [121.2479573, 24.5120992], [121.2478677, 24.5120159], [121.247713, 24.5119191], [121.2475479, 24.5118742], [121.2472179, 24.5118319], [121.2466777, 24.5117244], [121.2459799, 24.5116104], [121.2449239, 24.5115467], [121.2441739, 24.5113876], [121.2435894, 24.5111877], [121.2430756, 24.5108702], [121.2422639, 24.510165], [121.2414913, 24.5091821], [121.2402962, 24.5081502], [121.2392966, 24.5070931], [121.2381214, 24.5060792], [121.2373127, 24.50569], [121.2370754, 24.5055865], [121.2366033, 24.505427], [121.2360659, 24.505324], [121.2351996, 24.5053005], [121.2348693, 24.5052943], [121.2345368, 24.5052158], [121.2339378, 24.5049639], [121.2328747, 24.5044193], [121.2319468, 24.5038722], [121.2307836, 24.503348], [121.2302764, 24.5031998], [121.2293006, 24.5031201], [121.2280719, 24.5030768], [121.2278139, 24.5030862], [121.2274887, 24.503028], [121.2272893, 24.5029042], [121.2267343, 24.5024242], [121.225329, 24.5009929], [121.2248574, 24.5007318], [121.2244598, 24.5006669], [121.2240516, 24.5007217], [121.2237097, 24.5009209], [121.2231667, 24.5013077], [121.2228632, 24.5014097], [121.2221193, 24.5014875], [121.2215476, 24.5015087], [121.2210869, 24.5014958], [121.2208931, 24.5014871], [121.2209456, 24.5021619], [121.2209504, 24.5025953], [121.2210841, 24.502884], [121.2214163, 24.5033079], [121.2214865, 24.5034141], [121.2215774, 24.5035515], [121.2216433, 24.5038674], [121.2218904, 24.5047699], [121.2222279, 24.5051938], [121.2227238, 24.5055633], [121.2234468, 24.5060317], [121.2235983, 24.5062392], [121.2235648, 24.5063114], [121.2235649, 24.5064017], [121.2235561, 24.506492], [121.2235208, 24.5065643], [121.2232942, 24.5067723], [121.2226329, 24.5072248], [121.2216667, 24.5076776], [121.2211136, 24.5079403], [121.2206026, 24.5080855], [121.2200256, 24.5082398], [121.219096, 24.5087378], [121.218747, 24.5089369], [121.2175608, 24.5095797], [121.2174682, 24.5096611], [121.2174072, 24.5097425], [121.2173662, 24.509887], [121.2173824, 24.5101578], [121.2173986, 24.5109614], [121.2175278, 24.5115301], [121.217477, 24.5119093], [121.2175048, 24.5124601], [121.2175377, 24.5127851], [121.2176147, 24.5137872], [121.2175292, 24.5141033], [121.2170465, 24.5146097], [121.2165351, 24.5150889], [121.2160386, 24.5154508], [121.2157158, 24.5155325], [121.2156132, 24.5155959], [121.2151226, 24.515407], [121.2146405, 24.5152181], [121.2139453, 24.5147857], [121.2131499, 24.5141909], [121.2117031, 24.5130372], [121.2110182, 24.5125054], [121.2100646, 24.5117122], [121.2097022, 24.5115321], [121.2092275, 24.5114515], [121.2089118, 24.5114971], [121.2084531, 24.5116242], [121.2081286, 24.5117691], [121.2079974, 24.5118234], [121.2078388, 24.5119862], [121.2074784, 24.512402], [121.2071658, 24.5126733], [121.2069847, 24.512827], [121.2067678, 24.5129176], [121.2064816, 24.5129541], [121.2060819, 24.5129366], [121.2056939, 24.512892], [121.2053236, 24.512739], [121.2051457, 24.5125948], [121.2050154, 24.5124505], [121.2048254, 24.5122702], [121.2045659, 24.5121712], [121.2041748, 24.5121447], [121.2040201, 24.512181], [121.2037489, 24.5122987], [121.2034038, 24.5124708], [121.2031907, 24.5125162], [121.2030911, 24.5124802], [121.2029734, 24.5123811], [121.2027708, 24.5121827], [121.2025906, 24.5119572], [121.2024356, 24.5118129], [121.2022153, 24.511723], [121.2019271, 24.5116601], [121.2015798, 24.5116245], [121.2011218, 24.511589], [121.2006619, 24.5115083], [121.2003931, 24.5114003], [121.2000356, 24.5111751], [121.1996175, 24.5107784], [121.1992754, 24.5103635], [121.1989975, 24.5099485], [121.1985643, 24.5093712], [121.1980772, 24.5089024], [121.1969478, 24.508019], [121.1958878, 24.5073432], [121.1955569, 24.507163], [121.1951513, 24.5070733], [121.1947192, 24.5070467], [121.1943479, 24.5070743], [121.1937079, 24.5071925], [121.1920159, 24.5074294], [121.1917101, 24.507484], [121.1915205, 24.5074752], [121.1912727, 24.5073943], [121.1905698, 24.5071423], [121.1899553, 24.506782], [121.189654, 24.5065656], [121.1894082, 24.5065027], [121.1890676, 24.506449], [121.1888683, 24.5063951], [121.188573, 24.506242], [121.1881977, 24.5059986], [121.1877516, 24.5058728], [121.1873792, 24.5057649], [121.1870941, 24.5056208], [121.1869409, 24.5055036], [121.1868014, 24.5054225], [121.1867039, 24.5053955], [121.186626, 24.5054408], [121.186493, 24.5055944], [121.1862001, 24.5058115], [121.1860177, 24.5059381], [121.1858599, 24.5059745], [121.1856293, 24.5060289], [121.1850362, 24.5062102], [121.1845382, 24.5064366], [121.1841834, 24.5066898], [121.1839205, 24.5069971], [121.1836122, 24.5075122], [121.1833739, 24.5077924], [121.1832291, 24.5078828], [121.1830615, 24.5079553], [121.182874, 24.5079916], [121.1824633, 24.5079831], [121.1818021, 24.5080019], [121.1800734, 24.5080221], [121.1794822, 24.5079957], [121.17905, 24.5078969], [121.1784143, 24.5077712], [121.1777014, 24.5075734], [121.1773283, 24.5073933], [121.1770804, 24.507213], [121.1768984, 24.5069333], [121.1767083, 24.5066175], [121.1763931, 24.5061935], [121.1760126, 24.5057786], [121.1755996, 24.505436], [121.1751471, 24.5051295], [121.1748224, 24.5049222], [121.1746236, 24.5048232], [121.1744571, 24.5047872], [121.1742912, 24.5047874], [121.1741364, 24.5047876], [121.1736911, 24.5047881], [121.1731446, 24.5047707], [121.1727921, 24.504735], [121.1725167, 24.5046992], [121.172347, 24.5046542], [121.1721823, 24.5046002], [121.1720391, 24.5045553], [121.171949, 24.5045012], [121.1718444, 24.5044291], [121.1717042, 24.5043119], [121.1715884, 24.5041946], [121.1715036, 24.5041405], [121.1713783, 24.5041226], [121.1712214, 24.5041318], [121.1710814, 24.504132], [121.1708208, 24.5041413], [121.1706401, 24.5041415], [121.1705503, 24.5041055], [121.1704229, 24.5040334], [121.1701997, 24.503817], [121.1696975, 24.5032758], [121.1695306, 24.5029509], [121.1694127, 24.5026982], [121.1692844, 24.5026352], [121.1691619, 24.5026173], [121.1686193, 24.5026721], [121.1673525, 24.5028992], [121.1665989, 24.5031438], [121.1659815, 24.5033161], [121.1651429, 24.5034795], [121.1643339, 24.5035887], [121.1634113, 24.5035807], [121.1623446, 24.5035457], [121.1615916, 24.5035556], [121.1612109, 24.5036734], [121.1610059, 24.5037729], [121.1605955, 24.5040081], [121.1598294, 24.5044423], [121.1591481, 24.5047771], [121.1585652, 24.5050215], [121.15822, 24.5050941], [121.1579094, 24.5053292], [121.1576568, 24.5055371], [121.1573405, 24.5058806], [121.1570784, 24.5061246], [121.1568467, 24.5062513], [121.1564028, 24.5063962], [121.155515, 24.5066499], [121.1548236, 24.5068403], [121.1543095, 24.5068137], [121.1537765, 24.5067149], [121.1531358, 24.506544], [121.1511756, 24.5061487], [121.1508114, 24.506113], [121.1505687, 24.5061223], [121.1503643, 24.5062037], [121.1500864, 24.5063665], [121.1485879, 24.5076411], [121.1473623, 24.5085813], [121.146691, 24.5091328], [121.1459222, 24.509901], [121.1456176, 24.5102986], [121.1453097, 24.5109129], [121.1450852, 24.511509], [121.1450059, 24.5119515], [121.1448951, 24.5118974], [121.1445871, 24.5117081], [121.1438159, 24.5112393], [121.1431362, 24.510626], [121.1426372, 24.5100757], [121.1423468, 24.5099225], [121.1417181, 24.5096974], [121.1413684, 24.5094268], [121.1405635, 24.5088587], [121.1389933, 24.5078038], [121.1387001, 24.5076325], [121.138316, 24.5074071], [121.1374519, 24.5068752], [121.1370462, 24.506686], [121.1367776, 24.506632], [121.1363868, 24.5065782], [121.1344656, 24.5065799], [121.1335431, 24.5066711], [121.1332362, 24.5066713], [121.1330565, 24.5066715], [121.1317498, 24.5066185], [121.1299569, 24.50662], [121.1295977, 24.5066203], [121.129291, 24.5067651], [121.1290406, 24.5070723], [121.128259, 24.5078043], [121.1275239, 24.5079945], [121.1271403, 24.5081664], [121.1269349, 24.5081395], [121.126781, 24.5081667], [121.1264484, 24.508167], [121.1258592, 24.5081404], [121.1255002, 24.508231], [121.1250399, 24.5087731], [121.1244513, 24.5093515], [121.1243123, 24.509478], [121.1237659, 24.5100021], [121.1230117, 24.5105468], [121.1222946, 24.5112606], [121.121968, 24.5115476], [121.1215841, 24.5118481], [121.1208163, 24.5125936], [121.1199968, 24.5131902], [121.1194588, 24.5131613], [121.1190746, 24.5131345], [121.1183452, 24.5130764], [121.1168073, 24.5131295], [121.1159553, 24.5131257], [121.1152561, 24.5131194], [121.1148581, 24.5131491], [121.1145509, 24.5132215], [121.1143368, 24.5133323], [121.1141058, 24.5134747], [121.114, 24.5136215], [121.1138239, 24.5139377], [121.1135929, 24.5142742], [121.1134294, 24.5144188], [121.1132275, 24.5145002], [121.1129105, 24.5145952], [121.1125933, 24.5146609], [121.1121082, 24.5147448], [121.1115568, 24.5149213], [121.1111636, 24.5151292], [121.110718, 24.515344], [121.1104934, 24.5154096], [121.1101403, 24.5154279], [121.1099696, 24.5153987], [121.1097981, 24.5153244], [121.1094434, 24.5153201], [121.1089822, 24.5153498], [121.1087263, 24.5155915], [121.1085214, 24.515709], [121.1084189, 24.515831], [121.1083167, 24.5160387], [121.1079842, 24.5166958], [121.1076771, 24.5171114], [121.1072596, 24.517272], [121.1068927, 24.5174686], [121.1064606, 24.5176472], [121.1060512, 24.5178845], [121.105788, 24.5182572], [121.1057798, 24.5185913], [121.1057492, 24.5193791], [121.1056961, 24.5197312], [121.1055773, 24.5199887], [121.1054607, 24.5201671], [121.1053863, 24.5202868], [121.1051743, 24.5204178], [121.1050195, 24.5204902], [121.1049375, 24.5205128], [121.1046077, 24.520732], [121.104233, 24.5213282], [121.1039907, 24.521861], [121.1039806, 24.5223035], [121.1040354, 24.5227256], [121.1041545, 24.522958], [121.104346, 24.5231813], [121.104555, 24.5234024], [121.1047012, 24.5236167], [121.1047221, 24.5237657], [121.1046952, 24.5238537], [121.104648, 24.5239283], [121.1045908, 24.5239915], [121.1042586, 24.5241339], [121.1040236, 24.5241928], [121.1036928, 24.5241366], [121.1034253, 24.5241842], [121.1030908, 24.5243988], [121.1028036, 24.5244961], [121.1026383, 24.5244917], [121.102553, 24.5244331], [121.1024465, 24.5241984], [121.1022627, 24.524027], [121.1020923, 24.5239616], [121.1018793, 24.5239618], [121.1017722, 24.5240476], [121.1012276, 24.5247003], [121.1009319, 24.5255651], [121.1007741, 24.5260053], [121.1005908, 24.5263576], [121.1007073, 24.5265945], [121.1008083, 24.5267683], [121.1008943, 24.5268969], [121.1009399, 24.5269984], [121.1009328, 24.5270977], [121.1006958, 24.5272198], [121.0999694, 24.527595], [121.0998366, 24.5276064], [121.0998036, 24.5275116], [121.0997905, 24.5274168], [121.0997882, 24.5269947], [121.0997347, 24.5267961], [121.0996313, 24.526672], [121.0995185, 24.526654], [121.099353, 24.5266338], [121.0991532, 24.5267062], [121.098834, 24.5269028], [121.0986255, 24.5272483], [121.0986572, 24.5275259], [121.0987812, 24.5277741], [121.0988419, 24.527914], [121.0988229, 24.5280969], [121.0986786, 24.5282617], [121.0977643, 24.5286145], [121.0973322, 24.528775], [121.0970445, 24.5288249], [121.0967991, 24.528816], [121.0967008, 24.5286806], [121.0965951, 24.5286039], [121.0963715, 24.5284664], [121.0961334, 24.5284056], [121.0959082, 24.5284351], [121.0957109, 24.5285278], [121.0956261, 24.5285843], [121.0955065, 24.5286724], [121.0953726, 24.5289298], [121.0953589, 24.529151], [121.0953371, 24.5292797], [121.0952824, 24.5293452], [121.0952298, 24.529361], [121.0951744, 24.5293069], [121.0950836, 24.5291715], [121.0949278, 24.5290452], [121.0947193, 24.5289505], [121.0943535, 24.5289011], [121.0941664, 24.5289915], [121.094007, 24.5291473], [121.0939938, 24.5291597], [121.09386, 24.5292851], [121.0936275, 24.5293417], [121.0932096, 24.5293758], [121.093176, 24.5293774], [121.0924462, 24.5294124], [121.0911579, 24.5295735], [121.0908225, 24.5296075], [121.0897832, 24.5295269], [121.0889444, 24.5295161], [121.0881137, 24.5296046], [121.0872533, 24.5297473], [121.0868303, 24.5297769], [121.0865522, 24.5297274], [121.0863489, 24.529626], [121.0861723, 24.5293958], [121.0859473, 24.5289896], [121.0857449, 24.5286128], [121.0854675, 24.5282495], [121.085136, 24.5280037], [121.0848173, 24.5278684], [121.0844537, 24.5277738], [121.0837226, 24.5277652], [121.0825693, 24.5279374], [121.0818185, 24.5279468], [121.081125, 24.5279337], [121.0804572, 24.5280695], [121.0798577, 24.5283271], [121.0798459, 24.5283389], [121.079283, 24.5285058], [121.0783423, 24.5286327], [121.0780569, 24.5286463], [121.0779009, 24.5284952], [121.0777627, 24.5284095], [121.077178, 24.528157], [121.0760026, 24.5279138], [121.0755462, 24.5277425], [121.0752244, 24.5275101], [121.0749532, 24.5273477], [121.0746023, 24.5272486], [121.0740958, 24.5271157], [121.0736446, 24.5270121], [121.0733256, 24.5268249], [121.0731219, 24.5266241], [121.0727533, 24.5265204], [121.0723673, 24.5264213], [121.0720538, 24.5263334], [121.0717621, 24.5260852], [121.0715307, 24.5258686], [121.0711942, 24.5256611], [121.0708353, 24.525483], [121.0704988, 24.5253342], [121.0698532, 24.5248988], [121.0687247, 24.5240213], [121.0682196, 24.523701], [121.0677805, 24.5234845], [121.0676175, 24.52341], [121.0673259, 24.5232228], [121.0670514, 24.5228956], [121.0669741, 24.5224826], [121.0668337, 24.5214646], [121.066731, 24.5210222], [121.0667017, 24.5206791], [121.0667777, 24.5203496], [121.0672101, 24.519767], [121.0675286, 24.5193921], [121.0677242, 24.5189767], [121.067985, 24.5181053], [121.0683011, 24.5172857], [121.0684971, 24.5164798], [121.0685241, 24.5159019], [121.068514, 24.5149313], [121.0685553, 24.5137236], [121.0685317, 24.5125747], [121.0686612, 24.5119877], [121.0688908, 24.5109154], [121.0691734, 24.5098792], [121.0692497, 24.5096625], [121.0693282, 24.5093487], [121.0693294, 24.5091072], [121.0692832, 24.5089063], [121.0692377, 24.508807], [121.0691819, 24.508658], [121.0682636, 24.5073176], [121.068173, 24.5071913], [121.0681421, 24.5070491], [121.0681766, 24.5069204], [121.0684511, 24.5067803], [121.0699155, 24.5063282], [121.0701603, 24.5062265], [121.0703747, 24.5060526], [121.070464, 24.5059397], [121.0706672, 24.5055175], [121.0709404, 24.5046528], [121.0711338, 24.5043096], [121.0714182, 24.5041176], [121.0716178, 24.5039888], [121.0717847, 24.5038262], [121.0718817, 24.5037201], [121.0720286, 24.5035823], [121.0721081, 24.5034717], [121.0721573, 24.503282], [121.0721614, 24.5031443], [121.0721171, 24.5027945], [121.0721006, 24.5025146], [121.0721096, 24.5023317], [121.0722213, 24.5021516], [121.072202, 24.5018125], [121.0721733, 24.5016004], [121.0720947, 24.5014288], [121.0720161, 24.5012348], [121.0719275, 24.5010565], [121.0718514, 24.5008421], [121.0717528, 24.500648], [121.071722, 24.5005103], [121.0716835, 24.5003275], [121.0716751, 24.5001469], [121.0717164, 24.4999234], [121.0717657, 24.4997699], [121.0718636, 24.4995306], [121.0718916, 24.4994267], [121.0719776, 24.4991671], [121.0719919, 24.4989955], [121.0719852, 24.4986863], [121.0719292, 24.4984967], [121.0717093, 24.498253], [121.0716194, 24.4980003], [121.0713759, 24.4977498], [121.0711122, 24.4974746], [121.0706757, 24.4971475], [121.0704198, 24.4969963], [121.0701239, 24.4967595], [121.0696074, 24.4964933], [121.0691264, 24.4962927], [121.0687253, 24.496101], [121.0683718, 24.495889], [121.0679478, 24.4955664], [121.0676066, 24.4953024], [121.067193, 24.4950859], [121.0672869, 24.4947563], [121.0673202, 24.4942913], [121.0673295, 24.4940791], [121.0673214, 24.4939256], [121.0671647, 24.4934878], [121.0670836, 24.4931763], [121.0670825, 24.4928986], [121.0672012, 24.4924742], [121.0672746, 24.4920408], [121.0672936, 24.4917564], [121.0671342, 24.4912869], [121.0669459, 24.4910839], [121.066422, 24.49082], [121.0659509, 24.4905922], [121.0654693, 24.4902538], [121.0650606, 24.4899786], [121.0646866, 24.489647], [121.0642948, 24.4892295], [121.0638877, 24.488688], [121.0635411, 24.4883518], [121.0631426, 24.4881533], [121.0625921, 24.4881061], [121.0621741, 24.4880386], [121.0615657, 24.487935], [121.0610797, 24.4877591], [121.0605258, 24.4874433], [121.0600046, 24.4872314], [121.0594208, 24.4869991], [121.0588147, 24.4867826], [121.0581236, 24.4866881], [121.0577522, 24.4864535], [121.05724, 24.4862234], [121.0567921, 24.486122], [121.0561714, 24.4860591], [121.0555602, 24.4861135], [121.0552069, 24.4861768], [121.0548987, 24.4862266], [121.054626, 24.486177], [121.054401, 24.4860733], [121.0541716, 24.4858612], [121.0540221, 24.4856784], [121.0538562, 24.4852292], [121.0537048, 24.4849381], [121.053545, 24.4847937], [121.0532976, 24.4847125], [121.0528221, 24.4846472], [121.0525169, 24.4845728], [121.0521547, 24.4843856], [121.0519201, 24.4842006], [121.0517327, 24.4840765], [121.0512754, 24.4838622], [121.0507805, 24.4836886], [121.0505008, 24.4835103], [121.0502315, 24.4832328], [121.0499753, 24.4828627], [121.0497374, 24.4822894], [121.0495909, 24.4814227], [121.04954, 24.4810164], [121.0496374, 24.4804926], [121.0497822, 24.4799937], [121.0498213, 24.4796484], [121.0498138, 24.479084], [121.0496691, 24.478355], [121.0495293, 24.4776711], [121.0494821, 24.4769984], [121.0494035, 24.4760729], [121.0493331, 24.4755561], [121.0492264, 24.4753439], [121.0490467, 24.4752153], [121.0488668, 24.4751499], [121.0485842, 24.4750484], [121.0479168, 24.4747913], [121.0474848, 24.4745296], [121.0471636, 24.4741369], [121.0468542, 24.4738684], [121.0461075, 24.4734059], [121.0457004, 24.4731961], [121.0452776, 24.4730856], [121.0449649, 24.4730496], [121.0446348, 24.4729571], [121.0442668, 24.4723771], [121.0440873, 24.4716278], [121.0439651, 24.4709213], [121.0439327, 24.4703253], [121.0440265, 24.469463], [121.0440953, 24.468612], [121.044124, 24.4683547], [121.0440449, 24.4681177], [121.0438854, 24.4679371], [121.0436209, 24.4677657], [121.0433864, 24.4675761], [121.0430726, 24.4671992], [121.042871, 24.4669081], [121.0425125, 24.4664387], [121.0418233, 24.4660078], [121.0410237, 24.4656694], [121.0403164, 24.4653874], [121.0401589, 24.4653423], [121.0394329, 24.465329], [121.0390321, 24.4653584], [121.0388544, 24.4653449], [121.0385694, 24.4652773], [121.0377628, 24.4648034], [121.0370059, 24.4644109], [121.0364284, 24.4642349], [121.036356, 24.464174], [121.0363618, 24.4640047], [121.0364152, 24.463244], [121.0363998, 24.4627587], [121.0363393, 24.4623208], [121.0362608, 24.4619258], [121.0360751, 24.461454], [121.0358836, 24.4611584], [121.035732, 24.4608988], [121.0355118, 24.4605716], [121.035102, 24.460215], [121.0349225, 24.4598245], [121.0346929, 24.4592467], [121.0345565, 24.4589646], [121.0345439, 24.4584229], [121.0345523, 24.4582107], [121.0345258, 24.4579849], [121.0343888, 24.4578112], [121.0341166, 24.4576645], [121.0338045, 24.4575111], [121.0335578, 24.4572312], [121.0331942, 24.4567911], [121.0329255, 24.456412], [121.0328292, 24.4561298], [121.0328307, 24.4557777], [121.0328468, 24.4555429], [121.0328127, 24.4553285], [121.0326415, 24.4549696], [121.0324123, 24.4547372], [121.0322304, 24.4545386], [121.0319518, 24.4541594], [121.0316527, 24.4538367], [121.0311309, 24.4535456], [121.0305484, 24.4533358], [121.0300863, 24.4531372], [121.0296169, 24.4528507], [121.0291257, 24.4524309], [121.0286948, 24.4519208], [121.028414, 24.4514401], [121.0281929, 24.4510722], [121.027682, 24.4505463], [121.0273301, 24.4503342], [121.027131, 24.4500814], [121.0268537, 24.4493659], [121.0265974, 24.448831], [121.0263926, 24.4485331], [121.0260709, 24.4482103], [121.0256041, 24.4476867], [121.0251991, 24.4472263], [121.0248961, 24.4468178], [121.0248056, 24.4466349], [121.0247739, 24.4465424], [121.0247861, 24.4463392], [121.0248021, 24.4462422], [121.0248444, 24.446021], [121.0248968, 24.4457817], [121.0249727, 24.4456891], [121.0251033, 24.4456327], [121.0252789, 24.4455536], [121.0254672, 24.4454633], [121.0256712, 24.4453098], [121.0257924, 24.4451901], [121.0259729, 24.4448831], [121.0262035, 24.444567], [121.0264185, 24.4443255], [121.02679, 24.4441516], [121.0274402, 24.4440837], [121.0282251, 24.4440475], [121.0290087, 24.4438871], [121.0295474, 24.4437357], [121.0301125, 24.4434534], [121.0306653, 24.4431305], [121.0310156, 24.4428551], [121.0312143, 24.4427106], [121.0314029, 24.4425931], [121.0316757, 24.4425502], [121.0320032, 24.4425343], [121.0322007, 24.4425162], [121.0326267, 24.4423965], [121.0332407, 24.4421955], [121.034103, 24.4416896], [121.0348913, 24.4413102], [121.0354406, 24.4410911], [121.0357511, 24.4410166], [121.0359515, 24.4409691], [121.0360569, 24.4409352], [121.0362222, 24.4408855], [121.036323, 24.4408088], [121.0363747, 24.4406394], [121.036601, 24.4402534], [121.0368918, 24.4399057], [121.037159, 24.4396867], [121.0373271, 24.4396054], [121.0375952, 24.4395285], [121.0382896, 24.4395374], [121.0389345, 24.4395079], [121.0392748, 24.4394491], [121.0396187, 24.4392933], [121.0398224, 24.4391691], [121.0400435, 24.4390403], [121.0404874, 24.4388732], [121.0409342, 24.4386609], [121.0411578, 24.4385412], [121.0413563, 24.4384373], [121.0415217, 24.438374], [121.0416646, 24.4383288], [121.0417623, 24.4383017], [121.0418473, 24.4382949], [121.041952, 24.4383175], [121.0420742, 24.4383445], [121.0421588, 24.4383716], [121.0422434, 24.4383987], [121.0427341, 24.4385407], [121.0430757, 24.4386083], [121.0435054, 24.4385969], [121.0439485, 24.4385246], [121.0441996, 24.4383981], [121.0445332, 24.4382671], [121.0451436, 24.4381811], [121.0461115, 24.4380679], [121.0463745, 24.4380092], [121.0465323, 24.4379617], [121.0467132, 24.4378646], [121.0468639, 24.4377833], [121.0469772, 24.4376975], [121.0471586, 24.4375439], [121.0466707, 24.4371378], [121.0461808, 24.4366729], [121.0459665, 24.4363705], [121.0458759, 24.4361945], [121.0457472, 24.4360771], [121.0456503, 24.4360297], [121.0455159, 24.4359711], [121.0454165, 24.4359237], [121.0453343, 24.4358989], [121.0452198, 24.4358628], [121.0450976, 24.4358426], [121.0432046, 24.4357799], [121.0419028, 24.4358096], [121.0414834, 24.4357781], [121.0412268, 24.4357015], [121.0408562, 24.4355503], [121.0406894, 24.4355007], [121.0402948, 24.4354873], [121.0400203, 24.4354603], [121.0398084, 24.4354107], [121.0395937, 24.4353972], [121.0393412, 24.4354288], [121.0391652, 24.4355305], [121.0390119, 24.4356118], [121.0388537, 24.4357044], [121.0386831, 24.4357676], [121.0385353, 24.4358105], [121.0383725, 24.4358535], [121.03818, 24.4358693], [121.0380026, 24.4358694], [121.0378081, 24.4358265], [121.037634, 24.4357679], [121.0375025, 24.4356754], [121.0373589, 24.4355558], [121.0371757, 24.4353842], [121.0370189, 24.4350863], [121.0367154, 24.434723], [121.036599, 24.4346237], [121.0364549, 24.4345379], [121.0363703, 24.4345064], [121.0361813, 24.4344161], [121.0360325, 24.4343281], [121.0359457, 24.4342582], [121.0358913, 24.4342017], [121.0358049, 24.4340957], [121.0357484, 24.4340144], [121.0357266, 24.4339444], [121.0357123, 24.433888], [121.0356968, 24.4336803], [121.0357204, 24.4335855], [121.0357465, 24.4334659], [121.0357212, 24.4332627], [121.035246, 24.433071], [121.0351164, 24.4330349], [121.034987, 24.4329898], [121.0348925, 24.4329447], [121.0348501, 24.4327031], [121.0349411, 24.4325948], [121.0350242, 24.4325473], [121.0353126, 24.4324344], [121.0353853, 24.432396], [121.0354711, 24.4323215], [121.0355173, 24.4322019], [121.0355407, 24.432107], [121.035717, 24.4314908], [121.035765, 24.4314343], [121.0358236, 24.4313305], [121.0358896, 24.4312221], [121.0359201, 24.4311657], [121.0359511, 24.4310776], [121.0359858, 24.4308496], [121.0360386, 24.430572], [121.0360506, 24.4303891], [121.036047, 24.4302537], [121.0360479, 24.4301611], [121.0360842, 24.4300234], [121.0361182, 24.4298812], [121.0362176, 24.4296983], [121.0362966, 24.4295471], [121.03636, 24.4294365], [121.0364594, 24.4292604], [121.0365861, 24.4290707], [121.0366026, 24.4289375], [121.0366537, 24.4288201], [121.0367324, 24.4286937], [121.0368365, 24.4285357], [121.0368746, 24.4284747], [121.0369733, 24.4283528], [121.0370514, 24.4282851], [121.0371321, 24.4282151], [121.0372602, 24.4281451], [121.0373555, 24.4281021], [121.0374933, 24.4280728], [121.0376284, 24.4280502], [121.0377836, 24.428014], [121.0378263, 24.4279982], [121.0378893, 24.4279395], [121.0379122, 24.4279011], [121.0378977, 24.4278537], [121.0378568, 24.4276889], [121.0378637, 24.4275106], [121.0377938, 24.4272691], [121.0378406, 24.427084], [121.0378597, 24.4269373], [121.0378458, 24.4268266], [121.0378273, 24.4266867], [121.0377956, 24.4265964], [121.037774, 24.4265197], [121.03774, 24.4264316], [121.0377154, 24.4263797], [121.0374912, 24.4263256], [121.0373233, 24.4263776], [121.0370468, 24.4265515], [121.0360243, 24.4273598], [121.0357624, 24.4275653], [121.0355393, 24.4276398], [121.0353815, 24.4276805], [121.0352814, 24.4277009], [121.0351766, 24.4276918], [121.035032, 24.4276603], [121.0348447, 24.4276581], [121.0347166, 24.4277145], [121.0345988, 24.4277687], [121.0345031, 24.4278387], [121.0343421, 24.4279539], [121.0342387, 24.4280442], [121.0341554, 24.42813], [121.034115, 24.4281616], [121.0339025, 24.428182], [121.0335176, 24.4282024], [121.0331857, 24.4281709], [121.0329686, 24.4281596], [121.0327538, 24.4281484], [121.0326615, 24.4281349], [121.0325297, 24.4280852], [121.0323634, 24.4279701], [121.0322922, 24.4278618], [121.0321294, 24.4276609], [121.0319961, 24.4275052], [121.0319047, 24.4274059], [121.03056, 24.4272459], [121.0291519, 24.4277248], [121.0288449, 24.4281718], [121.0287429, 24.4282982], [121.0286153, 24.4285759], [121.0284928, 24.4288174], [121.0283791, 24.4289371], [121.0281511, 24.4290094], [121.0280389, 24.4289845], [121.0278293, 24.4289552], [121.0274112, 24.4287702], [121.0264896, 24.4285921], [121.025875, 24.4283235], [121.0255803, 24.4280301], [121.0254397, 24.4278767], [121.0250042, 24.4276646], [121.0242873, 24.4273374], [121.0238522, 24.4274255], [121.0234937, 24.4275474], [121.0232012, 24.427701], [121.0231801, 24.4278026], [121.0226253, 24.4283083], [121.0223161, 24.4284144], [121.0220344, 24.4285025], [121.0217273, 24.4285635], [121.0217273, 24.4285928], [121.0215754, 24.4286199], [121.0212922, 24.4285319], [121.0204091, 24.4285908], [121.0195255, 24.4286812], [121.0187372, 24.4289025], [121.0183018, 24.4289816], [121.0176541, 24.4290403], [121.0167521, 24.4293023], [121.0150949, 24.4301106], [121.0140725, 24.4306338], [121.0137186, 24.430815], [121.0135323, 24.4302801], [121.0133238, 24.429452], [121.0132784, 24.4291226], [121.0132421, 24.4289376], [121.0131384, 24.4287525], [121.0131124, 24.4286481], [121.0132421, 24.4285342], [121.0137668, 24.4277075], [121.0137824, 24.427476], [121.0137496, 24.4272893], [121.0137272, 24.4270105], [121.0135981, 24.4263269], [121.0136705, 24.4260204], [121.0135819, 24.4258577], [121.0134491, 24.4258073], [121.0128828, 24.4257202], [121.0126774, 24.4257172], [121.0124048, 24.4257587], [121.0123653, 24.4257307], [121.0123283, 24.425681], [121.0122071, 24.425521], [121.01079, 24.4244858], [121.0100398, 24.4240795], [121.0090453, 24.4231654], [121.0084657, 24.4225604], [121.0078919, 24.4222354], [121.0077583, 24.4218584], [121.0076001, 24.4212941], [121.0074527, 24.4208517], [121.0071833, 24.4202174], [121.0069816, 24.4197321], [121.0066803, 24.4192175], [121.0064177, 24.4187908], [121.0059565, 24.4182785], [121.005688, 24.4179105], [121.0053964, 24.4174139], [121.0051676, 24.4169038], [121.0048879, 24.4161476], [121.0048061, 24.415809], [121.0046065, 24.415186], [121.0044715, 24.4147391], [121.0044538, 24.4146036], [121.0044692, 24.414572], [121.0045073, 24.4145359], [121.0045427, 24.4145088], [121.0046914, 24.414423], [121.0050154, 24.4141566], [121.0053443, 24.4138925], [121.0056679, 24.4136578], [121.0060815, 24.4132469], [121.0065699, 24.4127006], [121.0067896, 24.4122491], [121.0069695, 24.4116329], [121.0071495, 24.4111701], [121.007322, 24.4106916], [121.0073993, 24.4105516], [121.0075523, 24.4103597], [121.0079321, 24.4101904], [121.0081675, 24.4101633], [121.0086926, 24.4103958], [121.0090973, 24.4106147], [121.0096006, 24.4109781], [121.0098403, 24.4112129], [121.0100144, 24.4112919], [121.0101566, 24.4113076], [121.0102614, 24.4113189], [121.0103412, 24.4113189], [121.0105312, 24.4113121], [121.0107484, 24.4113121], [121.0109385, 24.411285], [121.0114436, 24.4110006], [121.0115194, 24.4109148], [121.0115295, 24.4108967], [121.0116053, 24.410829], [121.0116879, 24.4107996], [121.0117786, 24.4107342], [121.0117822, 24.4106303], [121.0117914, 24.4104701], [121.0118382, 24.410294], [121.0119293, 24.4101834], [121.0120203, 24.410075], [121.0121694, 24.4099102], [121.012336, 24.4097432], [121.012437, 24.4096258], [121.0126718, 24.4093955], [121.0128664, 24.4091833], [121.0129449, 24.4090682], [121.0130874, 24.4088176], [121.0132456, 24.4085016], [121.013771, 24.4076934], [121.0138553, 24.4075286], [121.013957, 24.4073503], [121.0140787, 24.4071855], [121.0142084, 24.4069665], [121.0143398, 24.4068153], [121.0144183, 24.4067092], [121.0145349, 24.4065421], [121.0146263, 24.4064089], [121.0147577, 24.4062509], [121.0148191, 24.4061109], [121.0148964, 24.4058807], [121.0149206, 24.4057181], [121.014918, 24.4055037], [121.0149072, 24.4053412], [121.0149187, 24.4051899], [121.0149523, 24.4050838], [121.0149863, 24.4049416], [121.0149759, 24.4047339], [121.0149474, 24.404594], [121.0148916, 24.404436], [121.014838, 24.4043051], [121.0147526, 24.404111], [121.0146497, 24.4039259], [121.0145588, 24.4037791], [121.0144606, 24.4036099], [121.0144264, 24.4035489], [121.0143825, 24.4034496], [121.0143289, 24.4033142], [121.0143098, 24.4032419], [121.0142931, 24.4031629], [121.0142939, 24.4030862], [121.0143526, 24.4029688], [121.0145302, 24.4027047], [121.0145582, 24.4026528], [121.0146378, 24.402199], [121.0145154, 24.401953], [121.0143449, 24.4017905], [121.014048, 24.4015264], [121.013856, 24.4012578], [121.0136093, 24.4009644], [121.0131779, 24.4006619], [121.0128254, 24.4004588], [121.0124336, 24.4001902], [121.0121661, 24.3999781], [121.0119466, 24.3997185], [121.0117786, 24.3995311], [121.0116236, 24.399319], [121.0114625, 24.3992016], [121.0112985, 24.3991249], [121.0111636, 24.3991294], [121.0110396, 24.3992829], [121.0109253, 24.3994635], [121.0103269, 24.4003281], [121.0101853, 24.4004816], [121.0101198, 24.4005448], [121.0099866, 24.4006193], [121.0098911, 24.4006848], [121.0097754, 24.4007548], [121.0096272, 24.4008405], [121.0095116, 24.4009083], [121.0093984, 24.4009873], [121.0092499, 24.4010979], [121.0091943, 24.4011611], [121.0090882, 24.4012672], [121.0088784, 24.4017435], [121.0088901, 24.4018157], [121.0089036, 24.4019534], [121.0089146, 24.4020979], [121.0089283, 24.4022266], [121.008914, 24.4024026], [121.0088746, 24.4025787], [121.0087595, 24.4028361], [121.0086829, 24.4029963], [121.0086292, 24.4031137], [121.0085905, 24.4032379], [121.008536, 24.4034252], [121.0084611, 24.4036623], [121.0084143, 24.4038406], [121.0080656, 24.4042672], [121.0078012, 24.4044659], [121.0073777, 24.4045517], [121.0071277, 24.4047323], [121.0069123, 24.4049174], [121.0066182, 24.4051951], [121.0063099, 24.4054163], [121.0061565, 24.405484], [121.0054946, 24.4058001], [121.0050311, 24.4059062], [121.0048489, 24.4058926], [121.004999, 24.4055721], [121.0051732, 24.4051477], [121.0052442, 24.404931], [121.0052981, 24.404685], [121.0053501, 24.4044163], [121.0053465, 24.4041816], [121.0052691, 24.4038678], [121.0051112, 24.4036015], [121.0048026, 24.4032358], [121.0043333, 24.4029333], [121.0041198, 24.4027054], [121.0039116, 24.4023036], [121.0035823, 24.4018386], [121.0033522, 24.4015541], [121.0026189, 24.4002946], [121.0024821, 24.4001117], [121.0022702, 24.3999312], [121.00207, 24.3996671], [121.001914, 24.39943], [121.0017799, 24.3990892], [121.0016546, 24.3986603], [121.0016001, 24.3984797], [121.0017356, 24.3981321], [121.0018396, 24.3978815], [121.0020211, 24.3976174], [121.0021708, 24.3972066], [121.0022652, 24.3968725], [121.0023298, 24.3965339], [121.0023322, 24.396114], [121.0023965, 24.3958048], [121.0024635, 24.3954594], [121.0025423, 24.3952337], [121.0026309, 24.3950305], [121.0030245, 24.3943533], [121.0032944, 24.3938951], [121.0034686, 24.3935745], [121.0036861, 24.3931321], [121.0038351, 24.3928635], [121.0039571, 24.3925023], [121.0040413, 24.3921953], [121.0040254, 24.3919267], [121.003732, 24.3913195], [121.0035417, 24.3909606], [121.0033587, 24.3906716], [121.0029925, 24.3905204], [121.0021747, 24.3903376], [121.0019704, 24.3902541], [121.0016292, 24.3901119], [121.0007713, 24.3899132], [121.0004939, 24.3899516], [121.0001787, 24.3900554], [120.9999757, 24.3901841], [120.9997329, 24.3902857], [120.9995901, 24.3903444], [120.9994548, 24.3904121], [120.9993472, 24.3904708], [120.999252, 24.3905137], [120.9991068, 24.3905724], [120.9989967, 24.3906243], [120.9989266, 24.3906423], [120.9988465, 24.3906649], [120.9987715, 24.390692], [120.998434, 24.3907665], [120.9982865, 24.390771], [120.9981342, 24.3907778], [120.9980669, 24.390762], [120.9979572, 24.3907371], [120.99785, 24.3907055], [120.9977229, 24.3906627], [120.997551, 24.3906017], [120.9974165, 24.3905543], [120.997242, 24.3905046], [120.9970627, 24.3904166], [120.9969308, 24.3903421], [120.996749, 24.3902541]]]}}, {"type": "Feature", "properties": {"name": "金門國家公園", "source": "OpenStreetMap", "osm_type": "relation", "osm_id": 7042792}, "geometry": {"type": "MultiPolygon", "coordinates": [[[[118.216947, 24.4254669], [118.2169483, 24.4254359], [118.2169539, 24.4254067], [118.216962, 24.4253792], [118.2169712, 24.4253534], [118.2169798, 24.4253294], [118.2169862, 24.425307], [118.2169965, 24.4252801], [118.217016, 24.4252442], [118.2170426, 24.4252017], [118.2170738, 24.4251555], [118.2171073, 24.4251081], [118.2171408, 24.425062], [118.2171719, 24.4250201], [118.2171984, 24.4249848], [118.2172179, 24.4249589], [118.2172281, 24.4249449], [118.217232, 24.4249362], [118.2172342, 24.4249248], [118.2172352, 24.4249117], [118.2172351, 24.4248976], [118.2172343, 24.4248834], [118.217233, 24.4248699], [118.2172316, 24.424858], [118.2172301, 24.4248484], [118.2172291, 24.4248421], [118.2172287, 24.4248398], [118.2172379, 24.424816], [118.2172628, 24.4247515], [118.2172996, 24.4246564], [118.2173442, 24.4245409], [118.2173927, 24.4244152], [118.2174413, 24.4242895], [118.2174859, 24.4241741], [118.2175226, 24.424079], [118.2175348, 24.4240476], [118.2182863, 24.4240654], [118.2189776, 24.4240817], [118.219117, 24.4240879], [118.2198067, 24.4241184], [118.2198122, 24.4240821], [118.2202316, 24.4240613], [118.2206784, 24.4240604], [118.2209379, 24.4240655], [118.2211813, 24.4240967], [118.2212058, 24.4239742], [118.2212021, 24.4239521], [118.2214493, 24.4238696], [118.2214126, 24.4237429], [118.221424, 24.4237078], [118.2214673, 24.4236742], [118.2215723, 24.4236517], [118.2216282, 24.4237217], [118.2215833, 24.4238036], [118.2217137, 24.4238473], [118.2218661, 24.4238444], [118.222132, 24.4240524], [118.2223877, 24.4241635], [118.2224236, 24.424253], [118.2227185, 24.4242687], [118.2227462, 24.4241825], [118.2228161, 24.4240459], [118.2228892, 24.4239504], [118.2229149, 24.4238979], [118.2229238, 24.4238568], [118.2229196, 24.4238132], [118.2229737, 24.4237621], [118.2230289, 24.4237163], [118.2230721, 24.4236191], [118.2232483, 24.4234868], [118.2234047, 24.423274], [118.2234087, 24.4232522], [118.223416, 24.423205], [118.2234421, 24.4226383], [118.2234214, 24.4226335], [118.2233754, 24.4226409], [118.2233372, 24.4226302], [118.2233648, 24.4225346], [118.2234787, 24.4224761], [118.2234847, 24.4224586], [118.2236102, 24.4224366], [118.223634, 24.4223682], [118.2235693, 24.4222445], [118.2235128, 24.4222683], [118.2234459, 24.4223157], [118.2234961, 24.42224], [118.223614, 24.4221943], [118.2236403, 24.4222368], [118.2237398, 24.4221933], [118.2236946, 24.4221251], [118.2237799, 24.4221313], [118.2239071, 24.4222484], [118.2238428, 24.4222801], [118.2237974, 24.4222118], [118.2236547, 24.4223117], [118.2236815, 24.4224147], [118.2238862, 24.4223867], [118.2238882, 24.4225283], [118.2239919, 24.4225283], [118.2240062, 24.4225533], [118.2240801, 24.4225601], [118.2244372, 24.4225576], [118.2247198, 24.422524], [118.2249625, 24.4224504], [118.2251816, 24.4223439], [118.2255914, 24.4221088], [118.2256453, 24.4220639], [118.2256556, 24.4220446], [118.225678, 24.4220366], [118.2260679, 24.4217118], [118.2260416, 24.4216052], [118.2261494, 24.4216252], [118.2263479, 24.4214288], [118.2265015, 24.4213597], [118.2265172, 24.4213049], [118.2267576, 24.4212015], [118.2269372, 24.4211173], [118.2269528, 24.42111], [118.2273094, 24.4206815], [118.2276891, 24.4202433], [118.2279999, 24.4200965], [118.2286348, 24.4198183], [118.2288787, 24.4198127], [118.2292506, 24.4196544], [118.2295271, 24.4193868], [118.2302017, 24.4199997], [118.2302428, 24.4200414], [118.2302783, 24.4200872], [118.2302938, 24.4201115], [118.2303078, 24.4201365], [118.2303309, 24.4201885], [118.2303473, 24.4202426], [118.2304779, 24.4207923], [118.2304816, 24.420817], [118.230481, 24.4208419], [118.2304762, 24.4208664], [118.2304672, 24.4208899], [118.2304613, 24.4209011], [118.2304544, 24.4209118], [118.230438, 24.4209316], [118.2304184, 24.4209489], [118.2303961, 24.4209631], [118.2303716, 24.420974], [118.2297084, 24.4212116], [118.2296253, 24.4212445], [118.2295451, 24.4212829], [118.2294682, 24.4213267], [118.229395, 24.4213755], [118.229326, 24.4214291], [118.2292615, 24.4214873], [118.2291177, 24.4216261], [118.2290904, 24.4216567], [118.2290682, 24.4216905], [118.2290517, 24.421727], [118.2290413, 24.4217653], [118.2289553, 24.4222058], [118.2288533, 24.4223301], [118.2289406, 24.4226063], [118.2289605, 24.4226585], [118.2289861, 24.4227085], [118.2290174, 24.4227557], [118.2290538, 24.4227997], [118.2290951, 24.42284], [118.2291408, 24.422876], [118.2291948, 24.4233858], [118.2294781, 24.4241421], [118.2297575, 24.4247814], [118.2297943, 24.4253203], [118.2295074, 24.4256089], [118.2294713, 24.4256437], [118.2289581, 24.4256544], [118.2289144, 24.4256588], [118.2288718, 24.425669], [118.2288313, 24.4256847], [118.2288126, 24.4256952], [118.2287938, 24.4257056], [118.2287599, 24.4257313], [118.2287305, 24.4257612], [118.2287061, 24.4257947], [118.228943, 24.4268582], [118.2289564, 24.4269399], [118.2289626, 24.4270223], [118.2289616, 24.4271048], [118.2289532, 24.4271871], [118.2289376, 24.4272684], [118.2289149, 24.4273483], [118.2286523, 24.4281394], [118.2286418, 24.4281812], [118.2286375, 24.4282239], [118.2286394, 24.4282668], [118.2286433, 24.428287], [118.2286476, 24.4283091], [118.2286618, 24.4283499], [118.2286819, 24.4283887], [118.2287074, 24.4284247], [118.2290762, 24.4288728], [118.2293981, 24.4291859], [118.2294326, 24.429224], [118.2294617, 24.4292656], [118.2294849, 24.4293102], [118.2295019, 24.4293571], [118.2295124, 24.4294056], [118.2295163, 24.4294548], [118.229521, 24.4299213], [118.229461, 24.4305739], [118.2291125, 24.4323647], [118.2291092, 24.434116], [118.2292637, 24.4346043], [118.229233, 24.4360914], [118.2293856, 24.4376886], [118.2294048, 24.4378895], [118.2294919, 24.4388932], [118.2295011, 24.4389995], [118.2295076, 24.4390371], [118.229513, 24.4390557], [118.2295198, 24.4390734], [118.2295376, 24.4391078], [118.229565, 24.4391519], [118.2296573, 24.4393008], [118.2296944, 24.4393824], [118.2297082, 24.4394696], [118.2297312, 24.4403469], [118.2297357, 24.4404106], [118.2297457, 24.4404738], [118.2297613, 24.4405361], [118.2297822, 24.440597], [118.2298696, 24.4408192], [118.2302046, 24.4416709], [118.2302264, 24.4417192], [118.2302388, 24.4417428], [118.2302525, 24.4417657], [118.2302827, 24.4418101], [118.2310426, 24.4428188], [118.2312515, 24.4432313], [118.2312737, 24.4432812], [118.2312828, 24.4433068], [118.2312905, 24.4433328], [118.2313017, 24.4433857], [118.2314282, 24.4442087], [118.2314611, 24.4445671], [118.2315362, 24.4451713], [118.2315543, 24.4454089], [118.2314461, 24.4459431], [118.2313558, 24.4460171], [118.2313084, 24.4460558], [118.2313007, 24.4460634], [118.2312945, 24.4460722], [118.23129, 24.4460818], [118.2312874, 24.4460919], [118.2312869, 24.4460974], [118.2312868, 24.4461023], [118.2312881, 24.4461127], [118.2312914, 24.4461227], [118.2312965, 24.446132], [118.2313032, 24.4461404], [118.2314897, 24.446333], [118.2317514, 24.4465771], [118.2323451, 24.4471588], [118.233324, 24.4480553], [118.2338939, 24.4486666], [118.2345892, 24.4489254], [118.2351755, 24.4490328], [118.2354956, 24.4491645], [118.2357329, 24.4491919], [118.2357862, 24.4491946], [118.2358395, 24.4491907], [118.2358917, 24.4491804], [118.235942, 24.4491637], [118.2359894, 24.4491411], [118.236033, 24.4491129], [118.2362957, 24.4489177], [118.2363451, 24.4488845], [118.236398, 24.4488562], [118.2364537, 24.448833], [118.2365118, 24.4488151], [118.2365716, 24.4488029], [118.2366325, 24.4487963], [118.2366938, 24.4487955], [118.2367548, 24.4488005], [118.2374561, 24.4488898], [118.2385694, 24.4491157], [118.2391263, 24.4490232], [118.240467, 24.4486037], [118.2420664, 24.4481901], [118.2424049, 24.4481571], [118.2434147, 24.4482417], [118.2440196, 24.4483494], [118.2449506, 24.4485012], [118.2449852, 24.4485095], [118.245018, 24.4485229], [118.245048, 24.4485409], [118.2450744, 24.4485631], [118.2450966, 24.4485889], [118.2451139, 24.4486176], [118.2451259, 24.4486485], [118.2451323, 24.4486808], [118.245133, 24.4487137], [118.2451278, 24.4487462], [118.2445862, 24.4509091], [118.2445767, 24.4511027], [118.2445783, 24.4511392], [118.244586, 24.4511751], [118.2445998, 24.4512094], [118.2446193, 24.4512413], [118.244644, 24.45127], [118.2446745, 24.4512957], [118.2447064, 24.4513153], [118.2447427, 24.4513307], [118.2447811, 24.4513407], [118.2451415, 24.4514073], [118.2463282, 24.4515241], [118.2464792, 24.4515413], [118.2466294, 24.4515639], [118.2467785, 24.4515918], [118.2468525, 24.4516078], [118.2469263, 24.4516251], [118.2470725, 24.4516636], [118.247217, 24.4517073], [118.2473595, 24.4517562], [118.2478857, 24.4519474], [118.2486156, 24.4521403], [118.2486856, 24.4521552], [118.2487569, 24.4521634], [118.2488287, 24.4521649], [118.2489003, 24.4521597], [118.2489709, 24.4521477], [118.2490399, 24.4521292], [118.2491064, 24.4521043], [118.2491697, 24.4520733], [118.2492293, 24.4520366], [118.2492844, 24.4519944], [118.2493345, 24.4519473], [118.249379, 24.4518957], [118.2501006, 24.4509631], [118.2506131, 24.4502022], [118.2511312, 24.4495819], [118.2514733, 24.4497118], [118.2520141, 24.4498815], [118.2526405, 24.4499432], [118.2529426, 24.4499361], [118.2532234, 24.4498928], [118.2539003, 24.4497], [118.2542063, 24.449546], [118.2547707, 24.4493344], [118.2555454, 24.4488583], [118.2561876, 24.4481842], [118.2568714, 24.4477557], [118.2573797, 24.4471826], [118.2574453, 24.4471167], [118.2581679, 24.4465348], [118.2587053, 24.4462144], [118.2589183, 24.4460321], [118.2596085, 24.4452854], [118.2602291, 24.4449855], [118.260863, 24.444757], [118.2615258, 24.44435], [118.2622831, 24.4437284], [118.2629632, 24.4434227], [118.2633659, 24.4431987], [118.2639644, 24.4427309], [118.2645557, 24.4423114], [118.2653207, 24.4420784], [118.2661209, 24.4408529], [118.2659757, 24.4398781], [118.2658639, 24.4390972], [118.2658568, 24.4388035], [118.2658919, 24.4384658], [118.2658995, 24.4383577], [118.2659, 24.4382494], [118.2658933, 24.4381413], [118.2658795, 24.4380337], [118.2658781, 24.4380249], [118.2658587, 24.4379271], [118.2658308, 24.4378218], [118.265796, 24.4377183], [118.2657544, 24.4376169], [118.2655247, 24.437104], [118.2654747, 24.4370017], [118.2654177, 24.4369025], [118.265354, 24.4368068], [118.2652837, 24.436715], [118.2652073, 24.4366274], [118.265125, 24.4365445], [118.2646902, 24.4361335], [118.264443, 24.4359813], [118.2642252, 24.4358048], [118.2630906, 24.4345104], [118.26245, 24.43378], [118.2624253, 24.4337473], [118.2624059, 24.4337117], [118.2623923, 24.433674], [118.262388, 24.4336557], [118.2623847, 24.4336348], [118.2623832, 24.4335951], [118.262388, 24.4335556], [118.2623988, 24.433517], [118.2628269, 24.4323182], [118.2632948, 24.4315544], [118.2633318, 24.4314867], [118.2633617, 24.431416], [118.2633843, 24.4313431], [118.2633992, 24.4312686], [118.2634064, 24.4311931], [118.2634059, 24.4311174], [118.2633818, 24.4307081], [118.2632211, 24.4302651], [118.2632152, 24.4300402], [118.2632387, 24.4298576], [118.2632672, 24.4296361], [118.2632729, 24.4295622], [118.2632709, 24.429488], [118.2632613, 24.4294144], [118.2632441, 24.4293419], [118.2632195, 24.4292712], [118.2632045, 24.4292367], [118.2631878, 24.4292029], [118.2631492, 24.4291378], [118.263104, 24.4290762], [118.2630527, 24.4290188], [118.2629957, 24.4289661], [118.2629335, 24.4289185], [118.2624711, 24.4285981], [118.2631487, 24.428571], [118.2634942, 24.4289011], [118.2637343, 24.428898], [118.2638581, 24.4288632], [118.264443, 24.4285159], [118.2645286, 24.4285381], [118.2645091, 24.4286307], [118.264668, 24.4286457], [118.2645922, 24.4287509], [118.2646132, 24.4289855], [118.2646935, 24.4290678], [118.2645768, 24.4292], [118.2645664, 24.4292932], [118.2646246, 24.4294055], [118.26452, 24.4294955], [118.264501, 24.4300131], [118.2645535, 24.4301744], [118.2645202, 24.4302255], [118.2644464, 24.4302085], [118.2643746, 24.4301088], [118.2642604, 24.430127], [118.264288, 24.430346], [118.2641366, 24.430534], [118.2641, 24.4307883], [118.2640212, 24.4309584], [118.2640668, 24.4315746], [118.2640435, 24.431741], [118.2639737, 24.4317689], [118.2639594, 24.4318255], [118.2641406, 24.4319279], [118.264164, 24.4319822], [118.2641041, 24.4319982], [118.2640007, 24.431932], [118.2640627, 24.4320469], [118.2640372, 24.4320774], [118.2637916, 24.4320555], [118.2637793, 24.4321909], [118.2638764, 24.4322699], [118.2638704, 24.4323212], [118.2636812, 24.4324129], [118.2635606, 24.4323126], [118.2634976, 24.4323937], [118.2634345, 24.4325033], [118.2635348, 24.4327443], [118.2635287, 24.4328636], [118.2634435, 24.4328736], [118.2633206, 24.4327915], [118.2634103, 24.4329411], [118.2633255, 24.4330239], [118.263211, 24.4329749], [118.2631156, 24.4330624], [118.2630972, 24.4334086], [118.2632315, 24.4337481], [118.2634376, 24.4340599], [118.2634924, 24.4340973], [118.2636927, 24.4341033], [118.263761, 24.4342547], [118.2648595, 24.4353272], [118.2654333, 24.4357034], [118.2657278, 24.4356081], [118.2659158, 24.4357339], [118.2659868, 24.435956], [118.2660548, 24.4360151], [118.2662368, 24.4360386], [118.2662559, 24.4359038], [118.2663868, 24.4359817], [118.2664789, 24.4361632], [118.2665934, 24.4362176], [118.2666537, 24.4368267], [118.2669185, 24.4372148], [118.2669527, 24.4374563], [118.2662991, 24.4398786], [118.2663187, 24.440394], [118.2663808, 24.440561], [118.2665596, 24.4406554], [118.266503, 24.4408466], [118.2667273, 24.4413252], [118.2673514, 24.4421056], [118.2673109, 24.4429762], [118.267389, 24.4430493], [118.2676557, 24.4431099], [118.2676768, 24.4431469], [118.2675342, 24.4432515], [118.2667921, 24.4434489], [118.2664975, 24.4435683], [118.2661679, 24.4436092], [118.2659682, 24.4435347], [118.2656439, 24.4435454], [118.2653526, 24.4434742], [118.2649847, 24.4436708], [118.2647231, 24.4435636], [118.2644659, 24.4436549], [118.2638338, 24.4440572], [118.2634368, 24.4441897], [118.2617736, 24.4450342], [118.260651, 24.4457098], [118.2599704, 24.4462797], [118.2596838, 24.4463199], [118.259277, 24.4465691], [118.2592679, 24.4466477], [118.2594088, 24.4467137], [118.2593785, 24.4468204], [118.2592535, 24.4468492], [118.2591388, 24.4468147], [118.2583389, 24.4473075], [118.2581416, 24.4473081], [118.2582175, 24.4474166], [118.257298, 24.4480999], [118.2557673, 24.449134], [118.2541333, 24.450364], [118.2534444, 24.4510309], [118.2529907, 24.4513181], [118.2510914, 24.4523514], [118.2509816, 24.4525434], [118.2507488, 24.4524792], [118.2505423, 24.4520835], [118.2504377, 24.4520535], [118.2500969, 24.4521329], [118.2496716, 24.4523288], [118.2487689, 24.4528589], [118.2486873, 24.452925], [118.2486584, 24.4531275], [118.2485603, 24.4531773], [118.2483483, 24.4530516], [118.2481301, 24.4527563], [118.2479425, 24.4526329], [118.2475552, 24.4526842], [118.2470471, 24.4528788], [118.2467641, 24.4530374], [118.2463864, 24.4530895], [118.2461886, 24.4530239], [118.2460129, 24.4528915], [118.245805, 24.4529368], [118.245588, 24.4528352], [118.2455728, 24.4527832], [118.2458295, 24.4523425], [118.2457568, 24.4522322], [118.2455059, 24.4520738], [118.2448991, 24.4520205], [118.2439318, 24.4521866], [118.2438065, 24.4520989], [118.2440328, 24.4519037], [118.2441106, 24.4517567], [118.2440703, 24.4514163], [118.2438344, 24.4507104], [118.2433159, 24.4499699], [118.2428837, 24.44955], [118.2427123, 24.4491245], [118.2426108, 24.4490502], [118.2412944, 24.4489598], [118.2407026, 24.4490468], [118.2400132, 24.44921], [118.2391924, 24.4495122], [118.2390934, 24.4495249], [118.2388622, 24.4494428], [118.2388016, 24.4496363], [118.2386643, 24.4497001], [118.2376284, 24.4493175], [118.2375088, 24.4493025], [118.2372001, 24.4494009], [118.2367718, 24.4493097], [118.2365177, 24.44948], [118.2365918, 24.4496083], [118.2364982, 24.4496872], [118.2361638, 24.4495735], [118.2358667, 24.4495971], [118.235602, 24.4496641], [118.2354194, 24.4498249], [118.2351417, 24.4497598], [118.2351003, 24.4496757], [118.2351566, 24.4495612], [118.2349419, 24.4493819], [118.2348077, 24.4493275], [118.2344669, 24.4492946], [118.2342024, 24.4493454], [118.2339562, 24.4492946], [118.2337092, 24.4493694], [118.2332709, 24.449057], [118.2331489, 24.4490874], [118.233002, 24.4492664], [118.2327839, 24.4492289], [118.2326902, 24.4490613], [118.2326169, 24.4486889], [118.2324103, 24.4486034], [118.232094, 24.4485983], [118.2317244, 24.4484782], [118.2312819, 24.4481161], [118.2307354, 24.4478437], [118.2305232, 24.4475394], [118.230143, 24.4471571], [118.2297543, 24.446924], [118.2295999, 24.4468902], [118.2296828, 24.4467407], [118.229591, 24.4465742], [118.2295609, 24.4463931], [118.2297288, 24.446209], [118.2296827, 24.4459323], [118.2297693, 24.4457988], [118.2297613, 24.4455072], [118.2296328, 24.4451464], [118.2293489, 24.4447313], [118.2293459, 24.4447274], [118.2293134, 24.4446859], [118.2292741, 24.4446357], [118.2292405, 24.4445927], [118.2292155, 24.4445609], [118.2292023, 24.4445443], [118.2291953, 24.4445334], [118.2291867, 24.4445166], [118.2291767, 24.444495], [118.2291652, 24.4444696], [118.2291525, 24.4444414], [118.2291385, 24.4444115], [118.2291233, 24.444381], [118.229107, 24.4443507], [118.2290897, 24.4443219], [118.2290715, 24.4442954], [118.2290507, 24.4442472], [118.2290265, 24.4441594], [118.2290002, 24.4440425], [118.2289732, 24.4439072], [118.2289466, 24.4437638], [118.228922, 24.4436229], [118.2289005, 24.443495], [118.2288835, 24.4433906], [118.2288723, 24.4433203], [118.2288683, 24.4432945], [118.2288648, 24.4432626], [118.2288552, 24.4431759], [118.2288411, 24.4430481], [118.228824, 24.442893], [118.2288053, 24.4427241], [118.2287867, 24.4425553], [118.2287696, 24.4424002], [118.2287554, 24.4422724], [118.2287459, 24.4421857], [118.2287423, 24.4421537], [118.2287419, 24.4421146], [118.2287406, 24.4420073], [118.2287395, 24.4419231], [118.2287384, 24.4418471], [118.2287351, 24.441649], [118.2287307, 24.4414283], [118.228725, 24.4412002], [118.2287181, 24.4409797], [118.2287098, 24.4407822], [118.2287, 24.4406227], [118.2286887, 24.4405164], [118.2286776, 24.4404323], [118.2286686, 24.4403326], [118.2286614, 24.4402229], [118.2286557, 24.4401087], [118.2286515, 24.4399955], [118.2286485, 24.4398888], [118.2286466, 24.4397941], [118.2286454, 24.4397169], [118.2286449, 24.4396628], [118.2286448, 24.4396371], [118.2286459, 24.4396091], [118.2286489, 24.4395494], [118.2286532, 24.4394663], [118.2286585, 24.4393678], [118.2286642, 24.4392622], [118.2286699, 24.4391575], [118.2286752, 24.4390619], [118.2286795, 24.4389835], [118.2286824, 24.4389305], [118.2286835, 24.438911], [118.2286832, 24.4388969], [118.2286824, 24.4388587], [118.2286811, 24.4388023], [118.2286796, 24.4387339], [118.228678, 24.4386594], [118.2286763, 24.4385849], [118.2286748, 24.4385164], [118.2286735, 24.4384601], [118.2286727, 24.4384218], [118.2286724, 24.4384077], [118.2286709, 24.4383924], [118.2286669, 24.4383507], [118.228661, 24.4382893], [118.2286538, 24.4382148], [118.228646, 24.4381337], [118.2286421, 24.4380929], [118.2286382, 24.4380526], [118.2286311, 24.4379781], [118.2286252, 24.4379167], [118.2286212, 24.437875], [118.2286197, 24.4378597], [118.2286146, 24.4378213], [118.2286009, 24.4377172], [118.2285807, 24.4375637], [118.2285562, 24.4373774], [118.2285295, 24.4371746], [118.2285028, 24.4369717], [118.2284783, 24.4367854], [118.2284664, 24.436695], [118.2284581, 24.4366319], [118.2284444, 24.4365278], [118.2284393, 24.4364894], [118.2284345, 24.436459], [118.2284212, 24.4363763], [118.2284016, 24.436254], [118.2283778, 24.4361047], [118.2283519, 24.4359412], [118.2283261, 24.4357762], [118.2283023, 24.4356224], [118.2282828, 24.4354924], [118.2282696, 24.435399], [118.2282647, 24.4353549], [118.2282625, 24.4353352], [118.2282563, 24.4353082], [118.2282471, 24.435276], [118.228236, 24.4352408], [118.2282238, 24.435205], [118.2282116, 24.4351707], [118.2282005, 24.4351402], [118.2281912, 24.4351156], [118.228185, 24.4350993], [118.2281827, 24.4350933], [118.2281743, 24.4350687], [118.2281514, 24.4350018], [118.2281176, 24.4349032], [118.2280767, 24.4347835], [118.2280321, 24.4346532], [118.2279875, 24.434523], [118.2279466, 24.4344033], [118.2279128, 24.4343047], [118.22789, 24.4342378], [118.2278815, 24.4342131], [118.2278766, 24.4341845], [118.2278631, 24.434106], [118.2278429, 24.4339892], [118.2278181, 24.4338456], [118.2277905, 24.4336865], [118.2277621, 24.4335233], [118.2277348, 24.4333676], [118.2277106, 24.4332308], [118.2276914, 24.4331242], [118.2276792, 24.4330594], [118.2276727, 24.4330141], [118.2276693, 24.4329606], [118.2276685, 24.4329016], [118.2276701, 24.4328399], [118.2276738, 24.4327782], [118.227679, 24.4327195], [118.2276856, 24.4326664], [118.2276931, 24.4326217], [118.2277012, 24.4325883], [118.2277096, 24.4325689], [118.2277151, 24.4325536], [118.2277154, 24.4325318], [118.2277117, 24.4325053], [118.227705, 24.4324762], [118.2276964, 24.4324463], [118.2276869, 24.4324175], [118.2276777, 24.4323918], [118.2276698, 24.4323711], [118.2276643, 24.4323573], [118.2276622, 24.4323522], [118.2276482, 24.4323053], [118.2276103, 24.4321778], [118.2275545, 24.4319899], [118.2274867, 24.4317618], [118.2274129, 24.4315136], [118.2273391, 24.4312653], [118.2272713, 24.4310372], [118.2272154, 24.4308494], [118.2271776, 24.4307219], [118.2271636, 24.4306749], [118.2271547, 24.4306547], [118.2271307, 24.4305998], [118.2270952, 24.4305186], [118.2270519, 24.4304199], [118.2270048, 24.430312], [118.2269574, 24.4302035], [118.2269136, 24.430103], [118.226877, 24.430019], [118.2268515, 24.42996], [118.2268408, 24.4299346], [118.2268359, 24.429928], [118.2268257, 24.4299195], [118.2268105, 24.4299095], [118.2267909, 24.4298979], [118.2267672, 24.4298851], [118.22674, 24.4298711], [118.2267098, 24.429856], [118.2266769, 24.4298402], [118.2266418, 24.4298236], [118.2266051, 24.4298064], [118.2265699, 24.4297836], [118.2265392, 24.4297516], [118.2265128, 24.4297129], [118.2264905, 24.4296701], [118.2264722, 24.429626], [118.2264576, 24.4295829], [118.2264465, 24.4295437], [118.2264389, 24.4295108], [118.2264344, 24.4294869], [118.226433, 24.4294745], [118.2264305, 24.4294678], [118.2264233, 24.4294595], [118.2264121, 24.4294499], [118.2263978, 24.4294394], [118.2263811, 24.4294281], [118.2263627, 24.4294164], [118.2263434, 24.4294047], [118.226324, 24.4293931], [118.2263051, 24.4293822], [118.2262875, 24.429372], [118.2262663, 24.4293603], [118.2262374, 24.429345], [118.2262031, 24.4293274], [118.2261659, 24.4293085], [118.226128, 24.4292894], [118.2260918, 24.4292713], [118.2260596, 24.4292553], [118.2260337, 24.4292425], [118.2260164, 24.4292339], [118.2260102, 24.4292309], [118.2260028, 24.4292188], [118.2259828, 24.4291861], [118.2259532, 24.4291377], [118.2259171, 24.4290786], [118.2258775, 24.4290137], [118.2258374, 24.4289481], [118.2258001, 24.4288866], [118.2257684, 24.4288344], [118.2257455, 24.4287963], [118.2257344, 24.4287774], [118.2257193, 24.42876], [118.2256853, 24.4287257], [118.2256372, 24.4286792], [118.22558, 24.4286246], [118.2255183, 24.4285664], [118.225457, 24.428509], [118.225401, 24.4284568], [118.225355, 24.428414], [118.2253239, 24.4283851], [118.2253124, 24.4283745], [118.2253077, 24.4283696], [118.2252947, 24.4283561], [118.2252751, 24.4283355], [118.2252505, 24.4283097], [118.2252225, 24.4282802], [118.2251929, 24.4282489], [118.2251634, 24.4282173], [118.2251354, 24.4281871], [118.2251108, 24.4281602], [118.2250912, 24.4281381], [118.2250739, 24.4281129], [118.2250557, 24.4280777], [118.2250372, 24.4280354], [118.225019, 24.4279892], [118.2250019, 24.4279418], [118.2249864, 24.4278964], [118.2249732, 24.4278558], [118.224963, 24.4278232], [118.2249563, 24.4278014], [118.224954, 24.4277935], [118.2249452, 24.4277872], [118.224921, 24.4277697], [118.2248848, 24.4277435], [118.2248398, 24.4277109], [118.2247895, 24.4276742], [118.2247371, 24.4276358], [118.2246859, 24.427598], [118.2246393, 24.4275632], [118.2246005, 24.4275336], [118.2245731, 24.4275117], [118.2245527, 24.4274951], [118.2245332, 24.4274798], [118.224523, 24.4274724], [118.2245145, 24.4274663], [118.2244966, 24.4274547], [118.2244796, 24.4274453], [118.2244633, 24.4274384], [118.2244479, 24.4274342], [118.2244333, 24.4274331], [118.2244196, 24.4274353], [118.2244066, 24.427441], [118.2243955, 24.4274492], [118.2243867, 24.4274585], [118.224379, 24.4274689], [118.2243714, 24.4274803], [118.2243628, 24.4274926], [118.2243521, 24.427506], [118.2243383, 24.4275202], [118.2243201, 24.4275353], [118.2242967, 24.4275512], [118.2242667, 24.4275679], [118.2242403, 24.4275779], [118.2242265, 24.4275755], [118.2242233, 24.4275629], [118.2242288, 24.4275425], [118.224241, 24.4275168], [118.2242577, 24.427488], [118.224277, 24.4274585], [118.2242969, 24.4274308], [118.2243153, 24.427407], [118.2243303, 24.4273897], [118.2243401, 24.4273773], [118.224345, 24.4273667], [118.2243459, 24.4273578], [118.2243437, 24.4273504], [118.2243393, 24.4273444], [118.2243336, 24.4273398], [118.2243276, 24.4273363], [118.2243222, 24.427334], [118.2243167, 24.4273323], [118.2242944, 24.4273213], [118.2242333, 24.4272909], [118.224142, 24.4272455], [118.2240291, 24.4271892], [118.2239032, 24.4271261], [118.223773, 24.4270606], [118.223647, 24.4269967], [118.2235338, 24.4269388], [118.2234421, 24.4268909], [118.2233805, 24.4268573], [118.223337, 24.4268374], [118.223294, 24.4268266], [118.2232525, 24.4268232], [118.223213, 24.4268258], [118.2231764, 24.4268327], [118.2231433, 24.4268422], [118.2231144, 24.4268529], [118.2230906, 24.426863], [118.2230724, 24.426871], [118.2230606, 24.4268753], [118.223044, 24.4268802], [118.2230131, 24.4268904], [118.2229712, 24.4269049], [118.2229214, 24.4269225], [118.2228672, 24.4269422], [118.2228117, 24.4269628], [118.2227583, 24.4269833], [118.2227101, 24.4270025], [118.2226704, 24.4270194], [118.2226425, 24.4270329], [118.2226193, 24.42704], [118.2225926, 24.4270395], [118.2225637, 24.427033], [118.2225341, 24.4270222], [118.2225052, 24.4270085], [118.2224784, 24.4269938], [118.2224551, 24.4269795], [118.2224368, 24.4269673], [118.2224247, 24.4269588], [118.2224204, 24.4269557], [118.2224096, 24.4269466], [118.2223802, 24.426922], [118.2223362, 24.4268852], [118.2222819, 24.4268397], [118.2222213, 24.4267893], [118.2221587, 24.4267372], [118.2220981, 24.4266872], [118.2220438, 24.4266427], [118.2219998, 24.4266073], [118.2219704, 24.4265844], [118.2219499, 24.4265712], [118.22193, 24.4265623], [118.221911, 24.426557], [118.2218931, 24.4265551], [118.2218767, 24.4265562], [118.221868, 24.4265582], [118.2218619, 24.4265597], [118.221849, 24.4265653], [118.2218383, 24.4265725], [118.22183, 24.426581], [118.2218243, 24.4265903], [118.2218175, 24.4266024], [118.2218059, 24.426619], [118.2217903, 24.4266393], [118.2217714, 24.4266625], [118.2217499, 24.4266879], [118.2217265, 24.4267146], [118.2217019, 24.4267419], [118.2216769, 24.4267689], [118.2216521, 24.4267948], [118.2216283, 24.4268189], [118.2216099, 24.4268383], [118.2215994, 24.4268516], [118.2215946, 24.42686], [118.2215933, 24.4268645], [118.2215925, 24.4268668], [118.2215887, 24.4268668], [118.2215798, 24.4268676], [118.2215635, 24.4268702], [118.2215376, 24.4268759], [118.2215095, 24.4268791], [118.2214871, 24.4268746], [118.2214693, 24.426864], [118.2214553, 24.4268486], [118.221444, 24.4268301], [118.2214344, 24.4268098], [118.2214254, 24.4267893], [118.2214161, 24.4267701], [118.2214054, 24.4267537], [118.2213923, 24.4267414], [118.221378, 24.4267299], [118.2213643, 24.4267148], [118.2213512, 24.426697], [118.221339, 24.4266772], [118.2213276, 24.426656], [118.2213173, 24.4266343], [118.2213082, 24.4266128], [118.2213004, 24.4265921], [118.221294, 24.426573], [118.2212891, 24.4265563], [118.2212808, 24.4265412], [118.2212654, 24.4265266], [118.2212444, 24.4265125], [118.2212195, 24.4264992], [118.2211921, 24.4264867], [118.2211638, 24.4264751], [118.2211363, 24.4264646], [118.2211111, 24.4264553], [118.2210899, 24.4264474], [118.2210741, 24.4264409], [118.2210609, 24.4264367], [118.2210466, 24.4264354], [118.2210317, 24.4264364], [118.2210169, 24.4264391], [118.2210028, 24.4264429], [118.22099, 24.4264473], [118.2209789, 24.4264518], [118.2209703, 24.4264557], [118.2209647, 24.4264584], [118.2209627, 24.4264595], [118.2209577, 24.4264594], [118.2209442, 24.4264593], [118.2209242, 24.4264592], [118.2209, 24.426459], [118.2208736, 24.4264589], [118.2208472, 24.4264587], [118.2208229, 24.4264585], [118.220803, 24.4264584], [118.2207894, 24.4264583], [118.2207844, 24.4264583], [118.2207802, 24.4264614], [118.2207757, 24.4264634], [118.2207693, 24.4264659], [118.220761, 24.4264688], [118.2207506, 24.4264721], [118.2207379, 24.4264759], [118.2207227, 24.4264802], [118.2207049, 24.426485], [118.2206844, 24.4264904], [118.2206437, 24.4264983], [118.2206107, 24.4264995], [118.2205837, 24.4264952], [118.2205612, 24.4264865], [118.2205416, 24.4264745], [118.2205233, 24.4264603], [118.2205048, 24.4264452], [118.2204845, 24.4264301], [118.2204609, 24.4264163], [118.2204324, 24.4264049], [118.2204053, 24.4263978], [118.2203772, 24.4263929], [118.2203485, 24.4263899], [118.2203191, 24.4263885], [118.2202892, 24.4263881], [118.2202591, 24.4263885], [118.2202287, 24.4263893], [118.2201984, 24.42639], [118.2201681, 24.4263903], [118.2201381, 24.4263898], [118.2200484, 24.4263859], [118.2199587, 24.4263805], [118.2198692, 24.4263743], [118.2197797, 24.4263681], [118.2196903, 24.4263628], [118.2196009, 24.4263591], [118.2195114, 24.4263578], [118.2194219, 24.4263598], [118.2193323, 24.4263658], [118.2192426, 24.4263766], [118.2191979, 24.4263862], [118.2191468, 24.4264014], [118.2190909, 24.4264199], [118.219032, 24.4264394], [118.2189716, 24.4264579], [118.2189114, 24.4264731], [118.218853, 24.4264827], [118.218798, 24.4264847], [118.2187482, 24.4264766], [118.2187051, 24.4264565], [118.218439, 24.4263196], [118.2184227, 24.4263154], [118.2184053, 24.4263089], [118.2183865, 24.4263002], [118.2183656, 24.4262896], [118.2183421, 24.4262774], [118.2183182, 24.4262656], [118.2182963, 24.4262563], [118.2182763, 24.426249], [118.218258, 24.4262436], [118.2182413, 24.4262399], [118.2182259, 24.4262377], [118.2182118, 24.4262367], [118.2181988, 24.4262366], [118.2181867, 24.4262373], [118.2181754, 24.4262386], [118.2181634, 24.4262407], [118.2181493, 24.4262442], [118.2181332, 24.4262486], [118.2181153, 24.4262535], [118.2180958, 24.4262585], [118.2180746, 24.4262633], [118.2180521, 24.4262673], [118.2180282, 24.4262702], [118.2180031, 24.4262717], [118.217977, 24.4262713], [118.2179519, 24.4262669], [118.2179295, 24.4262578], [118.2179099, 24.4262451], [118.2178931, 24.4262301], [118.2178789, 24.4262141], [118.2178674, 24.4261982], [118.2178585, 24.4261837], [118.2178522, 24.4261718], [118.2178485, 24.4261637], [118.2178472, 24.4261608], [118.2178385, 24.4261552], [118.2178148, 24.4261403], [118.2177799, 24.4261182], [118.2177375, 24.4260914], [118.2176913, 24.4260622], [118.2176452, 24.4260331], [118.2176028, 24.4260063], [118.2175678, 24.4259842], [118.2175441, 24.4259692], [118.2175354, 24.4259637], [118.2175242, 24.4259573], [118.2174933, 24.4259392], [118.2174467, 24.4259114], [118.2173884, 24.4258758], [118.2173223, 24.4258345], [118.2172525, 24.4257892], [118.217183, 24.425742], [118.2171177, 24.4256948], [118.2170606, 24.4256495], [118.2170158, 24.4256081], [118.2169843, 24.4255702], [118.2169634, 24.425534], [118.2169515, 24.4254996], [118.216947, 24.4254669]]], [[[118.2229434, 24.4082191], [118.2230686, 24.4079539], [118.2232487, 24.4079018], [118.2233358, 24.4077257], [118.2234454, 24.4077118], [118.2234375, 24.4075295], [118.2233636, 24.4074248], [118.2234699, 24.4066284], [118.2235673, 24.4063513], [118.223688, 24.4062747], [118.2247706, 24.4051243], [118.2249356, 24.4050611], [118.2254461, 24.4051538], [118.2255461, 24.4049965], [118.2257333, 24.4049394], [118.2259187, 24.4049701], [118.2261396, 24.4051803], [118.2261593, 24.4053954], [118.226305, 24.4055501], [118.2263786, 24.4059196], [118.2265051, 24.4060513], [118.2265147, 24.4061994], [118.2267425, 24.4065649], [118.2268941, 24.4066739], [118.2275018, 24.4078276], [118.227686, 24.4079312], [118.2283962, 24.4086718], [118.2287183, 24.4091253], [118.2288759, 24.4092757], [118.2292376, 24.4098934], [118.2294051, 24.409957], [118.2294554, 24.4101188], [118.229621, 24.4103344], [118.2304454, 24.4112214], [118.2310711, 24.411758], [118.2305395, 24.4122892], [118.2292071, 24.4110808], [118.2290826, 24.4107656], [118.2284462, 24.410415], [118.2278516, 24.4099903], [118.2283648, 24.4095154], [118.2279911, 24.4091358], [118.2280773, 24.4090527], [118.2274551, 24.4084725], [118.2274252, 24.4084922], [118.2270835, 24.4081584], [118.226974, 24.4081523], [118.2266557, 24.4079534], [118.2262397, 24.4075201], [118.2262775, 24.4074485], [118.2262261, 24.4073376], [118.2257132, 24.4064472], [118.2252158, 24.406347], [118.2251102, 24.4067893], [118.2250943, 24.4074412], [118.2250249, 24.4074408], [118.2249491, 24.4082904], [118.2233621, 24.4089884], [118.2233731, 24.4091053], [118.2230994, 24.4092082], [118.2229434, 24.4082191]]], [[[118.2602307, 24.4242235], [118.2605848, 24.4232539], [118.2609608, 24.4224716], [118.2613278, 24.4224181], [118.261721, 24.4222599], [118.2619026, 24.4221254], [118.2622592, 24.4221164], [118.2624635, 24.4222437], [118.2626861, 24.4222443], [118.2628655, 24.4224636], [118.2630432, 24.4224524], [118.2630299, 24.4225736], [118.2629512, 24.4226733], [118.26292, 24.4230559], [118.2628073, 24.4231465], [118.2628724, 24.4231763], [118.2629405, 24.4231372], [118.2629193, 24.423204], [118.2627365, 24.4232463], [118.2628923, 24.4233808], [118.2624583, 24.4234049], [118.2624979, 24.4234781], [118.262926, 24.4235427], [118.2629709, 24.4238843], [118.2626332, 24.4240582], [118.2626379, 24.4241537], [118.2629201, 24.4240449], [118.2630312, 24.4240762], [118.2630695, 24.4241417], [118.2630408, 24.4243851], [118.2631508, 24.4248101], [118.2634956, 24.4247062], [118.2636131, 24.4248574], [118.2631426, 24.4251387], [118.2627865, 24.4252531], [118.2623393, 24.4253069], [118.261782, 24.425049], [118.2618247, 24.4248178], [118.2612802, 24.4247883], [118.260336, 24.4244963], [118.2602307, 24.4242235]]], [[[118.2879831, 24.4712103], [118.2881408, 24.4708731], [118.2881543, 24.4702767], [118.2882985, 24.4699225], [118.2890844, 24.4690181], [118.2901347, 24.4682979], [118.2905453, 24.4680272], [118.2910429, 24.46775], [118.2921575, 24.4670581], [118.2934513, 24.4664437], [118.295418, 24.4650837], [118.2971912, 24.4642151], [118.298478, 24.4637817], [118.2991267, 24.4636176], [118.2996369, 24.4634956], [118.3000638, 24.4632631], [118.3012564, 24.4625602], [118.3023405, 24.4618779], [118.302539, 24.4617915], [118.3028308, 24.4616388], [118.3026748, 24.4613061], [118.302946, 24.4611654], [118.3031872, 24.4613104], [118.3041314, 24.4603185], [118.3041774, 24.4598097], [118.3042972, 24.4598826], [118.3044807, 24.4597798], [118.3046686, 24.4595254], [118.3047055, 24.4594161], [118.3049875, 24.459026], [118.3053564, 24.4593423], [118.3054893, 24.4592843], [118.3058076, 24.4595877], [118.3059686, 24.4597129], [118.3063786, 24.4600665], [118.3067769, 24.4604851], [118.3068385, 24.4606738], [118.3071968, 24.4610701], [118.3079407, 24.4617352], [118.3082952, 24.4621129], [118.3084941, 24.4624495], [118.3092304, 24.4629777], [118.3097421, 24.4633678], [118.3103023, 24.4639022], [118.3109947, 24.4643424], [118.3113348, 24.4646238], [118.3116869, 24.4649242], [118.3120199, 24.4651701], [118.3123317, 24.4654146], [118.3126303, 24.4656673], [118.3133162, 24.4660116], [118.3138339, 24.4663607], [118.3140479, 24.466555], [118.3150832, 24.4669158], [118.3156158, 24.4667801], [118.3158889, 24.4666507], [118.3156949, 24.468454], [118.3155667, 24.4694453], [118.3152792, 24.4722413], [118.3152613, 24.4728659], [118.315295, 24.4732084], [118.315297, 24.4732221], [118.3140531, 24.4731023], [118.3139058, 24.4742745], [118.3138596, 24.4744663], [118.3148505, 24.4739152], [118.3151619, 24.4736739], [118.3153867, 24.4734653], [118.3153994, 24.4734604], [118.3163803, 24.4747401], [118.3168121, 24.4748453], [118.3171538, 24.4749951], [118.317456, 24.4751276], [118.3178356, 24.4753655], [118.3179203, 24.4754234], [118.3180018, 24.4754851], [118.3180798, 24.4755505], [118.3181542, 24.4756193], [118.3182247, 24.4756914], [118.3185366, 24.4760383], [118.3191237, 24.4766522], [118.3197427, 24.4772481], [118.3204642, 24.4779442], [118.3205067, 24.477966], [118.3213739, 24.4784106], [118.3222372, 24.4792756], [118.322678, 24.4796089], [118.3265025, 24.4764445], [118.3268317, 24.4754653], [118.3326261, 24.4708805], [118.3331203, 24.4699603], [118.3338352, 24.470707], [118.3340731, 24.470788], [118.3354029, 24.4704147], [118.3370469, 24.4691707], [118.3373326, 24.4686724], [118.3400112, 24.4668765], [118.340109, 24.4666445], [118.3407128, 24.4657432], [118.3409818, 24.4654814], [118.342391, 24.4645978], [118.3426832, 24.4633028], [118.3455122, 24.4635728], [118.3476751, 24.4641918], [118.3480263, 24.4635258], [118.3494232, 24.4638033], [118.3497058, 24.4635918], [118.3507589, 24.4637736], [118.3509185, 24.4639897], [118.351272, 24.4639075], [118.3520703, 24.4641529], [118.3520266, 24.4646272], [118.3517855, 24.4646897], [118.3514485, 24.4646281], [118.3505183, 24.4649693], [118.3481136, 24.4660324], [118.3460055, 24.4668604], [118.3450436, 24.4672971], [118.3441544, 24.4677817], [118.3425756, 24.4684903], [118.3418923, 24.4688482], [118.3403785, 24.4697673], [118.3401691, 24.4699355], [118.3401065, 24.4699353], [118.3374761, 24.4716312], [118.3372943, 24.4718313], [118.3367085, 24.4721544], [118.3338956, 24.4741905], [118.3327927, 24.4749381], [118.3319834, 24.4754682], [118.3313198, 24.4760713], [118.3278144, 24.4788632], [118.3261659, 24.4802977], [118.3245377, 24.4818055], [118.3210887, 24.485123], [118.320442, 24.4857962], [118.3205208, 24.4860544], [118.3204751, 24.4861466], [118.3202, 24.4862159], [118.3200085, 24.4861277], [118.3197978, 24.4862726], [118.3191396, 24.4869876], [118.318609, 24.487428], [118.3184425, 24.4875439], [118.3182031, 24.4876314], [118.3179814, 24.4876931], [118.317722, 24.487977], [118.3175521, 24.4881393], [118.3174075, 24.4882868], [118.3171993, 24.4883369], [118.3169082, 24.4882332], [118.3164812, 24.488045], [118.3163102, 24.4880951], [118.3160221, 24.4884473], [118.3153809, 24.4892314], [118.3151381, 24.4895286], [118.3147207, 24.4898932], [118.3144765, 24.4900706], [118.3141315, 24.4900303], [118.3135034, 24.4898763], [118.3130987, 24.4898106], [118.3127685, 24.4899691], [118.3120139, 24.4903567], [118.3117474, 24.4903606], [118.311304, 24.490274], [118.3109693, 24.4901968], [118.3105392, 24.4900396], [118.3102572, 24.4897198], [118.3101872, 24.4893158], [118.3101018, 24.4889313], [118.3102337, 24.4884736], [118.3103772, 24.488292], [118.3103867, 24.4880371], [118.310232, 24.4878178], [118.3101174, 24.487638], [118.3099772, 24.4875202], [118.309477, 24.4873576], [118.309096, 24.4872887], [118.3087502, 24.4872536], [118.3081037, 24.4872986], [118.3074764, 24.4873626], [118.3066519, 24.4873759], [118.3062937, 24.4873492], [118.305935, 24.487253], [118.3054439, 24.4870841], [118.3052313, 24.4868351], [118.3049524, 24.486619], [118.304528, 24.4863929], [118.3041002, 24.4863163], [118.3040078, 24.4862575], [118.3037671, 24.4860448], [118.30342, 24.4859732], [118.3031508, 24.4858458], [118.3026023, 24.4852985], [118.3023536, 24.4849345], [118.301845, 24.4843722], [118.3011342, 24.4838857], [118.3002833, 24.4830654], [118.2998135, 24.4826777], [118.2996849, 24.4822012], [118.2995956, 24.481714], [118.2991595, 24.4812034], [118.2989195, 24.4810722], [118.2984806, 24.4809433], [118.2972078, 24.4808786], [118.2968212, 24.4807263], [118.2961614, 24.4805923], [118.2954385, 24.4806003], [118.2950602, 24.4805621], [118.2945705, 24.4802709], [118.2941215, 24.4798262], [118.2939478, 24.479517], [118.2934717, 24.4792191], [118.2927316, 24.4789724], [118.2923885, 24.4787883], [118.2920823, 24.4783471], [118.2919398, 24.4778393], [118.2917089, 24.4774122], [118.291426, 24.4768658], [118.2911227, 24.4765391], [118.2907566, 24.4762764], [118.2902985, 24.4757137], [118.2900839, 24.4752875], [118.2899698, 24.4750174], [118.2898348, 24.474606], [118.289781, 24.4742173], [118.2897068, 24.47379], [118.2896268, 24.4727403], [118.2893272, 24.4722258], [118.2889186, 24.4720456], [118.2885149, 24.4719011], [118.2880164, 24.4714913], [118.2879831, 24.4712103]]], [[[118.2906517, 24.4022124], [118.2907354, 24.4021434], [118.2907789, 24.4021395], [118.2909738, 24.4020717], [118.2910101, 24.4020814], [118.291083, 24.4021236], [118.2911057, 24.4021255], [118.2915567, 24.4018739], [118.2918313, 24.4017762], [118.2918735, 24.4017807], [118.2920295, 24.4017295], [118.2922437, 24.4016304], [118.2923055, 24.4016302], [118.2926168, 24.4014316], [118.2926776, 24.4014128], [118.2927596, 24.4014094], [118.2928283, 24.4013847], [118.2928576, 24.4013149], [118.2928291, 24.4012283], [118.2928586, 24.4011636], [118.2930353, 24.4010235], [118.2930341, 24.4010062], [118.2929954, 24.4009948], [118.2929726, 24.4009663], [118.2929551, 24.4009134], [118.2930729, 24.4008112], [118.2931458, 24.4007818], [118.2931879, 24.4008137], [118.2934262, 24.4007782], [118.2949599, 24.3998763], [118.2952256, 24.399685], [118.2955253, 24.3994243], [118.2955421, 24.3993997], [118.295633, 24.399267], [118.2956098, 24.3992096], [118.295316, 24.3990115], [118.2952894, 24.3989719], [118.2953291, 24.3988064], [118.2954898, 24.3984958], [118.2955554, 24.3984319], [118.2957113, 24.3983781], [118.2959613, 24.3983665], [118.296136, 24.3982237], [118.2963014, 24.397968], [118.296417, 24.3977031], [118.2964546, 24.3975935], [118.2964331, 24.3973494], [118.2962473, 24.3973252], [118.2959667, 24.3971364], [118.2958527, 24.3969051], [118.2958469, 24.3968637], [118.2958651, 24.3967611], [118.2958651, 24.3966746], [118.2957535, 24.3965299], [118.2957048, 24.3964264], [118.2957079, 24.3963989], [118.2957559, 24.3963604], [118.2958284, 24.396336], [118.2958975, 24.3963731], [118.2960633, 24.3965527], [118.2961573, 24.3966853], [118.2961829, 24.3966894], [118.296274, 24.3966541], [118.296296, 24.3966151], [118.2962068, 24.396506], [118.2960585, 24.3962186], [118.2959984, 24.3961495], [118.2959448, 24.3961279], [118.2959094, 24.3960853], [118.2958833, 24.3960333], [118.2958767, 24.3959756], [118.2959163, 24.3958989], [118.2959779, 24.3958761], [118.2960489, 24.3958843], [118.2961054, 24.3959001], [118.2963856, 24.3960708], [118.2965326, 24.3960948], [118.296601, 24.3960876], [118.2968936, 24.395973], [118.2969495, 24.395923], [118.2969816, 24.3958527], [118.2969597, 24.3956893], [118.2969426, 24.3956425], [118.297004, 24.3955931], [118.2971832, 24.3957486], [118.2972353, 24.3957577], [118.2973556, 24.3957658], [118.2975233, 24.3958739], [118.2975677, 24.3960269], [118.2983354, 24.3961378], [118.2984959, 24.3960172], [118.2987253, 24.3960212], [118.2989085, 24.3962385], [118.2996272, 24.3963488], [118.2999227, 24.3964074], [118.3021125, 24.3964529], [118.3024622, 24.3964399], [118.302975, 24.396373], [118.3030204, 24.3963222], [118.3031309, 24.3963035], [118.3031904, 24.3963294], [118.3034685, 24.3962764], [118.3035306, 24.3963151], [118.3035807, 24.3962702], [118.303673, 24.3962782], [118.3037736, 24.3962369], [118.3038267, 24.3962566], [118.3040789, 24.3962376], [118.3041997, 24.3961604], [118.3044234, 24.3961322], [118.3045339, 24.3960564], [118.3049243, 24.395965], [118.305057, 24.3958545], [118.3052236, 24.3957995], [118.3053655, 24.3956563], [118.3055149, 24.3955649], [118.3055378, 24.3954672], [118.3054453, 24.395359], [118.3052414, 24.3952098], [118.3052021, 24.3951437], [118.305173, 24.3950253], [118.3052155, 24.3948866], [118.3054327, 24.3948154], [118.3055603, 24.3947064], [118.3056648, 24.3946664], [118.3057134, 24.3947923], [118.3058396, 24.3948949], [118.3058929, 24.3948917], [118.3063067, 24.3946162], [118.306321, 24.3945397], [118.3062277, 24.3944433], [118.3061851, 24.3943448], [118.3062035, 24.3943101], [118.3062972, 24.3943317], [118.306343, 24.3943136], [118.3061104, 24.3940959], [118.3061001, 24.3940591], [118.3061863, 24.393991], [118.3061581, 24.393727], [118.3062105, 24.3936634], [118.3063215, 24.3936882], [118.3063819, 24.393631], [118.3063804, 24.3935936], [118.3063271, 24.39351], [118.3063708, 24.3933988], [118.3065556, 24.3934735], [118.3066025, 24.3934353], [118.3067576, 24.3933945], [118.3070218, 24.3933794], [118.3072977, 24.3932427], [118.3073793, 24.393138], [118.3074339, 24.3931106], [118.3075687, 24.3929057], [118.3075649, 24.3928213], [118.3076429, 24.3925882], [118.3074978, 24.3924449], [118.3074932, 24.3924033], [118.3075446, 24.3923715], [118.3076071, 24.3923543], [118.3077287, 24.3923599], [118.3078463, 24.3924045], [118.3080561, 24.3924329], [118.3081384, 24.3923703], [118.308289, 24.3923508], [118.308297, 24.3923496], [118.308467, 24.3922632], [118.3085519, 24.3921915], [118.3087874, 24.3919805], [118.308868, 24.3918502], [118.3088982, 24.3917229], [118.308762, 24.391663], [118.3087396, 24.3916336], [118.308754, 24.3916037], [118.3088406, 24.391573], [118.3088614, 24.3915369], [118.3088389, 24.3914244], [118.3087447, 24.391178], [118.3087575, 24.3911174], [118.3087884, 24.3910763], [118.3088787, 24.391052], [118.3089652, 24.3911201], [118.3090502, 24.3910798], [118.3090901, 24.3910229], [118.3091115, 24.3910224], [118.3091464, 24.3910599], [118.3091612, 24.3911578], [118.3091978, 24.3912143], [118.3093784, 24.3913404], [118.3094145, 24.3913262], [118.3093475, 24.391196], [118.3092149, 24.3910392], [118.3091271, 24.3908879], [118.3090641, 24.390719], [118.3090685, 24.3906246], [118.3092305, 24.3904139], [118.309315, 24.3904061], [118.3093809, 24.3904213], [118.3094095, 24.3904038], [118.3094071, 24.3903501], [118.3094608, 24.3903537], [118.3095363, 24.3903064], [118.3095701, 24.3903036], [118.3096043, 24.3903514], [118.3096533, 24.3903527], [118.3097155, 24.3902858], [118.309832, 24.3903452], [118.3101081, 24.3903255], [118.3101636, 24.3902945], [118.3102017, 24.3902347], [118.3103247, 24.3900148], [118.3103872, 24.3899863], [118.3104483, 24.3899778], [118.3105189, 24.3899895], [118.3105554, 24.3900052], [118.3105827, 24.3900473], [118.3106302, 24.3900657], [118.310708, 24.3900393], [118.3108322, 24.3900302], [118.3108561, 24.389996], [118.3109865, 24.3899779], [118.3110298, 24.3899818], [118.3114039, 24.3902783], [118.3114831, 24.390295], [118.311555, 24.3902781], [118.3116192, 24.3903278], [118.3117041, 24.3903019], [118.3117633, 24.390315], [118.3117986, 24.3903497], [118.3118458, 24.3904342], [118.3119405, 24.3904129], [118.3120756, 24.3905676], [118.312322, 24.3905963], [118.3124848, 24.3906362], [118.3126948, 24.3906534], [118.31283, 24.3905633], [118.3128539, 24.3905291], [118.3129105, 24.3904939], [118.3129213, 24.3903664], [118.3129644, 24.3903446], [118.3130099, 24.3902802], [118.3130447, 24.3902871], [118.3130876, 24.3903422], [118.3131016, 24.390385], [118.3130652, 24.3904488], [118.3131045, 24.3904817], [118.3131369, 24.3904716], [118.3131621, 24.3904025], [118.31322, 24.3904151], [118.3132058, 24.3905621], [118.3132202, 24.3905627], [118.3132446, 24.3905621], [118.3133471, 24.3904938], [118.3135189, 24.3904065], [118.3136067, 24.3903061], [118.3135367, 24.3901902], [118.3135297, 24.3901426], [118.3136569, 24.3900553], [118.3137013, 24.390053], [118.3137887, 24.3899743], [118.3138721, 24.3899847], [118.3139819, 24.3900275], [118.3140994, 24.3899886], [118.3141468, 24.3899435], [118.3142198, 24.3899533], [118.3144238, 24.3901738], [118.3144867, 24.3901103], [118.3144109, 24.3900632], [118.3143656, 24.3900048], [118.3143386, 24.3899271], [118.3143506, 24.3898668], [118.3143756, 24.3898275], [118.3144283, 24.389787], [118.3145668, 24.3897384], [118.3146358, 24.389746], [118.3147725, 24.3897996], [118.314922, 24.3898851], [118.3150495, 24.3900273], [118.3150413, 24.3901732], [118.3150618, 24.3902085], [118.3150841, 24.390211], [118.3151114, 24.3901737], [118.3151653, 24.3899913], [118.3153149, 24.3899186], [118.3154224, 24.3897901], [118.3158862, 24.3896593], [118.3159656, 24.389594], [118.3160279, 24.3895222], [118.316166, 24.3892971], [118.3161637, 24.389055], [118.3161091, 24.3889755], [118.3161, 24.3889306], [118.3161496, 24.3888952], [118.3162212, 24.3888805], [118.3162048, 24.3887705], [118.3162178, 24.3887388], [118.3163592, 24.3885102], [118.3165318, 24.3883272], [118.3166075, 24.3882972], [118.3166865, 24.3883172], [118.3170036, 24.3885863], [118.3174919, 24.3885598], [118.3176504, 24.3885406], [118.317788, 24.3885666], [118.3180648, 24.3885803], [118.3181172, 24.3885985], [118.3181646, 24.3885978], [118.3182072, 24.388578], [118.3183342, 24.3884157], [118.3189972, 24.387884], [118.3190062, 24.3878564], [118.3189458, 24.3877892], [118.318946, 24.3877464], [118.3189766, 24.3877334], [118.3190282, 24.3877495], [118.3190694, 24.3877773], [118.3191171, 24.3878318], [118.3191582, 24.3878042], [118.319585, 24.3873809], [118.3194492, 24.3872633], [118.3194696, 24.3871937], [118.3195256, 24.3871924], [118.3196144, 24.3872368], [118.3196553, 24.3872347], [118.319788, 24.3870918], [118.3197784, 24.3870546], [118.3196719, 24.3869435], [118.3196431, 24.3868899], [118.3197363, 24.3868211], [118.3197335, 24.3867786], [118.319525, 24.3865483], [118.3195128, 24.386506], [118.3195575, 24.3864862], [118.3197528, 24.3865312], [118.3197903, 24.3865248], [118.3197084, 24.3864401], [118.3197026, 24.3864062], [118.3197243, 24.3863854], [118.3198211, 24.3863866], [118.3198455, 24.3863691], [118.3198377, 24.3862709], [118.3198604, 24.3861946], [118.3198644, 24.3860947], [118.3198792, 24.3860095], [118.3199184, 24.3859615], [118.3199459, 24.3860352], [118.319906, 24.3862299], [118.3199123, 24.386292], [118.3199334, 24.3862996], [118.3200057, 24.3862795], [118.3200635, 24.38624], [118.320062, 24.3862174], [118.3199914, 24.3861388], [118.3199632, 24.3860604], [118.3200148, 24.3860141], [118.3200957, 24.3859716], [118.3203353, 24.3860234], [118.3203698, 24.3860648], [118.3205552, 24.3860728], [118.3206375, 24.3860593], [118.3206896, 24.3861172], [118.3207742, 24.3861265], [118.3209003, 24.3861103], [118.3209592, 24.3860782], [118.320963, 24.386042], [118.3208907, 24.3859731], [118.3208688, 24.3859362], [118.3209166, 24.3858277], [118.3210234, 24.3858256], [118.321086, 24.3858677], [118.3213251, 24.3858704], [118.3213592, 24.3858794], [118.3214724, 24.3859327], [118.3214897, 24.3859346], [118.3214957, 24.3859375], [118.3215573, 24.3860648], [118.3215541, 24.3860933], [118.3215758, 24.3861037], [118.3216082, 24.3860898], [118.3216859, 24.385879], [118.3217069, 24.3858817], [118.3217518, 24.3859179], [118.3218129, 24.3859389], [118.3218203, 24.3858592], [118.321933, 24.3858171], [118.3219691, 24.3857405], [118.3220786, 24.3857254], [118.3222011, 24.3857505], [118.3222484, 24.3859653], [118.3222711, 24.3859851], [118.3223933, 24.3859822], [118.3224215, 24.3860728], [118.3224471, 24.3861], [118.3225281, 24.3861227], [118.3225477, 24.3864127], [118.3227119, 24.3864851], [118.3227769, 24.3865705], [118.3228203, 24.3865744], [118.3228999, 24.3865546], [118.3229707, 24.3865159], [118.3230847, 24.3863655], [118.3229521, 24.3862179], [118.3229453, 24.3861049], [118.3228589, 24.3859976], [118.3228491, 24.3859672], [118.3228737, 24.3859554], [118.3229597, 24.3859843], [118.3229977, 24.3858853], [118.3230782, 24.3858469], [118.3231607, 24.3858347], [118.3232364, 24.3858744], [118.3234056, 24.3860067], [118.3235919, 24.3861037], [118.3236368, 24.3863188], [118.3236249, 24.386467], [118.3236846, 24.3865249], [118.3237128, 24.3866109], [118.323712, 24.3866753], [118.323671, 24.3867596], [118.3236776, 24.3868297], [118.3237279, 24.3869452], [118.3238547, 24.3871239], [118.3240708, 24.3873211], [118.3242773, 24.3874437], [118.3244045, 24.3876127], [118.3244923, 24.3876862], [118.3249455, 24.3880341], [118.3250585, 24.3880851], [118.3252849, 24.3881116], [118.3254455, 24.388074], [118.3256828, 24.3881057], [118.3259387, 24.3880831], [118.3260027, 24.3880587], [118.3260298, 24.3880284], [118.3260367, 24.3879876], [118.3259544, 24.3878376], [118.3259585, 24.3875754], [118.3259888, 24.3875068], [118.32608, 24.3874054], [118.326102, 24.3873973], [118.3261403, 24.3873929], [118.3261767, 24.3874227], [118.3262303, 24.3875455], [118.3263201, 24.3876699], [118.3263981, 24.3876528], [118.3265213, 24.3877027], [118.3266227, 24.3876518], [118.3267075, 24.3876947], [118.3267542, 24.387738], [118.326785, 24.387746], [118.326827, 24.3878054], [118.326941, 24.3877356], [118.3268825, 24.3876503], [118.3269455, 24.3875338], [118.3268848, 24.3874535], [118.3267528, 24.3875366], [118.3267178, 24.3874806], [118.326745, 24.3874393], [118.3268514, 24.3873203], [118.3269362, 24.3872964], [118.3270367, 24.3873131], [118.3271435, 24.3873691], [118.327256, 24.387485], [118.3273101, 24.3875045], [118.3273451, 24.3875014], [118.3273603, 24.3874607], [118.3272816, 24.3874099], [118.3272022, 24.3873009], [118.3271897, 24.3871742], [118.3274077, 24.3871482], [118.3276358, 24.3872106], [118.327686, 24.3872556], [118.327742, 24.3872428], [118.3277714, 24.3872847], [118.3277463, 24.3873553], [118.3277586, 24.387393], [118.3278709, 24.3874429], [118.3278887, 24.3874703], [118.3278972, 24.387506], [118.3278654, 24.3876158], [118.3277506, 24.3876538], [118.3277099, 24.3876993], [118.3277244, 24.3877357], [118.327834, 24.3877904], [118.327994, 24.3878316], [118.3280887, 24.3878268], [118.3280988, 24.3878889], [118.3280481, 24.3879214], [118.3280439, 24.3879572], [118.3280971, 24.3879681], [118.328148, 24.3879584], [118.3281755, 24.388042], [118.3282492, 24.3880662], [118.3283636, 24.3882289], [118.3284764, 24.388287], [118.3287041, 24.3885459], [118.3287634, 24.3885558], [118.3288966, 24.388545], [118.3290972, 24.3884464], [118.3291746, 24.3884225], [118.3292441, 24.3883883], [118.3292904, 24.3883334], [118.3293022, 24.3883143], [118.3292532, 24.388271], [118.3292464, 24.3882312], [118.3292145, 24.3882061], [118.3292066, 24.3881641], [118.3292111, 24.3881275], [118.3292346, 24.3880859], [118.3291666, 24.3880546], [118.3291287, 24.3880049], [118.3291519, 24.3879185], [118.329208, 24.3878938], [118.3293596, 24.3879824], [118.3293831, 24.3881056], [118.3294434, 24.3881685], [118.3294979, 24.388275], [118.3295334, 24.3882631], [118.3295496, 24.3882224], [118.3295311, 24.3881845], [118.3294924, 24.3881549], [118.3294928, 24.3880841], [118.3296098, 24.3880643], [118.3296559, 24.3881771], [118.3297487, 24.3882551], [118.3298033, 24.3882483], [118.3298478, 24.3882642], [118.3299003, 24.3882989], [118.3299908, 24.3883981], [118.3299888, 24.3884658], [118.3300311, 24.3884806], [118.3300723, 24.3884613], [118.330104, 24.3885319], [118.3301405, 24.3885455], [118.3301552, 24.3885715], [118.3301769, 24.3885615], [118.330161, 24.3885296], [118.3302179, 24.3884373], [118.3302681, 24.3884046], [118.3303011, 24.3884123], [118.3303102, 24.3884749], [118.3303432, 24.3885045], [118.3303779, 24.3885137], [118.330407, 24.3885171], [118.3304492, 24.3884988], [118.3304685, 24.3884464], [118.330541, 24.3884303], [118.3307054, 24.3885626], [118.3307362, 24.3885797], [118.3307546, 24.3886115], [118.3307555, 24.3886731], [118.3307176, 24.3887937], [118.330735, 24.3888155], [118.3307704, 24.388828], [118.3307895, 24.3888866], [118.3307669, 24.3889373], [118.3306701, 24.3890467], [118.3306797, 24.3890837], [118.330828, 24.3890895], [118.3309135, 24.3892069], [118.3309135, 24.3892824], [118.3308069, 24.389377], [118.3307817, 24.389418], [118.3307876, 24.3894361], [118.3307925, 24.3894511], [118.3308284, 24.3895012], [118.3308991, 24.3894977], [118.330972, 24.3895695], [118.3311454, 24.3896835], [118.3312362, 24.3898053], [118.3312687, 24.3899262], [118.3312932, 24.3899579], [118.3313581, 24.3899898], [118.3314066, 24.3900499], [118.3314694, 24.3901976], [118.3314446, 24.3902757], [118.3314731, 24.390393], [118.3314856, 24.3907119], [118.3315023, 24.3908173], [118.3315164, 24.3908463], [118.3315927, 24.3909158], [118.3316245, 24.3909841], [118.3317207, 24.3910408], [118.3317247, 24.3910449], [118.33181, 24.3913947], [118.3319607, 24.3916445], [118.3321632, 24.391829], [118.3322145, 24.3920203], [118.3325231, 24.3923676], [118.3326222, 24.3924041], [118.3326506, 24.3924882], [118.3329357, 24.3927965], [118.333006, 24.3928206], [118.3331705, 24.3930644], [118.3333173, 24.3931615], [118.3333624, 24.3932832], [118.3337395, 24.3936288], [118.333745, 24.3936972], [118.33394, 24.3937934], [118.3340463, 24.3939204], [118.3340615, 24.3940736], [118.3341128, 24.3940823], [118.3341417, 24.3939985], [118.3342762, 24.3940073], [118.3342508, 24.3942474], [118.3343568, 24.3942234], [118.3343677, 24.3943442], [118.3344628, 24.3943528], [118.3344716, 24.3944305], [118.3346026, 24.3946016], [118.3347835, 24.3946274], [118.3347489, 24.3947992], [118.3346961, 24.3948525], [118.334946, 24.3950125], [118.3349015, 24.3950529], [118.3348079, 24.3950049], [118.3347421, 24.3952932], [118.3350729, 24.395763], [118.3350585, 24.3960663], [118.3352833, 24.3965313], [118.3351564, 24.3966501], [118.3350933, 24.3967806], [118.3351119, 24.3969241], [118.335196, 24.396988], [118.3352463, 24.397104], [118.33522, 24.3972421], [118.3354253, 24.397367], [118.3354503, 24.3975366], [118.3355543, 24.3976732], [118.3356046, 24.3980819], [118.3355615, 24.3983708], [118.3356214, 24.3983877], [118.3356548, 24.3984882], [118.3355429, 24.3990232], [118.3355879, 24.3991083], [118.3358104, 24.3992531], [118.335719, 24.3993574], [118.3357674, 24.3995348], [118.3357274, 24.399721], [118.3356594, 24.3998153], [118.33568, 24.399909], [118.3359667, 24.4000257], [118.336014, 24.4001129], [118.336143, 24.4001986], [118.3362305, 24.4004318], [118.3360439, 24.4006394], [118.3360276, 24.4008404], [118.3362144, 24.4009765], [118.3364288, 24.4014145], [118.336684, 24.4020675], [118.336662, 24.4022896], [118.3367712, 24.4023616], [118.3369869, 24.4026683], [118.3371343, 24.4027832], [118.3371846, 24.4032014], [118.3372653, 24.4032398], [118.3373281, 24.4031827], [118.3374063, 24.4031853], [118.3374317, 24.4033263], [118.3375124, 24.4033553], [118.3375854, 24.4039289], [118.3376767, 24.404053], [118.3377059, 24.4043663], [118.3377909, 24.4044302], [118.3378373, 24.4047227], [118.3380269, 24.4048933], [118.3383279, 24.4049384], [118.3384532, 24.4050915], [118.3364538, 24.406755], [118.3353852, 24.4073679], [118.3351467, 24.4075789], [118.3326212, 24.4088479], [118.3312731, 24.409476], [118.3311362, 24.4089461], [118.331037, 24.4088086], [118.3308405, 24.4082909], [118.330492, 24.4080103], [118.329966, 24.407122], [118.3296756, 24.406419], [118.32907, 24.4060955], [118.3278947, 24.4052102], [118.3274894, 24.4049721], [118.3264093, 24.4046049], [118.3262392, 24.4044323], [118.326152, 24.4041904], [118.3260434, 24.4040668], [118.3256487, 24.4039325], [118.324829, 24.4037771], [118.3241329, 24.4033447], [118.323979, 24.4032987], [118.3233925, 24.4033792], [118.3227389, 24.4033565], [118.3224285, 24.4032918], [118.3218878, 24.4030532], [118.3217424, 24.4031], [118.321414, 24.4034358], [118.3212912, 24.4034599], [118.3210122, 24.4033091], [118.3206831, 24.4033113], [118.3202247, 24.4030751], [118.3201, 24.4028995], [118.3200428, 24.402488], [118.3199442, 24.4023976], [118.3198052, 24.4023857], [118.3192692, 24.4025104], [118.3191324, 24.4024539], [118.31911, 24.4018491], [118.3190204, 24.4016005], [118.3176009, 24.3999128], [118.3178566, 24.3986343], [118.3179067, 24.3979311], [118.3181369, 24.3973742], [118.3183163, 24.3971143], [118.3196157, 24.3959209], [118.3199568, 24.3955674], [118.320011, 24.3954462], [118.3200081, 24.3953153], [118.3199329, 24.3951507], [118.319605, 24.3947666], [118.3194724, 24.3945194], [118.3187562, 24.3942293], [118.3184787, 24.3946223], [118.318335, 24.3949201], [118.318136, 24.3951146], [118.3159388, 24.3966977], [118.3155761, 24.3968673], [118.3155055, 24.3968456], [118.3152625, 24.3962973], [118.3145772, 24.395754], [118.3143029, 24.3957147], [118.3138346, 24.3958613], [118.3131162, 24.3958188], [118.3094614, 24.3978489], [118.3093123, 24.398023], [118.3091361, 24.3989591], [118.3091354, 24.3998731], [118.3089689, 24.3999458], [118.3080166, 24.3994213], [118.3070802, 24.3987769], [118.3064811, 24.3986793], [118.3063116, 24.3990706], [118.3061353, 24.3990792], [118.3056339, 24.3985643], [118.3054861, 24.3983715], [118.3054302, 24.3981268], [118.305015, 24.3976745], [118.3046981, 24.3980064], [118.3046889, 24.3981438], [118.3040305, 24.3985794], [118.3039472, 24.3985347], [118.3038111, 24.3986296], [118.3036907, 24.3985263], [118.3035213, 24.398738], [118.3035645, 24.3987669], [118.3035437, 24.3987954], [118.3034314, 24.3987267], [118.3031443, 24.399106], [118.303022, 24.3989906], [118.3027673, 24.3992316], [118.3028532, 24.3993421], [118.3010893, 24.4004786], [118.3014239, 24.4011175], [118.3014444, 24.4012582], [118.3013689, 24.4013511], [118.3009808, 24.4014627], [118.3013381, 24.4021558], [118.3016035, 24.4025146], [118.3017728, 24.4030142], [118.3019071, 24.4038475], [118.3020297, 24.4051486], [118.3019755, 24.4055278], [118.3021982, 24.4061092], [118.3022019, 24.4062253], [118.3020445, 24.4070592], [118.3015828, 24.4078593], [118.3014707, 24.4081766], [118.301475, 24.4088533], [118.3013779, 24.4095993], [118.3012886, 24.4097377], [118.3008244, 24.4101037], [118.3003535, 24.4104129], [118.2994985, 24.4108279], [118.2986673, 24.4114821], [118.2979877, 24.4118927], [118.2969485, 24.4119477], [118.2965352, 24.4121143], [118.2952887, 24.4123405], [118.294721, 24.4121249], [118.2940952, 24.4120996], [118.2938244, 24.4121474], [118.2934195, 24.4116488], [118.2930835, 24.4113747], [118.2920921, 24.4109775], [118.2912869, 24.410073], [118.2912534, 24.4099372], [118.291391, 24.4097662], [118.2915417, 24.40969], [118.2920192, 24.409596], [118.2925633, 24.4092252], [118.2918046, 24.4073561], [118.2917975, 24.4068793], [118.2917609, 24.4068149], [118.2936437, 24.4056798], [118.2943456, 24.4053231], [118.2941578, 24.4050078], [118.2938639, 24.4047263], [118.2933548, 24.404402], [118.2931233, 24.4041735], [118.2924534, 24.4040545], [118.2922181, 24.4039263], [118.2921839, 24.4037911], [118.2918289, 24.4035127], [118.2917092, 24.4034192], [118.291372, 24.4032085], [118.2913071, 24.4031605], [118.2909024, 24.4029097], [118.2908394, 24.4027338], [118.2908484, 24.4027101], [118.290874, 24.4026931], [118.2909358, 24.4026895], [118.2909441, 24.4026663], [118.2909494, 24.4026338], [118.2908883, 24.4026002], [118.2908433, 24.4025661], [118.2907324, 24.4024204], [118.2907049, 24.4023502], [118.2906517, 24.4022124]]], [[[118.3298163, 24.4565465], [118.3307242, 24.4555878], [118.3310927, 24.4552649], [118.3318771, 24.4546399], [118.3321358, 24.4549017], [118.3321976, 24.4549052], [118.3322315, 24.4549503], [118.3322337, 24.4550165], [118.3326296, 24.4554347], [118.3328121, 24.4555569], [118.3330226, 24.4556573], [118.3329952, 24.4560371], [118.3328439, 24.4568971], [118.3322317, 24.457161], [118.3318747, 24.4578221], [118.3308989, 24.4579223], [118.3298163, 24.4565465]]], [[[118.3421419, 24.4393113], [118.3431871, 24.4382879], [118.3437179, 24.4378002], [118.3438315, 24.4376914], [118.34394, 24.4375783], [118.3440418, 24.4374628], [118.3442332, 24.4372156], [118.3443196, 24.4370876], [118.3443587, 24.4370224], [118.3444001, 24.4369564], [118.3444746, 24.4368222], [118.3445429, 24.4366853], [118.3446048, 24.436546], [118.3446604, 24.4364043], [118.3447094, 24.4362607], [118.3447518, 24.4361153], [118.3452002, 24.4344394], [118.3455362, 24.4331919], [118.3456948, 24.432801], [118.3457031, 24.4327848], [118.3457141, 24.4327699], [118.3457276, 24.4327569], [118.3457431, 24.432746], [118.3457604, 24.4327376], [118.3457676, 24.4327343], [118.3457789, 24.4327318], [118.3457982, 24.4327287], [118.3458178, 24.4327286], [118.3458372, 24.4327313], [118.3458558, 24.4327369], [118.3458713, 24.432745], [118.3461792, 24.4329198], [118.3472565, 24.4336618], [118.348625, 24.4346028], [118.3503099, 24.435537], [118.3504591, 24.4356161], [118.3506117, 24.4356897], [118.3507675, 24.4357575], [118.3509261, 24.4358195], [118.3510873, 24.4358755], [118.3512509, 24.4359256], [118.352162, 24.4361847], [118.3523043, 24.4362219], [118.3524485, 24.4362528], [118.3525941, 24.4362774], [118.3527408, 24.4362956], [118.3528882, 24.4363074], [118.3530362, 24.4363127], [118.3531842, 24.4363116], [118.353332, 24.436304], [118.353938, 24.4362596], [118.3553956, 24.4361218], [118.356167, 24.4360923], [118.3567542, 24.4360264], [118.3581823, 24.4359525], [118.3585059, 24.4359572], [118.3589585, 24.4359846], [118.3590749, 24.4359916], [118.3591781, 24.4360011], [118.3592805, 24.436016], [118.3593818, 24.4360362], [118.35943, 24.4360483], [118.3594817, 24.4360617], [118.3595798, 24.4360923], [118.3596759, 24.4361281], [118.3597696, 24.4361688], [118.3606822, 24.4365985], [118.3612919, 24.4368835], [118.3619056, 24.4371352], [118.3630454, 24.4376093], [118.3639297, 24.4379807], [118.3637843, 24.4381341], [118.3635951, 24.4385377], [118.3633907, 24.439114], [118.3629418, 24.4396381], [118.3627991, 24.4397098], [118.3626595, 24.4400891], [118.3625117, 24.4403995], [118.3623908, 24.4406522], [118.3617172, 24.441366], [118.3617039, 24.4413853], [118.3616925, 24.4414067], [118.3616853, 24.4414296], [118.3616825, 24.4414532], [118.3616808, 24.4414652], [118.3616841, 24.441477], [118.3616902, 24.4415001], [118.3617005, 24.441522], [118.3617147, 24.4415419], [118.3617306, 24.4415593], [118.3618743, 24.4416776], [118.3619163, 24.4416959], [118.3623525, 24.4418949], [118.3629246, 24.4423838], [118.3635182, 24.4428148], [118.3637702, 24.4429899], [118.3640108, 24.4431229], [118.3640576, 24.443152], [118.364098, 24.4431862], [118.3641331, 24.4432249], [118.3641624, 24.4432676], [118.3641728, 24.4432901], [118.3641854, 24.4433133], [118.3642016, 24.4433614], [118.3642109, 24.4434111], [118.364213, 24.4434614], [118.3642059, 24.4435115], [118.3640324, 24.4445018], [118.3644123, 24.4448657], [118.3647876, 24.4453516], [118.3650165, 24.4455493], [118.3656197, 24.4459183], [118.3657154, 24.4460239], [118.3657057, 24.4461483], [118.3670388, 24.4462344], [118.36876, 24.4463473], [118.3707881, 24.4464807], [118.3735769, 24.4466604], [118.3767089, 24.4468609], [118.3780158, 24.4469454], [118.3792255, 24.4470266], [118.3822625, 24.447222], [118.3851288, 24.447404], [118.3862517, 24.4462735], [118.3869624, 24.4455063], [118.387039, 24.4454188], [118.3871099, 24.4453274], [118.387175, 24.4452325], [118.3872342, 24.4451344], [118.3873336, 24.4449296], [118.3874712, 24.4445964], [118.3875396, 24.4444407], [118.3876152, 24.4442879], [118.3876537, 24.4442126], [118.3878836, 24.443849], [118.3880084, 24.4436723], [118.3880425, 24.4436306], [118.3880827, 24.4435935], [118.388128, 24.4435618], [118.3881776, 24.4435361], [118.3882306, 24.4435169], [118.388286, 24.4435045], [118.3883427, 24.4434992], [118.3883997, 24.4435011], [118.3906811, 24.4437191], [118.3917936, 24.4438252], [118.3918553, 24.4438342], [118.3919156, 24.443849], [118.3919739, 24.4438696], [118.3920294, 24.4438957], [118.3920816, 24.4439271], [118.3921299, 24.4439634], [118.3921737, 24.4440041], [118.3922125, 24.4440488], [118.3928701, 24.4448939], [118.3932489, 24.4454786], [118.3941653, 24.4469151], [118.3942118, 24.4469819], [118.3942638, 24.4470452], [118.3943211, 24.4471047], [118.3943832, 24.4471599], [118.3944498, 24.4472106], [118.3945204, 24.4472563], [118.3945948, 24.447297], [118.3946723, 24.4473322], [118.3951995, 24.4475488], [118.3959715, 24.4478453], [118.3960754, 24.447889], [118.3961761, 24.4479387], [118.3962729, 24.4479944], [118.3963656, 24.4480558], [118.3964536, 24.4481226], [118.3965368, 24.4481945], [118.3966146, 24.4482712], [118.3966868, 24.4483524], [118.396813, 24.4485269], [118.3971877, 24.4491269], [118.3979321, 24.4500133], [118.3983482, 24.4506979], [118.3986452, 24.4509605], [118.3990817, 24.4513466], [118.4004549, 24.4504058], [118.4013297, 24.449765], [118.40251, 24.4489429], [118.4034149, 24.4483409], [118.404475, 24.4476108], [118.405221, 24.4470235], [118.4070454, 24.4455707], [118.4070565, 24.4455632], [118.4070687, 24.4455574], [118.4070817, 24.4455535], [118.4070952, 24.4455514], [118.4071089, 24.4455514], [118.4071225, 24.4455533], [118.4071356, 24.4455571], [118.4071478, 24.4455627], [118.407157, 24.44557], [118.4073239, 24.4456992], [118.4082472, 24.4478663], [118.4097913, 24.447132], [118.410792, 24.4470138], [118.4108159, 24.4470855], [118.4108286, 24.4471087], [118.4108436, 24.4471299], [118.4108622, 24.4471485], [118.410884, 24.447164], [118.4109084, 24.4471758], [118.4109345, 24.4471837], [118.4113398, 24.4472719], [118.4114484, 24.4473294], [118.4117328, 24.4475163], [118.4117752, 24.4475478], [118.4118133, 24.4475835], [118.4118467, 24.447623], [118.4118595, 24.447644], [118.4118748, 24.4476658], [118.4118973, 24.4477113], [118.4119138, 24.4477589], [118.4119243, 24.4478079], [118.4126944, 24.4480047], [118.4148909, 24.4481394], [118.4158925, 24.4469007], [118.4171308, 24.4462566], [118.4174918, 24.4467628], [118.4180384, 24.4471258], [118.4187128, 24.44758], [118.418988, 24.4477485], [118.4190604, 24.4477901], [118.419172, 24.4478446], [118.419213, 24.4478606], [118.4192925, 24.4478894], [118.4193737, 24.4479137], [118.4204298, 24.448197], [118.4212638, 24.448422], [118.4217626, 24.4486441], [118.4218012, 24.4486532], [118.4218409, 24.4486562], [118.4218882, 24.4486512], [118.4220174, 24.4485831], [118.422071, 24.4484864], [118.4220665, 24.448378], [118.4219742, 24.4482622], [118.4219126, 24.4481328], [118.4219485, 24.4478144], [118.4219844, 24.4475394], [118.4220433, 24.4472514], [118.4221241, 24.4468748], [118.4221827, 24.4467051], [118.4222365, 24.4465819], [118.4222923, 24.4464891], [118.422381, 24.4463436], [118.4225214, 24.4461189], [118.4225888, 24.4460392], [118.4226506, 24.4459766], [118.4227464, 24.4459147], [118.4228223, 24.4458869], [118.4228991, 24.4458765], [118.4230098, 24.445876], [118.4231918, 24.4458832], [118.4232535, 24.4458784], [118.4233254, 24.4458623], [118.4233981, 24.445816], [118.423443, 24.4457607], [118.4245776, 24.442653], [118.429744, 24.4418633], [118.4304063, 24.4404852], [118.42781, 24.4368358], [118.427744, 24.4367821], [118.4275623, 24.4366345], [118.4276082, 24.436578], [118.4275969, 24.4365411], [118.4275729, 24.4364624], [118.4274877, 24.43646], [118.4273171, 24.4361056], [118.4272704, 24.4360084], [118.4273365, 24.4359735], [118.4248931, 24.4326331], [118.4234231, 24.4306235], [118.4230639, 24.4301648], [118.4226159, 24.4295444], [118.4223633, 24.4292078], [118.4220238, 24.4287745], [118.4215046, 24.4280587], [118.4210845, 24.427512], [118.4209014, 24.4272843], [118.4207061, 24.4270352], [118.4163139, 24.4281586], [118.4161984, 24.4277143], [118.4161208, 24.4273933], [118.416136, 24.4273922], [118.4161775, 24.4273894], [118.4162227, 24.4273863], [118.4162678, 24.4273833], [118.4163094, 24.4273804], [118.4163435, 24.4273781], [118.4163667, 24.4273766], [118.4163753, 24.427376], [118.41638, 24.4273756], [118.416393, 24.4273747], [118.4164127, 24.4273732], [118.4164372, 24.4273713], [118.4164649, 24.427369], [118.4164942, 24.4273665], [118.4165232, 24.4273637], [118.4165502, 24.4273608], [118.4165737, 24.4273579], [118.4165918, 24.427355], [118.4166072, 24.4273521], [118.4166231, 24.4273491], [118.4166393, 24.4273461], [118.4166552, 24.4273431], [118.4166704, 24.4273403], [118.4166844, 24.4273375], [118.4166968, 24.427335], [118.4167071, 24.4273327], [118.4167149, 24.4273307], [118.4167197, 24.4273291], [118.4167255, 24.4273269], [118.4167361, 24.4273236], [118.4167507, 24.4273193], [118.4167685, 24.4273145], [118.4167885, 24.4273096], [118.4168101, 24.4273047], [118.4168323, 24.4273004], [118.4168543, 24.4272969], [118.4168753, 24.4272945], [118.4168945, 24.4272937], [118.4169212, 24.4272919], [118.4169626, 24.4272872], [118.4170146, 24.4272801], [118.4170729, 24.4272715], [118.4171336, 24.4272621], [118.4171925, 24.4272527], [118.4172455, 24.4272441], [118.4172884, 24.4272369], [118.4173172, 24.4272321], [118.4173277, 24.4272303], [118.4173409, 24.4272276], [118.4173766, 24.4272203], [118.4174292, 24.4272094], [118.4174931, 24.4271963], [118.4175626, 24.4271819], [118.4176321, 24.4271676], [118.417696, 24.4271544], [118.4177486, 24.4271436], [118.4177844, 24.4271362], [118.4177975, 24.4271335], [118.4178074, 24.4271316], [118.4178341, 24.4271264], [118.4178736, 24.4271187], [118.4179215, 24.4271095], [118.4179737, 24.4270994], [118.4180258, 24.4270893], [118.4180737, 24.42708], [118.4181132, 24.4270723], [118.41814, 24.4270671], [118.4181498, 24.4270652], [118.4181738, 24.4270592], [118.4182389, 24.4270428], [118.4183348, 24.4270187], [118.4184512, 24.4269894], [118.4185779, 24.4269576], [118.4187047, 24.4269257], [118.4188211, 24.4268964], [118.418917, 24.4268723], [118.4189821, 24.4268559], [118.419006, 24.4268499], [118.4190662, 24.4268328], [118.4192295, 24.4267864], [118.4194701, 24.426718], [118.4197624, 24.4266349], [118.4200804, 24.4265445], [118.4202664, 24.4264916], [118.4203983, 24.4264541], [118.4206906, 24.426371], [118.4209312, 24.4263026], [118.4210945, 24.4262562], [118.4211547, 24.4262391], [118.4212408, 24.4262115], [118.4214746, 24.4261365], [118.421819, 24.4260261], [118.4222374, 24.425892], [118.4226926, 24.4257461], [118.4231478, 24.4256002], [118.4235661, 24.4254661], [118.4239106, 24.4253556], [118.4241444, 24.4252807], [118.4242305, 24.4252531], [118.4242407, 24.4252493], [118.4242683, 24.425239], [118.4243089, 24.4252238], [118.4243583, 24.4252054], [118.424412, 24.4251854], [118.4244657, 24.4251654], [118.4245151, 24.425147], [118.4245558, 24.4251318], [118.4245834, 24.4251215], [118.4245935, 24.4251177], [118.4246104, 24.425112], [118.424656, 24.4250963], [118.4247233, 24.4250732], [118.4248049, 24.4250451], [118.4248938, 24.4250146], [118.4249827, 24.4249841], [118.4250644, 24.424956], [118.4251317, 24.4249329], [118.4251773, 24.4249172], [118.4251941, 24.4249115], [118.4252031, 24.4249069], [118.4252276, 24.4248944], [118.4252635, 24.424876], [118.4253073, 24.4248537], [118.4253548, 24.4248294], [118.4254024, 24.4248051], [118.4254461, 24.4247828], [118.4254821, 24.4247645], [118.4255065, 24.424752], [118.4255155, 24.4247474], [118.4255263, 24.4247393], [118.4255555, 24.4247172], [118.4255986, 24.4246847], [118.4256508, 24.4246452], [118.4257078, 24.4246022], [118.4257647, 24.4245592], [118.4258169, 24.4245197], [118.42586, 24.4244872], [118.4258892, 24.4244651], [118.4259, 24.424457], [118.425906, 24.4244529], [118.4259223, 24.4244418], [118.4259463, 24.4244256], [118.4259755, 24.4244058], [118.4260072, 24.4243843], [118.4260389, 24.4243628], [118.4260681, 24.4243431], [118.4260921, 24.4243268], [118.4261084, 24.4243157], [118.4261144, 24.4243117], [118.4261204, 24.4243114], [118.4261332, 24.4243109], [118.426341, 24.4247365], [118.4266213, 24.4251637], [118.4270799, 24.4256816], [118.4281586, 24.4260222], [118.4285122, 24.4263046], [118.4289834, 24.4264697], [118.4293992, 24.4270404], [118.4301684, 24.4278795], [118.4306289, 24.4285133], [118.4309046, 24.4295444], [118.4311168, 24.4299913], [118.4307808, 24.4306635], [118.4306945, 24.4310306], [118.4308052, 24.4313248], [118.4305978, 24.4331372], [118.4305354, 24.4342555], [118.4305917, 24.4351563], [118.4317783, 24.4348002], [118.4317991, 24.4347957], [118.4318205, 24.4347943], [118.4318417, 24.4347962], [118.4318624, 24.4348012], [118.4318799, 24.4348093], [118.4318996, 24.4348203], [118.4319151, 24.4348337], [118.4319281, 24.4348493], [118.431938, 24.4348666], [118.4319447, 24.4348852], [118.4323452, 24.4364142], [118.4328322, 24.4382222], [118.4328461, 24.4382552], [118.4328639, 24.438286], [118.4328868, 24.4383137], [118.4329124, 24.4383377], [118.4351918, 24.4400247], [118.4374584, 24.441696], [118.4393897, 24.4431126], [118.4404715, 24.4439108], [118.4404874, 24.4439248], [118.4405007, 24.4439409], [118.440511, 24.4439587], [118.4405181, 24.4439778], [118.4405217, 24.4439977], [118.4405202, 24.4440078], [118.4405217, 24.4440179], [118.4405183, 24.4440378], [118.4405114, 24.444057], [118.4405012, 24.4440749], [118.440488, 24.4440911], [118.4404722, 24.4441051], [118.4390431, 24.4451828], [118.4382126, 24.4458086], [118.4374406, 24.4463903], [118.4362307, 24.4473001], [118.4343233, 24.448731], [118.433737, 24.4488288], [118.4327257, 24.4472596], [118.4327443, 24.4472235], [118.4327492, 24.4471595], [118.4327496, 24.4470882], [118.432737, 24.4469845], [118.4327089, 24.4469209], [118.4329618, 24.44596], [118.4318075, 24.4456726], [118.4308188, 24.4464323], [118.4313982, 24.4473618], [118.4322964, 24.448764], [118.4325207, 24.4491226], [118.4325392, 24.4491591], [118.4325508, 24.4491979], [118.4325551, 24.4492379], [118.432552, 24.449278], [118.4325416, 24.4493171], [118.4325242, 24.449354], [118.4325003, 24.4493877], [118.4324705, 24.4494173], [118.4311849, 24.4504954], [118.4311446, 24.4505251], [118.4311006, 24.4505499], [118.4310536, 24.4505694], [118.4310042, 24.4505833], [118.4309533, 24.4505914], [118.4309256, 24.4505932], [118.4309017, 24.4505936], [118.4308502, 24.4505898], [118.4307996, 24.4505801], [118.4307508, 24.4505646], [118.4307045, 24.4505436], [118.4306614, 24.4505174], [118.4301063, 24.4501314], [118.429788, 24.449595], [118.4290481, 24.448752], [118.4287858, 24.4490365], [118.428565, 24.4492128], [118.4283426, 24.4493079], [118.4281796, 24.4494798], [118.4280121, 24.4493722], [118.4270532, 24.449374], [118.4249349, 24.4492124], [118.424029, 24.4495903], [118.4233658, 24.4499434], [118.4243848, 24.4508544], [118.4254314, 24.4518007], [118.4263154, 24.4528224], [118.4275165, 24.4542142], [118.4286407, 24.4555152], [118.4298139, 24.4568745], [118.4307954, 24.4580119], [118.431874, 24.4592578], [118.433045, 24.4606164], [118.4341135, 24.4618531], [118.4356885, 24.4636826], [118.4364797, 24.4646016], [118.4364966, 24.4646226], [118.436508, 24.4646453], [118.4365136, 24.4646694], [118.4365191, 24.4646942], [118.4365186, 24.4647193], [118.436512, 24.4647439], [118.4365073, 24.4648045], [118.4365155, 24.4648345], [118.4365148, 24.4648959], [118.4365061, 24.4649256], [118.4364919, 24.4649536], [118.4364728, 24.464979], [118.4361851, 24.4652986], [118.4354527, 24.4661252], [118.4353688, 24.4662247], [118.4352905, 24.466328], [118.4352516, 24.4663809], [118.435218, 24.4664348], [118.4351517, 24.4665448], [118.4350915, 24.4666578], [118.4347061, 24.4674303], [118.4340675, 24.4687096], [118.4335137, 24.4698263], [118.4329592, 24.4709345], [118.4317678, 24.4733249], [118.4309109, 24.4750394], [118.4300063, 24.4768654], [118.4299728, 24.4769252], [118.4299329, 24.4769815], [118.4298869, 24.4770339], [118.4298353, 24.4770817], [118.4298055, 24.477104], [118.4297788, 24.4771245], [118.4297177, 24.4771619], [118.4296529, 24.4771934], [118.4295849, 24.4772187], [118.4295144, 24.4772375], [118.4286723, 24.4774232], [118.4286184, 24.4773888], [118.4290127, 24.4761206], [118.429236, 24.4754286], [118.4294713, 24.4746624], [118.4297294, 24.4738217], [118.4297069, 24.4737128], [118.4290995, 24.4740184], [118.4287123, 24.4742615], [118.4278558, 24.4747994], [118.4269499, 24.4751167], [118.4265631, 24.4751811], [118.4259012, 24.4751701], [118.4251857, 24.4750661], [118.4236263, 24.4747187], [118.4233397, 24.4746922], [118.4227922, 24.4745549], [118.422024, 24.4741741], [118.4206043, 24.4739858], [118.4202914, 24.4739479], [118.4202176, 24.4739355], [118.4201084, 24.4739046], [118.4200758, 24.4738911], [118.4200092, 24.4738595], [118.4199463, 24.4738221], [118.4190358, 24.4732199], [118.4183617, 24.4727595], [118.4178131, 24.4723922], [118.4173646, 24.4720267], [118.4165238, 24.4713065], [118.4164867, 24.4712777], [118.4164466, 24.4712525], [118.4164039, 24.4712313], [118.416359, 24.4712142], [118.4141407, 24.4704848], [118.4140726, 24.4704598], [118.4140066, 24.4704302], [118.4139432, 24.4703964], [118.4138826, 24.4703584], [118.4131072, 24.4698324], [118.4122814, 24.4692763], [118.4119316, 24.4690384], [118.4117466, 24.4688097], [118.4115246, 24.4676937], [118.411255, 24.4663241], [118.4112419, 24.4662776], [118.4112219, 24.4662333], [118.4111936, 24.4661922], [118.4111626, 24.4661544], [118.4111244, 24.4661215], [118.4110816, 24.4660938], [118.4099506, 24.4654696], [118.408437, 24.4646397], [118.4083681, 24.4646325], [118.4083049, 24.4646062], [118.4082538, 24.4645633], [118.4082196, 24.4645081], [118.4080033, 24.4642167], [118.4071706, 24.4638637], [118.4064496, 24.463589], [118.406391, 24.4636013], [118.4058206, 24.4641948], [118.4057346, 24.464205], [118.4050655, 24.4638777], [118.4049666, 24.4638416], [118.4048614, 24.4638267], [118.4042771, 24.4638056], [118.4026369, 24.4637331], [118.4016681, 24.4640329], [118.4015924, 24.4640482], [118.4015168, 24.4640484], [118.4002665, 24.4639261], [118.3996002, 24.4636902], [118.3991332, 24.4633944], [118.3989367, 24.4632336], [118.3983844, 24.4638493], [118.3981912, 24.4639463], [118.3969108, 24.4628741], [118.3954429, 24.461841], [118.3929368, 24.4601498], [118.3922521, 24.4598068], [118.3917688, 24.4595671], [118.3913137, 24.4594568], [118.3906247, 24.4598288], [118.3900723, 24.4600903], [118.3899626, 24.4601412], [118.389604, 24.460271], [118.3895607, 24.4602847], [118.3895141, 24.4602935], [118.3894647, 24.4602973], [118.389419, 24.4602962], [118.3893719, 24.46029], [118.3893258, 24.4602789], [118.3880626, 24.4599014], [118.3867593, 24.4593126], [118.3867188, 24.459297], [118.3866743, 24.4592874], [118.3866287, 24.4592841], [118.3866039, 24.4592849], [118.3865831, 24.4592872], [118.3865385, 24.4592966], [118.386496, 24.459312], [118.3864565, 24.4593332], [118.385464, 24.4599628], [118.3837158, 24.4610607], [118.383712, 24.4610637], [118.3837058, 24.4610658], [118.3836994, 24.461067], [118.3836928, 24.4610672], [118.3836876, 24.461067], [118.3836863, 24.4610665], [118.3836799, 24.4610648], [118.383674, 24.4610623], [118.3836619, 24.4610547], [118.3834163, 24.4608024], [118.383122, 24.4604856], [118.3830643, 24.4604263], [118.382998, 24.4603713], [118.382931, 24.4603212], [118.3828561, 24.4602761], [118.3818019, 24.4596771], [118.380694, 24.4590476], [118.3794435, 24.4586396], [118.3775751, 24.458028], [118.3759421, 24.4574926], [118.3742673, 24.4569468], [118.3737838, 24.4567871], [118.372673, 24.4564201], [118.3714724, 24.4560304], [118.3711813, 24.4559522], [118.3708869, 24.4558882], [118.3705256, 24.455803], [118.3705663, 24.4556602], [118.3712667, 24.4551692], [118.371248, 24.4551319], [118.3705178, 24.4540997], [118.3703637, 24.4539523], [118.3702753, 24.4538175], [118.3694417, 24.4531764], [118.3681821, 24.4521805], [118.3671335, 24.4512096], [118.3660006, 24.45018], [118.3645893, 24.4490967], [118.3633348, 24.4481438], [118.3622428, 24.4473194], [118.361022, 24.4463983], [118.3599347, 24.445637], [118.3597013, 24.4456216], [118.3588318, 24.4455642], [118.3575476, 24.4453984], [118.3562671, 24.4451629], [118.3553934, 24.4449366], [118.3550863, 24.4448571], [118.3521498, 24.4440992], [118.3499008, 24.4435194], [118.3489785, 24.4432816], [118.3489474, 24.4432003], [118.3488425, 24.4429837], [118.3486352, 24.4428998], [118.3484929, 24.4430724], [118.3485097, 24.4426853], [118.3485897, 24.4426684], [118.3487843, 24.4425425], [118.3484933, 24.4422728], [118.3484319, 24.442338], [118.3481019, 24.4422872], [118.3477899, 24.4422173], [118.3475594, 24.4420608], [118.3472546, 24.4418987], [118.3471018, 24.4418595], [118.3471586, 24.4416192], [118.3469904, 24.4415368], [118.3470769, 24.4413856], [118.3468728, 24.4413032], [118.3465222, 24.4411885], [118.3464196, 24.4410736], [118.3452447, 24.4406589], [118.3438984, 24.4401948], [118.3433254, 24.4399638], [118.3421419, 24.4393113]]], [[[118.4071021, 24.5273799], [118.4072757, 24.5271237], [118.4075358, 24.527113], [118.4077513, 24.5269038], [118.4080658, 24.5263805], [118.4079804, 24.5263584], [118.4084247, 24.5261593], [118.408995, 24.525641], [118.4090823, 24.5256364], [118.4092581, 24.5257984], [118.4092898, 24.5259428], [118.4093668, 24.525943], [118.4096112, 24.5258143], [118.4098304, 24.5255226], [118.4100133, 24.5251516], [118.4100856, 24.5244926], [118.4098825, 24.5240054], [118.409657, 24.5238597], [118.4095463, 24.523591], [118.4095328, 24.5235775], [118.4094895, 24.5235384], [118.4094534, 24.5235028], [118.4094415, 24.5234939], [118.4094295, 24.5234875], [118.4094178, 24.5234856], [118.4094066, 24.5234878], [118.4093926, 24.5234974], [118.4093854, 24.5235064], [118.4093837, 24.5235118], [118.4093873, 24.5235174], [118.4093988, 24.5235229], [118.4094241, 24.5235265], [118.4094666, 24.5235257], [118.4094156, 24.5235517], [118.409376, 24.5235605], [118.4092607, 24.5235477], [118.4091683, 24.5235261], [118.4090984, 24.523538], [118.409021, 24.5235659], [118.4089865, 24.5235022], [118.4086732, 24.5235396], [118.4087419, 24.5237436], [118.4085693, 24.5237373], [118.4084079, 24.5237236], [118.4083899, 24.5236519], [118.4083, 24.5235443], [118.4083067, 24.5235238], [118.4083741, 24.5234814], [118.4082768, 24.5234621], [118.4083953, 24.5234114], [118.408288, 24.5233763], [118.4082355, 24.5233473], [118.4081991, 24.5232686], [118.4081875, 24.5231896], [118.4082002, 24.5231627], [118.408235, 24.5231549], [118.4082971, 24.523165], [118.40838, 24.5231947], [118.4084451, 24.5232789], [118.408514, 24.5233239], [118.4085484, 24.5234118], [118.4086365, 24.5233871], [118.4086948, 24.5233421], [118.4087709, 24.523457], [118.4089309, 24.5234574], [118.4089381, 24.5233884], [118.4090015, 24.5234332], [118.4090591, 24.5234042], [118.4091439, 24.5234577], [118.4092407, 24.5234896], [118.4092648, 24.5234901], [118.4092783, 24.5234742], [118.4092897, 24.523448], [118.4093051, 24.5233814], [118.4093221, 24.523108], [118.4093502, 24.5230445], [118.4094197, 24.5230828], [118.40926, 24.5229678], [118.4091171, 24.5225409], [118.4093743, 24.5225932], [118.4095047, 24.5227136], [118.4096506, 24.5227586], [118.4097422, 24.5228806], [118.4098776, 24.5228471], [118.4100481, 24.5227221], [118.4100932, 24.5225538], [118.4100291, 24.522097], [118.4099182, 24.5218793], [118.4098634, 24.5217717], [118.4098816, 24.5217517], [118.4099962, 24.5216255], [118.4099269, 24.521346], [118.4099978, 24.5212178], [118.4098049, 24.5207587], [118.4100227, 24.5208444], [118.4101867, 24.5209826], [118.4100681, 24.5210333], [118.4101159, 24.521301], [118.4102549, 24.5213268], [118.4102755, 24.5213905], [118.4101223, 24.5214284], [118.4102323, 24.5217599], [118.4102523, 24.5217081], [118.4102584, 24.5217509], [118.4104443, 24.5216115], [118.4107053, 24.5215639], [118.4111936, 24.5215634], [118.4107309, 24.5222898], [118.4112517, 24.5223017], [118.4116358, 24.522601], [118.4126543, 24.5222883], [118.4127842, 24.5220601], [118.4130732, 24.5216835], [118.413875, 24.5206385], [118.4139137, 24.5205841], [118.4139633, 24.5204972], [118.4139775, 24.5204684], [118.4140024, 24.5204077], [118.4140225, 24.5203455], [118.4141571, 24.5198647], [118.4141828, 24.5197613], [118.4142022, 24.5196568], [118.4142154, 24.5195515], [118.4142223, 24.5194457], [118.4142474, 24.5187258], [118.4142369, 24.5178507], [118.4142392, 24.5177787], [118.4142479, 24.5177071], [118.4142546, 24.5176707], [118.414284, 24.5175671], [118.4143113, 24.5174995], [118.414325, 24.5174752], [118.4143429, 24.5174534], [118.4143646, 24.5174345], [118.4143893, 24.5174192], [118.4144165, 24.5174078], [118.4144454, 24.5174007], [118.4144752, 24.5173981], [118.414505, 24.5174], [118.4145341, 24.5174064], [118.4145616, 24.5174171], [118.4148002, 24.5175323], [118.4149207, 24.5175942], [118.4150374, 24.5176618], [118.41515, 24.5177349], [118.4152583, 24.5178134], [118.415682, 24.5181374], [118.4157379, 24.5181832], [118.4157903, 24.5182325], [118.4158388, 24.5182849], [118.4158832, 24.5183402], [118.4160215, 24.5185256], [118.416071, 24.5185868], [118.4161254, 24.5186445], [118.4161843, 24.5186982], [118.4162475, 24.5187478], [118.4169952, 24.5192909], [118.4171706, 24.5194151], [118.4173494, 24.5195353], [118.4175314, 24.5196513], [118.4177165, 24.5197632], [118.4180753, 24.519977], [118.4181679, 24.5200287], [118.4182637, 24.5200753], [118.4183623, 24.5201168], [118.4184125, 24.5201346], [118.4185665, 24.5201836], [118.4186715, 24.5202087], [118.4187778, 24.5202281], [118.4188423, 24.520241], [118.418905, 24.5202595], [118.4189656, 24.5202834], [118.4190234, 24.5203125], [118.4190779, 24.5203464], [118.4191286, 24.520385], [118.4194256, 24.5206341], [118.4199727, 24.5212212], [118.4200122, 24.5212688], [118.4200457, 24.5213201], [118.4200601, 24.521346], [118.4200728, 24.5213745], [118.420093, 24.5214313], [118.4201062, 24.5214898], [118.4201909, 24.5220434], [118.4209169, 24.5226284], [118.4214504, 24.522387], [118.421972, 24.521955], [118.4225596, 24.521404], [118.4231597, 24.5209713], [118.4227293, 24.5206728], [118.422721, 24.5206659], [118.4227141, 24.5206578], [118.4227088, 24.5206487], [118.4227054, 24.5206389], [118.4227038, 24.5206287], [118.4227043, 24.5206184], [118.4227052, 24.5206124], [118.4227066, 24.5206084], [118.4227109, 24.5205988], [118.4227168, 24.5205901], [118.4227244, 24.5205825], [118.4227332, 24.5205762], [118.4227432, 24.5205714], [118.4227539, 24.5205673], [118.4229762, 24.5205206], [118.423463, 24.520561], [118.4235066, 24.520563], [118.4235501, 24.5205589], [118.4235926, 24.5205487], [118.4236334, 24.5205354], [118.4236719, 24.5205166], [118.4237074, 24.5204924], [118.4246891, 24.5197574], [118.4248903, 24.519637], [118.4244106, 24.5189414], [118.4243067, 24.5184332], [118.4242493, 24.5177491], [118.4242471, 24.5177221], [118.4251398, 24.5170307], [118.4268183, 24.5148277], [118.4276165, 24.5137796], [118.4284079, 24.5127343], [118.4295476, 24.5111596], [118.4288632, 24.5103951], [118.4287491, 24.5092136], [118.4287417, 24.5091374], [118.4281676, 24.508632], [118.4280649, 24.508537], [118.4279675, 24.5084374], [118.4278756, 24.5083336], [118.4277895, 24.5082257], [118.4277093, 24.508114], [118.4276353, 24.5079988], [118.4275676, 24.5078804], [118.4275064, 24.5077591], [118.4271008, 24.5068992], [118.4267994, 24.5062851], [118.4267021, 24.5062176], [118.4266092, 24.5061451], [118.4265207, 24.5060681], [118.4264372, 24.5059867], [118.4263587, 24.5059011], [118.4262855, 24.5058117], [118.4262179, 24.5057186], [118.4261561, 24.5056223], [118.4254793, 24.5044969], [118.4255564, 24.5044494], [118.4257914, 24.5044351], [118.4269225, 24.5042659], [118.4273151, 24.504227], [118.427803, 24.5042364], [118.4284993, 24.5044223], [118.4292689, 24.5046616], [118.4297426, 24.5045916], [118.4303418, 24.5042611], [118.432147, 24.5015052], [118.432879, 24.5003303], [118.433021, 24.5001282], [118.4332096, 24.4999138], [118.4334523, 24.4997778], [118.4335915, 24.4997451], [118.4338341, 24.4997234], [118.4340442, 24.4996503], [118.4343682, 24.4996347], [118.4348717, 24.4994468], [118.4355244, 24.4994895], [118.4355676, 24.4994897], [118.4356104, 24.4994847], [118.4356522, 24.4994746], [118.4356921, 24.4994596], [118.4357295, 24.4994398], [118.4357638, 24.4994158], [118.4359708, 24.4992492], [118.4365043, 24.4991954], [118.4366903, 24.4991196], [118.4374885, 24.4990178], [118.4378012, 24.4988318], [118.4382645, 24.4987364], [118.4384842, 24.4987496], [118.4391326, 24.4989282], [118.4393858, 24.4989462], [118.4394342, 24.4989471], [118.4394823, 24.4989427], [118.4395296, 24.4989331], [118.4395752, 24.4989185], [118.4399328, 24.4987819], [118.4402408, 24.4985632], [118.4408105, 24.4983402], [118.4415787, 24.4979937], [118.4416238, 24.497971], [118.4416449, 24.4979563], [118.4416651, 24.4979422], [118.4417019, 24.4979078], [118.4423147, 24.4972764], [118.4423489, 24.4972452], [118.4423871, 24.4972173], [118.4424287, 24.4971959], [118.4424731, 24.4971785], [118.4427367, 24.4970924], [118.4427833, 24.4970795], [118.442831, 24.4970708], [118.4428795, 24.4970663], [118.4429281, 24.4970662], [118.4432225, 24.4970785], [118.4434174, 24.4970667], [118.4436685, 24.4970159], [118.4437453, 24.4969873], [118.4437787, 24.4969647], [118.4438075, 24.4969372], [118.4438309, 24.4969057], [118.4438482, 24.4968711], [118.443859, 24.4968343], [118.4438628, 24.4967964], [118.4438675, 24.4962828], [118.4438716, 24.4962299], [118.4438827, 24.4961778], [118.4439006, 24.4961274], [118.4439252, 24.4960793], [118.4439732, 24.4959987], [118.4434902, 24.4958362], [118.438132, 24.4958705], [118.4377906, 24.4957804], [118.4375839, 24.4955559], [118.4374561, 24.4951449], [118.4374681, 24.494697], [118.4376954, 24.4942893], [118.4380293, 24.493866], [118.4382516, 24.4934907], [118.4383285, 24.4930658], [118.4383839, 24.492719], [118.4386017, 24.4919969], [118.4388839, 24.4913723], [118.4393034, 24.4908752], [118.4398137, 24.4904829], [118.4401505, 24.4901538], [118.4406178, 24.489697], [118.4406458, 24.489665], [118.4406678, 24.4896293], [118.4406764, 24.4896094], [118.4406833, 24.4895909], [118.4406931, 24.4895705], [118.440692, 24.4895507], [118.4406936, 24.4895088], [118.4406796, 24.4892129], [118.4407532, 24.4889327], [118.4406573, 24.4884262], [118.4406976, 24.4883947], [118.4407522, 24.4884522], [118.440812, 24.4885053], [118.4408764, 24.4885535], [118.4409451, 24.4885966], [118.4409808, 24.4886151], [118.4410175, 24.4886342], [118.4410931, 24.488666], [118.4411714, 24.4886919], [118.4412518, 24.4887116], [118.4413337, 24.488725], [118.441787, 24.488781], [118.4418469, 24.4887919], [118.4419049, 24.4888095], [118.4419328, 24.4888199], [118.44196, 24.4888336], [118.4420114, 24.4888637], [118.4420584, 24.4888984], [118.442272, 24.489083], [118.4423941, 24.4891833], [118.4425212, 24.4892784], [118.4425865, 24.489323], [118.4426529, 24.4893681], [118.4427889, 24.4894521], [118.4429291, 24.4895302], [118.4429905, 24.4895665], [118.4430476, 24.4896081], [118.4431001, 24.4896546], [118.4431244, 24.4896787], [118.4431473, 24.4897057], [118.4431889, 24.4897607], [118.4432243, 24.4898191], [118.4432533, 24.4898805], [118.4434577, 24.4903781], [118.4434771, 24.4904189], [118.4435009, 24.4904577], [118.443529, 24.490494], [118.443561, 24.4905275], [118.4444073, 24.491327], [118.4445881, 24.4914627], [118.4446603, 24.4915169], [118.4450275, 24.4920006], [118.4452306, 24.4923712], [118.445516, 24.4927667], [118.4456809, 24.4929512], [118.4457612, 24.4929891], [118.4458061, 24.4930069], [118.4458532, 24.4930191], [118.4459017, 24.4930252], [118.4459104, 24.4930253], [118.4459261, 24.4930252], [118.4462781, 24.4929033], [118.4466219, 24.492698], [118.4473689, 24.4924891], [118.4487861, 24.492816], [118.4491281, 24.4925545], [118.4495309, 24.4926396], [118.4499203, 24.4925608], [118.4504762, 24.4926586], [118.4508572, 24.4930804], [118.4510437, 24.4931873], [118.4511422, 24.4934187], [118.4514435, 24.493805], [118.4514918, 24.4941866], [118.4516895, 24.494452], [118.4520289, 24.4947202], [118.4520621, 24.4948481], [118.4523358, 24.4953153], [118.4520897, 24.4953961], [118.4519086, 24.4953641], [118.4516472, 24.4954989], [118.4514874, 24.4954982], [118.4512804, 24.4956335], [118.4511516, 24.4954836], [118.4508105, 24.4953747], [118.4507047, 24.4953776], [118.4505121, 24.4954675], [118.450053, 24.4957943], [118.4493687, 24.4964488], [118.4490016, 24.4969353], [118.44855, 24.49767], [118.4482884, 24.4987874], [118.4482077, 24.4989719], [118.4481824, 24.4992331], [118.4476192, 24.5009932], [118.447569, 24.5014071], [118.4476413, 24.5034777], [118.4477266, 24.5039142], [118.4477084, 24.5041372], [118.4478819, 24.5042427], [118.4480268, 24.5044785], [118.4480788, 24.5044819], [118.4480728, 24.5044462], [118.4478996, 24.5041695], [118.4479589, 24.5041345], [118.4481988, 24.5042052], [118.4484204, 24.5044542], [118.4483145, 24.5045251], [118.4482007, 24.5045339], [118.4481623, 24.5046485], [118.4481444, 24.5048965], [118.4482821, 24.5051578], [118.4482956, 24.505282], [118.4481561, 24.5053645], [118.4481578, 24.5055166], [118.4482461, 24.5056326], [118.4483532, 24.5056867], [118.4484693, 24.5060056], [118.4486958, 24.5061025], [118.4486001, 24.5062012], [118.4487189, 24.5063131], [118.4488205, 24.5062376], [118.4489181, 24.5062996], [118.4491397, 24.5065995], [118.4491221, 24.5067214], [118.4491984, 24.5067048], [118.4492605, 24.5068498], [118.4492488, 24.5071794], [118.4490961, 24.5075565], [118.4489774, 24.507617], [118.4489389, 24.5077186], [118.4489966, 24.5078086], [118.4490716, 24.5078312], [118.4492258, 24.5076859], [118.4493849, 24.5077163], [118.449472, 24.5078538], [118.4494859, 24.5079779], [118.449324, 24.5080157], [118.448963, 24.508249], [118.4488378, 24.5082535], [118.4488121, 24.5081292], [118.4487704, 24.5081196], [118.4485872, 24.5082816], [118.448279, 24.5083238], [118.4481256, 24.5081535], [118.4480288, 24.5082659], [118.4480021, 24.5084235], [118.4478035, 24.5084899], [118.44748, 24.5084844], [118.4466596, 24.5080286], [118.4465581, 24.5076814], [118.4463873, 24.5076803], [118.4461915, 24.5077958], [118.4462983, 24.5081206], [118.4462734, 24.5081485], [118.4460711, 24.5081889], [118.4458271, 24.5080457], [118.4455912, 24.5083222], [118.4457055, 24.5084706], [118.4454041, 24.5086434], [118.4451789, 24.5085809], [118.4451298, 24.508399], [118.4450417, 24.5083825], [118.4451046, 24.5086746], [118.4449637, 24.5086695], [118.4449246, 24.5087606], [118.4446947, 24.5088297], [118.4444189, 24.5088588], [118.4444042, 24.5089453], [118.4445233, 24.5091988], [118.4441813, 24.5093513], [118.4439339, 24.5092952], [118.4438555, 24.5091303], [118.4435733, 24.5089591], [118.44359, 24.5087237], [118.4432466, 24.5087149], [118.443101, 24.5085313], [118.4430173, 24.5085837], [118.4430634, 24.5088083], [118.442943, 24.5089036], [118.4427712, 24.5087837], [118.4427308, 24.5087048], [118.4429079, 24.5085308], [118.4427774, 24.5085401], [118.4425317, 24.5086494], [118.4423414, 24.5085077], [118.4424348, 24.5083143], [118.4424079, 24.508243], [118.4422557, 24.5083788], [118.4419694, 24.5082849], [118.4419781, 24.5081776], [118.4420598, 24.5080487], [118.4418072, 24.5078336], [118.4415328, 24.5078013], [118.441249, 24.5078449], [118.4413078, 24.5079632], [118.4412387, 24.5080764], [118.4411853, 24.5079644], [118.4411361, 24.5079581], [118.440101, 24.5082756], [118.4401421, 24.5084525], [118.4400558, 24.5084915], [118.4399809, 24.5084583], [118.4400735, 24.5086531], [118.4399204, 24.5087264], [118.4398083, 24.5086358], [118.4397293, 24.5084369], [118.4396149, 24.5084799], [118.4397337, 24.5087956], [118.4394986, 24.5088619], [118.4395344, 24.5090579], [118.4394141, 24.5091292], [118.4391433, 24.5089566], [118.4391374, 24.509162], [118.4389649, 24.5092189], [118.438807, 24.5090548], [118.4388945, 24.5088789], [118.4387903, 24.5088043], [118.4386452, 24.5088466], [118.4385281, 24.5088117], [118.4381777, 24.5089924], [118.4381597, 24.5091498], [118.4379627, 24.5092595], [118.4377698, 24.5092016], [118.4377144, 24.5090249], [118.4374063, 24.5091187], [118.436919, 24.5090667], [118.4366123, 24.5089026], [118.4366012, 24.5087461], [118.4365126, 24.5087169], [118.4362495, 24.5088301], [118.4361424, 24.5089397], [118.4360414, 24.5089451], [118.4361052, 24.5091259], [118.4360424, 24.5091879], [118.4358282, 24.5091421], [118.43575, 24.5091836], [118.4357498, 24.5092758], [118.4359004, 24.5094695], [118.4358111, 24.5096371], [118.4355031, 24.5096453], [118.4354012, 24.5095161], [118.4351285, 24.509364], [118.4350297, 24.5094045], [118.4350078, 24.5095055], [118.4348561, 24.5095959], [118.434674, 24.5094426], [118.4346836, 24.509648], [118.4345948, 24.5096765], [118.4343343, 24.5095803], [118.4341473, 24.5093266], [118.4340425, 24.5094314], [118.4343754, 24.5097428], [118.4341094, 24.5096801], [118.4340576, 24.509594], [118.4338852, 24.5096413], [118.4338488, 24.5095887], [118.4339014, 24.5094932], [118.4338391, 24.5094166], [118.4334634, 24.5093918], [118.4334741, 24.5093345], [118.4336255, 24.5093014], [118.4335481, 24.5090815], [118.4333761, 24.5089998], [118.4332144, 24.5089899], [118.4327002, 24.5092355], [118.4320992, 24.5099124], [118.431305, 24.5110348], [118.4312451, 24.5111343], [118.4303385, 24.512641], [118.42969, 24.5138657], [118.429062, 24.5152146], [118.4285138, 24.5166211], [118.4280581, 24.5183591], [118.4280863, 24.519165], [118.4282074, 24.5195269], [118.4283767, 24.519716], [118.4286304, 24.5195663], [118.4287766, 24.5196794], [118.4288006, 24.5197974], [118.4288631, 24.5198518], [118.4289664, 24.5197491], [118.4291558, 24.5197492], [118.4294953, 24.5201463], [118.4294391, 24.5202704], [118.4293422, 24.5201396], [118.4291437, 24.5201742], [118.4290842, 24.5202632], [118.429219, 24.5204929], [118.4293717, 24.5205824], [118.429321, 24.5206578], [118.4294097, 24.5206717], [118.4293745, 24.5207672], [118.4288215, 24.5206989], [118.4288011, 24.520597], [118.4287423, 24.520587], [118.4286816, 24.5205042], [118.4285486, 24.5201854], [118.4283958, 24.5201277], [118.4276824, 24.5201323], [118.4275423, 24.5202191], [118.4274709, 24.5208289], [118.4273945, 24.52081], [118.4271918, 24.5210165], [118.4273614, 24.5212623], [118.4273125, 24.5213003], [118.4271631, 24.5212458], [118.4271245, 24.5213158], [118.4272633, 24.521434], [118.4272941, 24.5215519], [118.4273913, 24.5216381], [118.4273804, 24.5217496], [118.4271615, 24.5216344], [118.4262601, 24.5225877], [118.4259554, 24.5230822], [118.4257904, 24.5234561], [118.4256817, 24.5240623], [118.4258219, 24.5246259], [118.4259894, 24.5247614], [118.4261238, 24.5247922], [118.4262913, 24.5246011], [118.4263855, 24.5247449], [118.4264686, 24.5247743], [118.4266414, 24.5247387], [118.4268705, 24.5248953], [118.4270257, 24.5251979], [118.4272828, 24.5254287], [118.4272275, 24.5256043], [118.4272582, 24.5257353], [118.4273014, 24.525785], [118.4274862, 24.5258076], [118.4275817, 24.5259734], [118.4275144, 24.5260908], [118.4276607, 24.5263076], [118.4276386, 24.5263424], [118.4274389, 24.5263898], [118.4273566, 24.526253], [118.4272642, 24.5262365], [118.4268306, 24.5262977], [118.4265082, 24.5263931], [118.4263115, 24.5263654], [118.4254843, 24.5256528], [118.4252419, 24.5256084], [118.4250987, 24.5254984], [118.425171, 24.5252414], [118.4250599, 24.5251711], [118.4248907, 24.5251994], [118.4244765, 24.5253177], [118.4237176, 24.5258318], [118.4229688, 24.5264462], [118.4228887, 24.5268999], [118.4227536, 24.5267324], [118.4226013, 24.5269852], [118.4226408, 24.527127], [118.4225116, 24.5272159], [118.4224259, 24.5271325], [118.4222977, 24.5271109], [118.4221225, 24.5269897], [118.4219033, 24.5269479], [118.4216874, 24.5269335], [118.4214651, 24.5269776], [118.4214156, 24.5271876], [118.4212967, 24.5272035], [118.4212124, 24.5271499], [118.4211321, 24.5270057], [118.4209506, 24.5270098], [118.4200371, 24.5273179], [118.4199532, 24.5274493], [118.4197581, 24.5275249], [118.4194377, 24.5277385], [118.4192304, 24.5277584], [118.4191707, 24.5278931], [118.4190324, 24.5279518], [118.4187297, 24.5279357], [118.4183338, 24.5276951], [118.418046, 24.5277466], [118.4178865, 24.5276888], [118.4174817, 24.5274686], [118.417314, 24.5272574], [118.4171199, 24.5271703], [118.4169152, 24.527144], [118.4165192, 24.5268742], [118.4162388, 24.5268561], [118.4155234, 24.5264909], [118.4152055, 24.526207], [118.4149497, 24.5258778], [118.4149341, 24.5257079], [118.4151372, 24.5256553], [118.4152192, 24.5255724], [118.4155623, 24.5256967], [118.4157741, 24.5255997], [118.4159247, 24.5256473], [118.4160993, 24.5255212], [118.4162826, 24.5254768], [118.4164328, 24.5253402], [118.4161091, 24.525368], [118.4159914, 24.5252966], [118.4160627, 24.5254032], [118.416002, 24.525487], [118.4159582, 24.5255143], [118.4157865, 24.5254783], [118.415701, 24.5254153], [118.415533, 24.5251044], [118.4152418, 24.5248503], [118.4146523, 24.5246057], [118.4141404, 24.5245659], [118.4130197, 24.5248584], [118.4120713, 24.5253326], [118.411623, 24.5256445], [118.4110774, 24.5261931], [118.4106825, 24.5268215], [118.410606, 24.5270292], [118.4105741, 24.5272183], [118.4106524, 24.5272988], [118.4106047, 24.5273604], [118.4106826, 24.5274562], [118.4107072, 24.5276546], [118.4107953, 24.527681], [118.4108118, 24.527797], [118.4107953, 24.5278891], [118.4107824, 24.5279026], [118.4107457, 24.5279097], [118.4106351, 24.5277928], [118.4104949, 24.5276944], [118.410378, 24.5277279], [118.4102425, 24.5278755], [118.4100963, 24.5278751], [118.4101375, 24.528009], [118.4100124, 24.52798], [118.4099807, 24.5280755], [118.4100847, 24.5281713], [118.4098236, 24.5281898], [118.4099147, 24.5283268], [118.4098436, 24.5284], [118.4100093, 24.5284115], [118.410073, 24.5284675], [118.4098432, 24.5284956], [118.4098428, 24.5286006], [118.409575, 24.5284551], [118.4095296, 24.5285998], [118.4097051, 24.5290876], [118.4094854, 24.5292113], [118.409429, 24.5291344], [118.4093367, 24.5291494], [118.4093283, 24.5293351], [118.4091608, 24.5293556], [118.4090557, 24.5295264], [118.4087241, 24.5293558], [118.4086193, 24.5293019], [118.4081282, 24.5292038], [118.4079969, 24.5287762], [118.4080178, 24.5286832], [118.40813, 24.5285727], [118.4080758, 24.5283981], [118.4079544, 24.528309], [118.4076799, 24.5284384], [118.4075934, 24.5283975], [118.4074436, 24.5281357], [118.4074605, 24.5280493], [118.4075762, 24.5279127], [118.4072593, 24.5277059], [118.4071021, 24.5273799]]]]}}, {"type": "Feature", "properties": {"name": "東沙環礁國家公園", "source": "OpenStreetMap", "osm_type": "relation", "osm_id": 7030137}, "geometry": {"type": "Polygon", "coordinates": [[[116.4759297, 20.7038812], [116.478977, 20.6810263], [116.483548, 20.6596951], [116.4850717, 20.6368402], [116.4896427, 20.6216037], [116.4957373, 20.6078907], [116.5018319, 20.5926542], [116.5140212, 20.5758939], [116.5277341, 20.5606574], [116.536876, 20.5408498], [116.5521126, 20.508853], [116.5627782, 20.4905691], [116.5795384, 20.4722852], [116.594775, 20.455525], [116.6267718, 20.4341938], [116.6511503, 20.4220046], [116.6800998, 20.4098153], [116.6938127, 20.4052443], [116.7075256, 20.4006734], [116.7303805, 20.3945787], [116.754759, 20.3884841], [116.7730429, 20.3869604], [116.8019924, 20.3869604], [116.8339892, 20.3884841], [116.8629387, 20.3945787], [116.8796989, 20.4006734], [116.9040774, 20.4006734], [116.9208377, 20.4098153], [116.9345506, 20.4098153], [116.9482635, 20.4159099], [116.9695947, 20.4250519], [116.9848313, 20.4341938], [116.9985442, 20.4448594], [117.0107334, 20.4540014], [117.0290173, 20.464667], [117.0412066, 20.4768562], [117.0549195, 20.4920928], [117.0732034, 20.5103767], [117.0853927, 20.5271369], [117.0975819, 20.5469445], [117.1082475, 20.5606574], [117.1173895, 20.5819886], [117.1250077, 20.6002725], [117.1311024, 20.62008], [117.1356733, 20.6444585], [117.1402443, 20.668837], [117.141768, 20.6916919], [117.137197, 20.7145468], [117.1311024, 20.7328306], [117.1295787, 20.7556855], [117.1219604, 20.7831113], [117.1143421, 20.8090135], [117.1082475, 20.8212028], [117.1052002, 20.837963], [117.0899636, 20.8608179], [117.0762507, 20.8821491], [117.0625378, 20.895862], [117.0488249, 20.9126222], [117.0274937, 20.9293824], [117.0061625, 20.944619], [116.9863549, 20.9598556], [116.9589291, 20.9659502], [116.9299796, 20.9750922], [116.8995065, 20.9796631], [116.8720806, 20.9811868], [116.8477021, 20.9811868], [116.8217999, 20.9796631], [116.8065634, 20.9796631], [116.7837085, 20.9766158], [116.763901, 20.9735685], [116.7334278, 20.9705212], [116.7136203, 20.9644266], [116.6892418, 20.9583319], [116.6679106, 20.953761], [116.648103, 20.9430954], [116.6267718, 20.9278588], [116.6008696, 20.9126222], [116.5734438, 20.8943383], [116.5658255, 20.8882437], [116.5597309, 20.8821491], [116.5444943, 20.8714835], [116.5383997, 20.8592942], [116.5262104, 20.8486286], [116.5155448, 20.8364393], [116.5124975, 20.8196791], [116.4957373, 20.7983479], [116.4896427, 20.7815877], [116.4850717, 20.7633038], [116.4793853, 20.7451079], [116.4774534, 20.7389253], [116.4759297, 20.7206414], [116.4759297, 20.7038812]]]}}, {"type": "Feature", "properties": {"name": "台江國家公園", "source": "OpenStreetMap", "osm_type": "relation", "osm_id": 4074850}, "geometry": {"type": "MultiPolygon", "coordinates": [[[[119.6718546, 23.2013889], [120.0339717, 23.0063529], [120.0392104, 22.9984785], [120.0410448, 22.9945236], [120.0552155, 22.9948647], [120.1128612, 22.9636664], [120.1381462, 22.9981086], [120.1380699, 22.9980909], [120.1379273, 22.9980711], [120.1380801, 22.9981164], [120.1381563, 22.9981341], [120.1492429, 23.0016984], [120.1494576, 23.0017674], [120.1512486, 23.0023736], [120.1512266, 23.0024736], [120.1514113, 23.0026344], [120.1524104, 23.0029857], [120.1532927, 23.0034225], [120.1533547, 23.0034856], [120.1533593, 23.003452], [120.1534825, 23.0034471], [120.1534935, 23.0032908], [120.1540643, 23.0034367], [120.1540974, 23.0034906], [120.1541844, 23.0036697], [120.1543511, 23.0038907], [120.1546983, 23.0041011], [120.1550871, 23.0043276], [120.1551182, 23.004513], [120.1552996, 23.0050171], [120.1554063, 23.0052755], [120.1554987, 23.0053856], [120.1559608, 23.0056089], [120.156143, 23.0056969], [120.1572336, 23.0060379], [120.157262, 23.0060364], [120.1572867, 23.0055862], [120.1574571, 23.0056232], [120.1576648, 23.0056877], [120.1583355, 23.0058096], [120.1583756, 23.0058332], [120.1586175, 23.0057402], [120.1589169, 23.0056611], [120.1592869, 23.0056317], [120.1595017, 23.0056456], [120.1596993, 23.0056583], [120.1600186, 23.0056541], [120.1602678, 23.0055389], [120.1603848, 23.0054849], [120.1611221, 23.0050831], [120.1613416, 23.0049499], [120.1614481, 23.0048754], [120.1616316, 23.0051566], [120.161708, 23.0052737], [120.1620461, 23.0057923], [120.162669, 23.0067473], [120.162817, 23.0069744], [120.1630539, 23.0073378], [120.1630784, 23.0073752], [120.1630864, 23.0073875], [120.1631489, 23.0074832], [120.1632138, 23.0075827], [120.1632316, 23.0076103], [120.1632998, 23.0077148], [120.1633429, 23.0077807], [120.1636263, 23.0082453], [120.1642893, 23.009283], [120.1645602, 23.0097412], [120.1662354, 23.0124266], [120.1673306, 23.01423], [120.169052, 23.017174], [120.1704949, 23.0195569], [120.1701041, 23.0196971], [120.1701096, 23.0197021], [120.1700779, 23.0197055], [120.1700447, 23.0197169], [120.1700618, 23.0197345], [120.1702791, 23.0199322], [120.1713431, 23.0210353], [120.1716459, 23.0212971], [120.172146, 23.0217333], [120.1721976, 23.0217691], [120.1722681, 23.0218276], [120.1727568, 23.0221566], [120.1732484, 23.0224973], [120.173881, 23.0229357], [120.1739201, 23.0229629], [120.1738701, 23.0230169], [120.1732494, 23.0236863], [120.1732094, 23.0236601], [120.1720604, 23.0229071], [120.1720329, 23.0228856], [120.1709974, 23.0220748], [120.1704549, 23.0216018], [120.1702096, 23.0213878], [120.1694169, 23.0205688], [120.1689359, 23.0200717], [120.1681673, 23.0192775], [120.1668177, 23.0179476], [120.1667638, 23.0178945], [120.1666736, 23.0178336], [120.1664313, 23.0177406], [120.1661007, 23.0177234], [120.1660348, 23.01772], [120.1660167, 23.017719], [120.1659686, 23.0177165], [120.1656493, 23.0177419], [120.1651169, 23.0177991], [120.1646218, 23.0176892], [120.1645196, 23.0176665], [120.1644185, 23.0176382], [120.164273, 23.0177785], [120.1632526, 23.020082], [120.1631504, 23.0203224], [120.1626116, 23.0213822], [120.1624122, 23.0217736], [120.1622535, 23.0221321], [120.1619015, 23.02279], [120.1618409, 23.0228982], [120.1616517, 23.0232942], [120.1614757, 23.0232705], [120.1604367, 23.0231305], [120.1603602, 23.0231149], [120.1603255, 23.0231118], [120.160033, 23.0230841], [120.1597186, 23.0230132], [120.1594711, 23.022992], [120.1591721, 23.0229139], [120.1590082, 23.0228604], [120.1588028, 23.0227706], [120.1585936, 23.0226643], [120.1580267, 23.0223556], [120.1580638, 23.0222751], [120.1581213, 23.0221507], [120.1585832, 23.0206303], [120.1588772, 23.0200305], [120.1591261, 23.0194956], [120.1595083, 23.0187507], [120.160016, 23.0178403], [120.160114, 23.0177126], [120.1602222, 23.0176138], [120.1600707, 23.0175131], [120.1600124, 23.0174744], [120.159979, 23.0174677], [120.1596894, 23.0174366], [120.1574174, 23.0171659], [120.156902, 23.0171136], [120.1567038, 23.0170954], [120.1554446, 23.0169553], [120.1528829, 23.016666], [120.1527108, 23.016648], [120.1525372, 23.0166892], [120.1523854, 23.017012], [120.152242, 23.0173799], [120.1516746, 23.0187855], [120.1507338, 23.0211902], [120.1507081, 23.0214097], [120.150655, 23.0218624], [120.1505872, 23.0225977], [120.1506616, 23.023298], [120.1507024, 23.0237434], [120.1507143, 23.0237692], [120.1507558, 23.0237876], [120.1527076, 23.0239648], [120.1527408, 23.0241591], [120.1529868, 23.0254287], [120.1532032, 23.0264961], [120.1538589, 23.0297294], [120.1540091, 23.0304692], [120.1538544, 23.0305497], [120.1538651, 23.0305973], [120.1526631, 23.0312289], [120.1526057, 23.0312775], [120.1524914, 23.0314495], [120.1519843, 23.0321739], [120.1517123, 23.0329444], [120.1516481, 23.0331262], [120.1513619, 23.0353837], [120.1477894, 23.0329758], [120.1462145, 23.032113], [120.1459488, 23.0320028], [120.1455638, 23.0318591], [120.1451576, 23.0317269], [120.1447059, 23.0316022], [120.1444887, 23.0315502], [120.1380188, 23.0300435], [120.1378151, 23.0299961], [120.1377963, 23.0299918], [120.1375993, 23.0299458], [120.1370433, 23.0298163], [120.1348951, 23.0293161], [120.1345561, 23.0292372], [120.1344888, 23.0292164], [120.1343989, 23.0291854], [120.1343105, 23.0291509], [120.1342237, 23.0291131], [120.1341387, 23.0290719], [120.1340555, 23.0290276], [120.1339745, 23.0289801], [120.1338956, 23.0289296], [120.133819, 23.0288761], [120.1337449, 23.0288197], [120.1336734, 23.0287605], [120.1336046, 23.0286986], [120.1335386, 23.0286342], [120.1334755, 23.0285672], [120.1334155, 23.028498], [120.1333586, 23.0284265], [120.133305, 23.0283528], [120.1332547, 23.0282772], [120.1332078, 23.0281997], [120.1331644, 23.0281205], [120.1331246, 23.0280397], [120.1330917, 23.027965], [120.1322522, 23.0285715], [120.1309634, 23.029506], [120.1293609, 23.0306635], [120.1293597, 23.0306643], [120.1293343, 23.0306851], [120.1293116, 23.0307084], [120.1292918, 23.0307338], [120.1292838, 23.0307462], [120.1292788, 23.0307556], [120.1292731, 23.0307726], [120.1292711, 23.0307902], [120.1292729, 23.0308078], [120.1292783, 23.0308247], [120.1292829, 23.0308349], [120.1293033, 23.0308741], [120.1293045, 23.0308761], [120.129144, 23.030992], [120.1291299, 23.030978], [120.1291092, 23.0309602], [120.1291078, 23.0309591], [120.1290949, 23.0309515], [120.1290805, 23.0309467], [120.1290653, 23.0309451], [120.1290494, 23.0309467], [120.1290356, 23.0309499], [120.1289908, 23.0309627], [120.1289475, 23.030979], [120.1289059, 23.0309988], [120.1288663, 23.0310218], [120.1288413, 23.0310388], [120.1276413, 23.0319056], [120.1257569, 23.0331469], [120.1256462, 23.0331932], [120.125522, 23.033067], [120.1254893, 23.0330338], [120.1254678, 23.0330495], [120.1253564, 23.0331505], [120.1253073, 23.0331951], [120.1251901, 23.0333013], [120.1249706, 23.0335002], [120.1248753, 23.0335674], [120.1248127, 23.0336115], [120.124669, 23.0337128], [120.1244313, 23.0338153], [120.1242746, 23.0338983], [120.1243048, 23.0339461], [120.1242775, 23.0339558], [120.1242585, 23.0339267], [120.1242431, 23.0339353], [120.1239554, 23.0341318], [120.1237801, 23.0342691], [120.1233747, 23.0345526], [120.1231147, 23.0347009], [120.1231125, 23.0346594], [120.1229809, 23.034627], [120.1228865, 23.0346307], [120.122892, 23.0346516], [120.1229267, 23.0347849], [120.1229196, 23.0348151], [120.1230356, 23.0352035], [120.1230381, 23.0352136], [120.1232259, 23.0359595], [120.1232596, 23.0360398], [120.1233866, 23.0363415], [120.1234548, 23.0365133], [120.1234859, 23.0365915], [120.1235132, 23.0366603], [120.1235602, 23.036661], [120.1235729, 23.0366867], [120.124023, 23.0375994], [120.1242293, 23.0380154], [120.1245994, 23.038768], [120.1246714, 23.0389258], [120.1245803, 23.0389614], [120.1244021, 23.0390285], [120.1237244, 23.0392838], [120.1235869, 23.0393478], [120.1239722, 23.0401825], [120.1239584, 23.0403348], [120.1242575, 23.0409273], [120.1245615, 23.0415293], [120.1247611, 23.0419245], [120.1247282, 23.0419541], [120.1247077, 23.0420185], [120.1247113, 23.0420783], [120.1247282, 23.0421316], [120.1248724, 23.042458], [120.1249248, 23.0425682], [120.1250121, 23.0427518], [120.1252018, 23.043113], [120.1259388, 23.0428477], [120.1262022, 23.042761], [120.1262325, 23.042751], [120.1263673, 23.0427066], [120.1264082, 23.0427922], [120.126819, 23.0436527], [120.1266064, 23.043744], [120.1265391, 23.0436166], [120.1262973, 23.0437532], [120.1263581, 23.0438554], [120.1261368, 23.0439531], [120.1257045, 23.044141], [120.1261059, 23.0450031], [120.126152, 23.0450812], [120.1262149, 23.0452278], [120.126299, 23.0454238], [120.1263111, 23.0454521], [120.1264072, 23.0456762], [120.1264897, 23.0458685], [120.1265476, 23.0460035], [120.126542, 23.0460356], [120.126723, 23.0465772], [120.1267462, 23.0466467], [120.1270625, 23.0471882], [120.1272347, 23.0471084], [120.1273132, 23.047271], [120.1273814, 23.0472604], [120.1275527, 23.0471858], [120.1276721, 23.047147], [120.1278629, 23.0470522], [120.1281236, 23.0468913], [120.1281862, 23.0468316], [120.1283498, 23.0467288], [120.1283944, 23.0467206], [120.1286618, 23.0470661], [120.1287688, 23.047164], [120.1290307, 23.0474622], [120.12796, 23.0480206], [120.1278901, 23.0480758], [120.1283899, 23.0486494], [120.1284549, 23.0486379], [120.128905, 23.0484003], [120.1293549, 23.0481227], [120.1295805, 23.0480106], [120.1296153, 23.0479844], [120.1296923, 23.0481177], [120.1298238, 23.048269], [120.1299887, 23.0484322], [120.1300529, 23.0484616], [120.1300921, 23.0484941], [120.1302323, 23.0487282], [120.1302226, 23.0487441], [120.1296135, 23.0496106], [120.129509, 23.0497437], [120.1294784, 23.0498546], [120.1301398, 23.0503192], [120.1307059, 23.0507091], [120.1310652, 23.050953], [120.1312787, 23.0510889], [120.1313765, 23.0511512], [120.1314725, 23.0512155], [120.1318154, 23.0514237], [120.1323345, 23.0516082], [120.1325252, 23.051676], [120.1327302, 23.0517518], [120.1331925, 23.0519226], [120.1334733, 23.0520264], [120.1334741, 23.052025], [120.1334982, 23.0520363], [120.1335687, 23.0520693], [120.133614, 23.0520032], [120.1337162, 23.051837], [120.1337691, 23.0517543], [120.1337727, 23.0517559], [120.1339099, 23.0518194], [120.1340476, 23.0519135], [120.1341852, 23.0520372], [120.1343163, 23.0521551], [120.1343674, 23.0522115], [120.1344797, 23.0522771], [120.1347315, 23.0524242], [120.1349907, 23.0524652], [120.1350239, 23.0525245], [120.1350759, 23.0526176], [120.1352885, 23.0529982], [120.1362558, 23.0537776], [120.1354269, 23.0535423], [120.1354034, 23.0535356], [120.1353675, 23.0536146], [120.1353362, 23.0536836], [120.1352746, 23.0541548], [120.1352692, 23.0543319], [120.1352659, 23.0544355], [120.1346036, 23.0541781], [120.1345009, 23.0541381], [120.1344717, 23.0542137], [120.1341959, 23.0540913], [120.133997, 23.0538676], [120.1339429, 23.0538067], [120.133839, 23.0537653], [120.1335953, 23.053668], [120.1335564, 23.0536526], [120.1332455, 23.0535271], [120.1330565, 23.0534508], [120.1330431, 23.0534454], [120.1325305, 23.0532431], [120.132393, 23.0537709], [120.1327981, 23.0539957], [120.1327402, 23.0541331], [120.1327144, 23.0541943], [120.1327123, 23.0541991], [120.1327262, 23.0542065], [120.1327373, 23.0542145], [120.1327458, 23.0542248], [120.1327511, 23.0542369], [120.1327527, 23.0542466], [120.1327531, 23.0542511], [120.1327535, 23.0542586], [120.1327615, 23.0543906], [120.1327635, 23.0543966], [120.1327642, 23.0543977], [120.1328577, 23.0545194], [120.133218, 23.0548768], [120.1332925, 23.0549507], [120.1336348, 23.0552902], [120.1337142, 23.0554932], [120.1337401, 23.0555198], [120.1337451, 23.0555288], [120.1338289, 23.055634], [120.1338813, 23.0557002], [120.1339039, 23.0557288], [120.1347163, 23.056757], [120.1349322, 23.0570302], [120.1349815, 23.0570927], [120.1351125, 23.0572584], [120.1349899, 23.057348], [120.1348637, 23.0574402], [120.1348608, 23.057442], [120.1348184, 23.0574651], [120.1347741, 23.0574848], [120.1347281, 23.0575011], [120.1346809, 23.0575138], [120.1346327, 23.0575229], [120.1345839, 23.0575283], [120.1345347, 23.0575299], [120.1345194, 23.0575296], [120.1345725, 23.0576778], [120.1345808, 23.0577008], [120.134582, 23.0577042], [120.1345531, 23.0577265], [120.1344792, 23.0577867], [120.1344054, 23.0578516], [120.1343344, 23.0579191], [120.1342663, 23.0579891], [120.1342013, 23.0580616], [120.1341394, 23.0581364], [120.1340807, 23.0582133], [120.1340253, 23.0582924], [120.133998, 23.0583339], [120.1339021, 23.0583503], [120.1335756, 23.0581031], [120.1334584, 23.0579835], [120.1334268, 23.0579904], [120.132799, 23.057515], [120.1327952, 23.0573667], [120.1327903, 23.0571756], [120.1327871, 23.0570499], [120.1327854, 23.056984], [120.1327706, 23.0564076], [120.1327679, 23.0563016], [120.132115, 23.05689], [120.1319305, 23.0565206], [120.1314922, 23.055643], [120.1314607, 23.05558], [120.1312601, 23.0551784], [120.1308026, 23.0542625], [120.1307719, 23.0542011], [120.130715, 23.0540871], [120.1306494, 23.0539559], [120.130348, 23.0533525], [120.1303196, 23.0532954], [120.1293122, 23.0537066], [120.1288404, 23.0538992], [120.1288134, 23.053862], [120.1287392, 23.0538109], [120.1286657, 23.0537879], [120.128451, 23.0535571], [120.1279089, 23.0529364], [120.1278206, 23.0528208], [120.127768, 23.0527559], [120.1277586, 23.0527443], [120.1270275, 23.0519105], [120.1267469, 23.0516221], [120.126777, 23.0515945], [120.1269255, 23.0514615], [120.1269406, 23.0514479], [120.1270066, 23.0513887], [120.1273328, 23.0510959], [120.1273463, 23.0510838], [120.1273618, 23.0510699], [120.1267593, 23.0501096], [120.1267451, 23.050087], [120.1267102, 23.0500282], [120.1266904, 23.0499937], [120.1265472, 23.0497528], [120.1260995, 23.049033], [120.1259522, 23.0487884], [120.1255922, 23.0481489], [120.125437, 23.0478733], [120.1252239, 23.0474949], [120.1249459, 23.0470261], [120.124901, 23.0470129], [120.1246399, 23.0471286], [120.1246229, 23.0477539], [120.1246228, 23.047758], [120.1246179, 23.0479398], [120.124591, 23.048929], [120.1245203, 23.0488482], [120.1245137, 23.0489599], [120.1245068, 23.0490817], [120.1244348, 23.049021], [120.1244162, 23.0490053], [120.1241994, 23.0488223], [120.1241779, 23.0488051], [120.1240595, 23.0487351], [120.122511, 23.0478194], [120.1224691, 23.0477947], [120.1233982, 23.0471061], [120.1234147, 23.0470938], [120.1237299, 23.0468777], [120.1241169, 23.0466211], [120.1242523, 23.0465313], [120.1242785, 23.046514], [120.1242889, 23.0462097], [120.124291, 23.0461487], [120.1243346, 23.0452268], [120.1243383, 23.045149], [120.1243895, 23.0445939], [120.1242128, 23.044253], [120.1239048, 23.0436618], [120.1234099, 23.0429393], [120.123335, 23.0428301], [120.1223389, 23.041376], [120.1217195, 23.0405399], [120.1213842, 23.0400039], [120.1208992, 23.0392382], [120.120848, 23.0391672], [120.120725, 23.039039], [120.1202575, 23.0385275], [120.1199184, 23.0381487], [120.1198816, 23.0381149], [120.1198563, 23.0381046], [120.1198206, 23.0381101], [120.1197084, 23.0382243], [120.1190077, 23.0374472], [120.1187775, 23.0371918], [120.118525, 23.0369118], [120.1183066, 23.0366696], [120.1182453, 23.0366016], [120.1175247, 23.0359001], [120.1175482, 23.0358449], [120.117433, 23.0357611], [120.1163934, 23.0350164], [120.1158026, 23.0347548], [120.1156694, 23.0346572], [120.115639, 23.0346349], [120.1153699, 23.0350249], [120.1153041, 23.0350079], [120.115265, 23.0350968], [120.1153059, 23.0351206], [120.1152035, 23.0352684], [120.1153354, 23.0353453], [120.1153569, 23.0353578], [120.1149674, 23.035697], [120.1147642, 23.0359085], [120.1142064, 23.0365868], [120.1137956, 23.0371439], [120.1135996, 23.0373313], [120.1133267, 23.0376447], [120.113234, 23.0377512], [120.1131187, 23.0378859], [120.1125451, 23.0386726], [120.1124591, 23.0387953], [120.1121802, 23.039386], [120.1121776, 23.0395061], [120.1121788, 23.0395096], [120.1121881, 23.039536], [120.1121542, 23.0395573], [120.1121045, 23.039631], [120.1120253, 23.0398521], [120.111645, 23.0407151], [120.1114976, 23.0410248], [120.1114355, 23.0411437], [120.1113718, 23.0412353], [120.1112683, 23.0413477], [120.111221, 23.0414056], [120.1111335, 23.0415877], [120.110998, 23.0419396], [120.11042, 23.043235], [120.1104068, 23.0434415], [120.1105324, 23.0440503], [120.1105827, 23.0445661], [120.1106215, 23.0450977], [120.1106623, 23.0455587], [120.1107094, 23.0461387], [120.1107538, 23.0466374], [120.1107913, 23.0466878], [120.1108632, 23.0467489], [120.1107099, 23.0467482], [120.1104533, 23.046747], [120.1103343, 23.0467464], [120.1104003, 23.0466798], [120.110348, 23.04615], [120.1103145, 23.0458103], [120.1103133, 23.045798], [120.1103015, 23.0456569], [120.110287, 23.0454853], [120.1102529, 23.0450451], [120.1102382, 23.044748], [120.1102115, 23.0444081], [120.1101635, 23.0441467], [120.110081, 23.0435879], [120.1100171, 23.0431813], [120.110069, 23.0431648], [120.110125, 23.043147], [120.1100951, 23.0429967], [120.1100719, 23.0428802], [120.1100583, 23.0428117], [120.1102734, 23.0423035], [120.1102741, 23.0424072], [120.1103084, 23.0427143], [120.110752, 23.0416931], [120.1106356, 23.0416257], [120.1105788, 23.0415817], [120.1102428, 23.0413217], [120.1106191, 23.0412957], [120.1108177, 23.0409776], [120.1110053, 23.0406769], [120.1112818, 23.0402251], [120.1114692, 23.0398042], [120.1115746, 23.0394416], [120.1116697, 23.0390484], [120.1116461, 23.0390137], [120.1117411, 23.0389874], [120.1119591, 23.0387171], [120.1121243, 23.0384371], [120.1121622, 23.0383666], [120.1121897, 23.0383297], [120.1120915, 23.0382801], [120.1121008, 23.0382672], [120.1123491, 23.0379238], [120.1125317, 23.0376496], [120.1128817, 23.0371581], [120.1132422, 23.036702], [120.113759, 23.0361433], [120.1139097, 23.0359675], [120.1140687, 23.0357687], [120.1141637, 23.0356291], [120.1142026, 23.0355171], [120.1142381, 23.0353243], [120.1143038, 23.0352297], [120.1142821, 23.0352919], [120.1142931, 23.0353028], [120.1142953, 23.0352888], [120.1144254, 23.0352581], [120.1152004, 23.0343326], [120.1158418, 23.0332494], [120.1158485, 23.033238], [120.1156613, 23.033049], [120.1138794, 23.0312497], [120.1125594, 23.0305662], [120.1123672, 23.0304981], [120.1122561, 23.0304785], [120.1121229, 23.03051], [120.1111317, 23.0308729], [120.1115562, 23.0324107], [120.1113636, 23.0324355], [120.110955, 23.0309662], [120.1093252, 23.031136], [120.1090999, 23.0317301], [120.1089601, 23.0316774], [120.1082846, 23.0314253], [120.1082233, 23.032009], [120.1081303, 23.031997], [120.1080735, 23.0319817], [120.1077814, 23.0319031], [120.107312, 23.0318149], [120.1055307, 23.0316725], [120.1054015, 23.0316594], [120.1044682, 23.0315735], [120.1040721, 23.0315556], [120.1038271, 23.0316039], [120.1037472, 23.0316274], [120.1035564, 23.0316899], [120.103308, 23.0317853], [120.1028277, 23.031975], [120.1024846, 23.0321289], [120.1023783, 23.0321903], [120.1021936, 23.032356], [120.1020576, 23.0325799], [120.1019767, 23.0328499], [120.1019632, 23.0329113], [120.1019279, 23.0331066], [120.1019249, 23.0332905], [120.1018818, 23.0359513], [120.1018662, 23.0367946], [120.1018959, 23.0370603], [120.101108, 23.0371224], [120.1007531, 23.0383167], [120.10074, 23.038359], [120.1006722, 23.038608], [120.1005366, 23.0390966], [120.1004134, 23.0395464], [120.1005282, 23.0399923], [120.1005455, 23.0400672], [120.1004367, 23.0401455], [120.099959, 23.0404759], [120.0999272, 23.0403664], [120.0998123, 23.0399755], [120.0997985, 23.0399272], [120.0994859, 23.0388585], [120.0993209, 23.0382942], [120.099159, 23.0377394], [120.0990918, 23.0375147], [120.0990762, 23.0374602], [120.0988142, 23.0365669], [120.0991274, 23.0357615], [120.0982384, 23.0370039], [120.0982095, 23.037042], [120.0981184, 23.0371696], [120.0965797, 23.0393136], [120.0963225, 23.0396721], [120.0963138, 23.0396848], [120.0961378, 23.0399277], [120.0959632, 23.0406554], [120.0955812, 23.0422751], [120.0948409, 23.0421553], [120.0925212, 23.0415472], [120.0918161, 23.0413623], [120.0910561, 23.0433696], [120.0909856, 23.04341], [120.0906729, 23.0457272], [120.0906514, 23.0458096], [120.0905192, 23.0466503], [120.0902939, 23.0466492], [120.0877801, 23.0466369], [120.0875614, 23.0466358], [120.0861645, 23.0466289], [120.0854382, 23.0466011], [120.0847159, 23.0465256], [120.0842209, 23.0464456], [120.0837307, 23.0463433], [120.0837465, 23.0462914], [120.0824467, 23.045959], [120.0820182, 23.0457905], [120.0815984, 23.0456041], [120.0814593, 23.0455376], [120.0824709, 23.0439186], [120.082668, 23.0436687], [120.0812178, 23.0429617], [120.0811196, 23.0429518], [120.0799678, 23.0438477], [120.0799214, 23.0440005], [120.0798436, 23.0445293], [120.0796413, 23.0440165], [120.0814663, 23.0421798], [120.0826279, 23.0410256], [120.0826155, 23.0410047], [120.08234, 23.0405418], [120.0823316, 23.0405277], [120.0812812, 23.0409197], [120.0796351, 23.041534], [120.0794712, 23.0415951], [120.0776611, 23.0422706], [120.0758511, 23.042946], [120.0755446, 23.0431549], [120.0745333, 23.0438445], [120.0733548, 23.0446481], [120.0742084, 23.0462722], [120.0750103, 23.0477981], [120.0750823, 23.0479349], [120.0748709, 23.0481832], [120.0748658, 23.0482087], [120.0746314, 23.0493785], [120.0744327, 23.0506231], [120.0743789, 23.0518829], [120.0743715, 23.0520575], [120.0743644, 23.0522229], [120.0744334, 23.0523423], [120.0747396, 23.0527546], [120.0752696, 23.0534824], [120.0758087, 23.0542072], [120.0763955, 23.0549988], [120.0769448, 23.055739], [120.0775167, 23.0564877], [120.0786767, 23.0579694], [120.0798103, 23.0592281], [120.0798344, 23.0592548], [120.0809364, 23.060434], [120.0820848, 23.0616515], [120.0835594, 23.0630481], [120.0850864, 23.0643817], [120.0862376, 23.0653276], [120.0873693, 23.066174], [120.0885664, 23.0670362], [120.0904413, 23.0683054], [120.0923766, 23.0695033], [120.0927541, 23.0697194], [120.0927179, 23.0698299], [120.0883214, 23.0839277], [120.0882378, 23.0841658], [120.0871591, 23.0836344], [120.0851595, 23.0825525], [120.0830141, 23.0813138], [120.0809208, 23.0799849], [120.0795722, 23.0790965], [120.0782067, 23.0781288], [120.0768562, 23.0771307], [120.0751759, 23.0758158], [120.073524, 23.0744227], [120.0731082, 23.0740539], [120.0729873, 23.0743212], [120.0701253, 23.0806512], [120.0685272, 23.0841855], [120.0684143, 23.084126], [120.0681871, 23.0840336], [120.0677284, 23.0838869], [120.0668479, 23.0836074], [120.0661365, 23.0833804], [120.0655319, 23.0831883], [120.0651441, 23.0830649], [120.0644749, 23.0828518], [120.0637361, 23.0826165], [120.0630365, 23.0823958], [120.0621417, 23.0821086], [120.0614618, 23.0818919], [120.0604514, 23.081568], [120.0596077, 23.0812972], [120.0589328, 23.0810821], [120.0582809, 23.0808735], [120.0575401, 23.0806363], [120.0568091, 23.0804029], [120.0562908, 23.0802482], [120.055419, 23.0799751], [120.0548293, 23.0797701], [120.0546872, 23.0797467], [120.053851, 23.0794795], [120.0533016, 23.0793051], [120.0531188, 23.0792392], [120.0530486, 23.0792395], [120.0528823, 23.0792583], [120.05275, 23.0792362], [120.0524507, 23.0791861], [120.052391, 23.0791802], [120.0517069, 23.0791672], [120.051022, 23.0791564], [120.0503469, 23.0791484], [120.0496564, 23.0791346], [120.0489011, 23.0791211], [120.048224, 23.0791106], [120.0476138, 23.0790996], [120.0469272, 23.0790876], [120.0462438, 23.0790766], [120.0455543, 23.0790646], [120.0449187, 23.079053], [120.0444375, 23.079044], [120.0441386, 23.0790358], [120.0437674, 23.0790264], [120.043194, 23.0790153], [120.0426518, 23.0790084], [120.0422035, 23.0789974], [120.0421047, 23.0789924], [120.0419809, 23.0789907], [120.041593, 23.0789884], [120.0407617, 23.0789678], [120.0406215, 23.0789548], [120.0405908, 23.0789795], [120.0402969, 23.078958], [120.039694, 23.078942], [120.0390278, 23.0789336], [120.0386397, 23.0789307], [120.0382508, 23.0789247], [120.0379752, 23.0789413], [120.0377152, 23.0789737], [120.0375873, 23.0790194], [120.0375126, 23.079074], [120.037436, 23.0791685], [120.0373333, 23.0793588], [120.037195, 23.0796485], [120.0371658, 23.0797418], [120.0371577, 23.0798369], [120.037131, 23.080231], [120.0370959, 23.0807378], [120.0370849, 23.0810276], [120.0370697, 23.0813178], [120.0370147, 23.082007], [120.0369609, 23.0826964], [120.0368744, 23.0837651], [120.036784, 23.0849198], [120.036714, 23.0859047], [120.0366367, 23.086999], [120.0365488, 23.0882417], [120.0364495, 23.0896481], [120.0363688, 23.090773], [120.0362989, 23.0917383], [120.0362056, 23.0930033], [120.0361311, 23.093987], [120.0360957, 23.0944731], [120.036057, 23.095093], [120.0359928, 23.095983], [120.0359437, 23.096741], [120.035893, 23.097527], [120.0358376, 23.0981157], [120.035772, 23.0988136], [120.0357716, 23.0988637], [120.0357739, 23.0990733], [120.0357887, 23.0992256], [120.035791, 23.0994376], [120.035781, 23.0996172], [120.0357816, 23.0998156], [120.0357927, 23.0999905], [120.0358011, 23.1001157], [120.0357841, 23.1003177], [120.0357406, 23.1006961], [120.0357229, 23.1010115], [120.0357834, 23.101357], [120.0358307, 23.1020366], [120.0360809, 23.1023996], [120.0366186, 23.1027431], [120.0374178, 23.1032923], [120.0391475, 23.1044809], [120.0412167, 23.1059027], [120.04273, 23.1066505], [120.0434392, 23.1071342], [120.0444007, 23.1078028], [120.0456872, 23.1086852], [120.0465073, 23.1092426], [120.0474075, 23.1098684], [120.0475045, 23.1099362], [120.0481996, 23.1104219], [120.0489037, 23.1108987], [120.0494976, 23.1112979], [120.0500141, 23.1116497], [120.0505904, 23.11206], [120.050963, 23.1123124], [120.0510243, 23.1123413], [120.051074, 23.1123573], [120.0511045, 23.1123612], [120.0511619, 23.1123612], [120.0511029, 23.1126373], [120.0513736, 23.112552], [120.0514704, 23.1124685], [120.0515427, 23.1124554], [120.0516393, 23.1124944], [120.0516715, 23.1124935], [120.0517778, 23.1128047], [120.0517506, 23.1128216], [120.0517797, 23.1129169], [120.0518374, 23.1132204], [120.0521618, 23.1134382], [120.0522455, 23.1133352], [120.052269, 23.1133064], [120.0522861, 23.1132853], [120.0523188, 23.1132451], [120.0523248, 23.1132376], [120.0523368, 23.1132937], [120.0526094, 23.113477], [120.0529563, 23.1136992], [120.0532371, 23.1138569], [120.05354, 23.1140069], [120.0553278, 23.1148134], [120.0575718, 23.115842], [120.0598927, 23.1169007], [120.0619596, 23.1178482], [120.063434, 23.1185191], [120.0634562, 23.1185292], [120.063851, 23.1187088], [120.0656315, 23.1195216], [120.0672408, 23.1202619], [120.0687682, 23.1209554], [120.0704334, 23.1217165], [120.0715183, 23.1222125], [120.0727412, 23.1227705], [120.0731042, 23.1229369], [120.0734437, 23.12305], [120.0737836, 23.12312], [120.074042, 23.1231467], [120.0741313, 23.1231559], [120.0751721, 23.1232438], [120.0753481, 23.1232588], [120.0752919, 23.1230503], [120.0750242, 23.1220578], [120.0749239, 23.121686], [120.0775286, 23.1210852], [120.0776289, 23.1214571], [120.0777305, 23.1218339], [120.0777863, 23.1220404], [120.0778002, 23.122092], [120.0778595, 23.1223118], [120.077863, 23.122325], [120.0779235, 23.1225493], [120.0780975, 23.1231873], [120.0781668, 23.1232919], [120.0781524, 23.1232907], [120.0781266, 23.1234149], [120.0781236, 23.1234294], [120.0781221, 23.1234431], [120.0781202, 23.1234597], [120.0783857, 23.1234789], [120.0784475, 23.1234972], [120.0788151, 23.1235182], [120.079758, 23.1235947], [120.0797675, 23.1236353], [120.0802231, 23.1236748], [120.0816528, 23.1237952], [120.0830101, 23.1239054], [120.0833622, 23.1239239], [120.0836589, 23.1239073], [120.0841081, 23.1237742], [120.0843728, 23.1236391], [120.0846621, 23.12342], [120.0852106, 23.1229787], [120.0865, 23.1219429], [120.0872541, 23.1213367], [120.0875687, 23.1210181], [120.0876474, 23.1209302], [120.0877807, 23.1207238], [120.0879176, 23.1203871], [120.0879927, 23.1200555], [120.0879969, 23.1198416], [120.0879734, 23.1195018], [120.0879195, 23.1189123], [120.087914, 23.1186763], [120.087908, 23.1184944], [120.0878635, 23.1177814], [120.0878658, 23.117764], [120.0879314, 23.1176242], [120.0886294, 23.1174066], [120.088712, 23.1173809], [120.0922851, 23.1162712], [120.0924905, 23.1162064], [120.0931748, 23.1159959], [120.0941638, 23.1156874], [120.0950403, 23.1154179], [120.0958813, 23.1151608], [120.0968161, 23.1148617], [120.0973797, 23.1146837], [120.0976924, 23.1145911], [120.0979471, 23.1145228], [120.098171, 23.1144818], [120.0984226, 23.1144439], [120.0984432, 23.1144493], [120.0985789, 23.1144309], [120.0988795, 23.1143639], [120.0991758, 23.1142712], [120.099425, 23.1141894], [120.0995608, 23.1141392], [120.0995971, 23.1141205], [120.1000153, 23.1138527], [120.1000598, 23.1138317], [120.1001528, 23.1138045], [120.1004479, 23.1141759], [120.1004563, 23.1141979], [120.1005403, 23.1143018], [120.1006523, 23.1144589], [120.1002614, 23.1160239], [120.0999998, 23.1159034], [120.0999026, 23.1158981], [120.0996361, 23.1159723], [120.0996054, 23.1159674], [120.0995875, 23.1159441], [120.0994998, 23.1159032], [120.0993191, 23.1159358], [120.0992199, 23.1159416], [120.0989704, 23.1160096], [120.0985869, 23.1161465], [120.0982074, 23.1162894], [120.0977651, 23.1165583], [120.0969686, 23.1167321], [120.0964324, 23.1168315], [120.096318, 23.1168466], [120.0957556, 23.1169319], [120.0953391, 23.1169957], [120.0949458, 23.1170817], [120.0949031, 23.1170847], [120.094618, 23.1171335], [120.0942389, 23.1172007], [120.093934, 23.1172399], [120.0936992, 23.1172846], [120.0934749, 23.1173612], [120.0932942, 23.1174945], [120.0932617, 23.1175043], [120.0930106, 23.1176914], [120.0924796, 23.1180968], [120.0922574, 23.1182908], [120.0922656, 23.118474], [120.0922761, 23.1186472], [120.0922464, 23.1186508], [120.092211, 23.118655], [120.0921929, 23.1188086], [120.0921949, 23.1188346], [120.0922032, 23.1189128], [120.0920951, 23.1189362], [120.0920046, 23.1189784], [120.0919297, 23.1190545], [120.0917559, 23.1192482], [120.0915941, 23.1194438], [120.0914925, 23.119574], [120.0912985, 23.1197898], [120.0910861, 23.1200482], [120.090934, 23.1202371], [120.0908511, 23.1203424], [120.0908467, 23.1203961], [120.0908285, 23.1204127], [120.0907277, 23.1204974], [120.0906247, 23.1206006], [120.0905457, 23.1207077], [120.090481, 23.120776], [120.0903078, 23.1209973], [120.0901705, 23.121208], [120.0900387, 23.1214088], [120.090015, 23.1214747], [120.0898958, 23.1216541], [120.0897729, 23.1218598], [120.089346, 23.122589], [120.0892347, 23.1227505], [120.0891641, 23.1228241], [120.0890062, 23.1229939], [120.0887167, 23.1233294], [120.0880074, 23.1241373], [120.0878198, 23.1243493], [120.0872286, 23.1249482], [120.0866423, 23.1255401], [120.0865282, 23.1256351], [120.0863333, 23.1258513], [120.0860874, 23.1261398], [120.0859094, 23.1264052], [120.085828, 23.1265786], [120.0857305, 23.1268325], [120.0855423, 23.1273042], [120.0854076, 23.1276497], [120.0852921, 23.1279543], [120.0852568, 23.1280169], [120.085295, 23.1280461], [120.0851797, 23.1283466], [120.0851337, 23.1284444], [120.0850701, 23.1285976], [120.0850582, 23.1286211], [120.0848198, 23.1295231], [120.0847864, 23.1297591], [120.0847835, 23.129899], [120.0847843, 23.1303395], [120.0848133, 23.1306463], [120.0848715, 23.13093], [120.0849038, 23.1310288], [120.0849728, 23.1311583], [120.0850759, 23.131404], [120.08516, 23.1315928], [120.085242, 23.1318066], [120.0852958, 23.1318934], [120.0853698, 23.1321395], [120.085427, 23.1322929], [120.0855718, 23.1326847], [120.0856749, 23.1329478], [120.085921, 23.1335776], [120.0860392, 23.1338993], [120.0861789, 23.1342025], [120.0863695, 23.1347021], [120.0864956, 23.1350196], [120.0865473, 23.1351311], [120.0866223, 23.135223], [120.0867037, 23.135274], [120.0868547, 23.1353251], [120.0869484, 23.1353384], [120.0869482, 23.1353592], [120.0869449, 23.1358533], [120.0869413, 23.1358547], [120.0868403, 23.1358938], [120.0867409, 23.1359543], [120.0866617, 23.1360128], [120.0865018, 23.1361872], [120.0863762, 23.1363026], [120.0861336, 23.1365127], [120.0860807, 23.1365763], [120.0860376, 23.1366413], [120.0859376, 23.1368669], [120.0855811, 23.1379802], [120.0855091, 23.1382272], [120.0850798, 23.1397845], [120.0849702, 23.1401843], [120.0848089, 23.1407647], [120.0847708, 23.140955], [120.0847335, 23.1412894], [120.084765, 23.1414505], [120.08479, 23.1415713], [120.0848527, 23.1419923], [120.0849319, 23.14241], [120.0850352, 23.1427077], [120.0851105, 23.1428358], [120.0851751, 23.1429258], [120.0856079, 23.1434742], [120.0856821, 23.1434152], [120.0861225, 23.1439607], [120.086011, 23.1442579], [120.0859915, 23.14431], [120.0858752, 23.1441817], [120.0853132, 23.1443773], [120.0849936, 23.1444891], [120.0849236, 23.1445388], [120.0848364, 23.1445341], [120.0842736, 23.1445174], [120.0834588, 23.1445114], [120.0824043, 23.1444814], [120.0816017, 23.1444892], [120.0812676, 23.1444699], [120.0801058, 23.1444421], [120.0790301, 23.1444204], [120.0779518, 23.1444063], [120.0773168, 23.1443853], [120.0766533, 23.1443684], [120.0765931, 23.1443676], [120.0765674, 23.1443688], [120.0765605, 23.1444094], [120.0765436, 23.1449407], [120.0765368, 23.1452667], [120.0764028, 23.1518976], [120.0762692, 23.15975], [120.0762614, 23.1598311], [120.0762545, 23.15989], [120.0762559, 23.1599497], [120.0762393, 23.1601406], [120.0759873, 23.1712936], [120.07598, 23.1713661], [120.0759153, 23.1724995], [120.0756757, 23.1725432], [120.0752621, 23.1726658], [120.0751605, 23.172695], [120.0750128, 23.1727437], [120.0747751, 23.1728457], [120.0744934, 23.1729841], [120.0741502, 23.1731742], [120.0738558, 23.1733858], [120.0735654, 23.1736266], [120.0734853, 23.1736813], [120.0732217, 23.1739492], [120.0729338, 23.1743242], [120.0725988, 23.1747503], [120.0725015, 23.1748932], [120.0721443, 23.1753576], [120.0719162, 23.1756472], [120.0717676, 23.1758584], [120.0714787, 23.1762112], [120.0713542, 23.1763699], [120.071243, 23.1765406], [120.0709728, 23.1769892], [120.0707836, 23.1773469], [120.0706567, 23.1776927], [120.0705437, 23.1780276], [120.0704847, 23.1782497], [120.0704307, 23.1786128], [120.0703779, 23.1791997], [120.0703539, 23.1796438], [120.0703701, 23.1798873], [120.0703655, 23.179943], [120.070355, 23.1800151], [120.0703081, 23.1801169], [120.0702553, 23.1801828], [120.0702304, 23.1802049], [120.0701757, 23.1802383], [120.0701266, 23.1802478], [120.069552, 23.1803665], [120.0691685, 23.1804461], [120.0688892, 23.1804685], [120.0687662, 23.1804942], [120.0682628, 23.1807085], [119.9957674, 23.1805447], [119.996665, 23.17453], [119.9970313, 23.1669829], [119.9959429, 23.1604776], [119.9971175, 23.1484681], [119.9962422, 23.1341758], [119.9979978, 23.120402], [119.9985415, 23.113262], [119.9993801, 23.1081547], [120.0027985, 23.0999101], [120.0047875, 23.0928509], [120.0044712, 23.0867089], [120.0053745, 23.0797623], [120.0060199, 23.0752986], [119.7177778, 23.2297274], [119.7177778, 23.2013889], [119.6718546, 23.2013889]], [[120.1138448, 23.0240687], [120.1138475, 23.0242105], [120.1140623, 23.0245377], [120.1142589, 23.0249539], [120.114447, 23.025352], [120.1147324, 23.0256341], [120.1143306, 23.0259823], [120.114857, 23.0266055], [120.1152252, 23.0270426], [120.115243, 23.0270654], [120.1157032, 23.0277724], [120.1158452, 23.0279983], [120.1159928, 23.0282148], [120.1160745, 23.0283385], [120.1162915, 23.0286696], [120.1163947, 23.028827], [120.1164982, 23.0289673], [120.1165747, 23.0290986], [120.116661, 23.0292465], [120.1167295, 23.0293723], [120.1169887, 23.0293212], [120.1170246, 23.0293718], [120.1176114, 23.0302489], [120.1176636, 23.0302256], [120.11781, 23.0302145], [120.1181404, 23.0310295], [120.1182851, 23.0311905], [120.118652, 23.0316901], [120.1187607, 23.0318199], [120.1190692, 23.032154], [120.1200569, 23.0321585], [120.1220464, 23.0322377], [120.1226531, 23.0322285], [120.1227242, 23.0322282], [120.1229097, 23.0322258], [120.12294, 23.0322254], [120.1234436, 23.032224], [120.1234729, 23.0322266], [120.1238315, 23.0322236], [120.1242054, 23.0322218], [120.1244316, 23.0325705], [120.1246864, 23.0329605], [120.1248769, 23.0328264], [120.1250192, 23.0327263], [120.1250657, 23.0326936], [120.125213, 23.03259], [120.1253501, 23.0326068], [120.1254015, 23.0326876], [120.125477, 23.0328063], [120.1255168, 23.0328141], [120.1255871, 23.0327655], [120.1270617, 23.0317011], [120.1284078, 23.0306893], [120.1286249, 23.0305018], [120.1316757, 23.0283045], [120.131806, 23.0282115], [120.1320186, 23.0280561], [120.1323209, 23.0278421], [120.1323779, 23.0278027], [120.132407, 23.0277826], [120.1325537, 23.0276772], [120.1329677, 23.0273311], [120.1333045, 23.0270495], [120.1350188, 23.0258263], [120.1350961, 23.0254352], [120.1336905, 23.0235191], [120.1333523, 23.023172], [120.1333704, 23.0231569], [120.1333793, 23.0231496], [120.1336549, 23.0229223], [120.1337927, 23.0230655], [120.1339375, 23.0228637], [120.1340122, 23.0227209], [120.1341841, 23.02237], [120.1343628, 23.0217375], [120.1344385, 23.0214341], [120.1345259, 23.0212381], [120.134622, 23.0210137], [120.1349162, 23.0205405], [120.1350413, 23.0203911], [120.135132, 23.0202969], [120.1352307, 23.0201967], [120.1354214, 23.0200031], [120.1356521, 23.0197918], [120.1354457, 23.0196198], [120.1356, 23.0192064], [120.1355448, 23.0190926], [120.1353563, 23.0190292], [120.1345824, 23.019119], [120.1364381, 23.0166105], [120.1361104, 23.016426], [120.1361177, 23.0164183], [120.1361585, 23.0162593], [120.1362572, 23.0162978], [120.1365393, 23.0158093], [120.1365194, 23.0158018], [120.1363436, 23.0157355], [120.1363965, 23.0156807], [120.1362605, 23.0156346], [120.136231, 23.015647], [120.1361751, 23.0156285], [120.1363973, 23.0153653], [120.1366138, 23.0150988], [120.1363812, 23.0149562], [120.1364, 23.014823], [120.1363841, 23.0146238], [120.1362673, 23.014503], [120.13592, 23.0144086], [120.1359254, 23.0143977], [120.1359458, 23.0143573], [120.1359652, 23.0143186], [120.1359928, 23.0142626], [120.1360175, 23.01428], [120.1361278, 23.0143574], [120.1362945, 23.0143766], [120.1361988, 23.0140846], [120.1361465, 23.0139251], [120.1362311, 23.0139729], [120.1364423, 23.0139669], [120.1364422, 23.0139451], [120.1364399, 23.0133353], [120.1362397, 23.0127523], [120.1360789, 23.0127732], [120.1360191, 23.012653], [120.1359464, 23.0124508], [120.135941, 23.0117756], [120.1361958, 23.0110819], [120.1362435, 23.0110282], [120.1363742, 23.0107901], [120.1363268, 23.0107534], [120.1363917, 23.0104514], [120.1364837, 23.0101522], [120.1365606, 23.0098775], [120.1366691, 23.0095595], [120.1367141, 23.00928], [120.1369315, 23.008732], [120.1370242, 23.008369], [120.1372918, 23.0083749], [120.1373932, 23.0083314], [120.1374923, 23.0082477], [120.1383127, 23.0067313], [120.1384778, 23.0062222], [120.1385421, 23.0060237], [120.1386635, 23.0055149], [120.1386775, 23.0054561], [120.1387419, 23.0053372], [120.1387498, 23.0053151], [120.1387087, 23.0053117], [120.1389705, 23.0043964], [120.1389402, 23.0042001], [120.1388724, 23.0040455], [120.1384173, 23.0033957], [120.1380477, 23.0031117], [120.1378633, 23.0032389], [120.1378427, 23.0032599], [120.1377325, 23.0031871], [120.1377413, 23.0031526], [120.137626, 23.0030714], [120.1375832, 23.0030653], [120.1375618, 23.0031533], [120.1374891, 23.0031319], [120.1374773, 23.0032115], [120.1361267, 23.0030991], [120.1360477, 23.003276], [120.1359934, 23.0033347], [120.1359589, 23.0033726], [120.1358139, 23.0034493], [120.1355636, 23.0034995], [120.1355248, 23.0034819], [120.1355076, 23.0034919], [120.1355724, 23.0033247], [120.1355837, 23.0032957], [120.1359, 23.0024804], [120.1361545, 23.0026243], [120.1363167, 23.0024336], [120.1364209, 23.0022892], [120.1371142, 23.002421], [120.137317, 23.0024394], [120.1372522, 23.0021661], [120.1373289, 23.0020535], [120.1378661, 23.0016061], [120.1378481, 23.0015963], [120.1371549, 23.0020126], [120.1370208, 23.002042], [120.1370023, 23.0020327], [120.1369429, 23.0019998], [120.1363397, 23.0018424], [120.136174, 23.0018004], [120.136172, 23.0017999], [120.1360475, 23.0017684], [120.1360317, 23.0017644], [120.1357321, 23.0017261], [120.1356595, 23.0017164], [120.1355831, 23.0017039], [120.1355451, 23.0017953], [120.1354994, 23.0019099], [120.135396, 23.0021766], [120.134971, 23.0020909], [120.1348696, 23.0020662], [120.134714, 23.0020282], [120.1345218, 23.0019682], [120.1343522, 23.0019532], [120.1342891, 23.0019528], [120.134213, 23.0019567], [120.134111, 23.0019768], [120.133941, 23.0020235], [120.1338092, 23.0020554], [120.1336266, 23.0020631], [120.1334175, 23.0021013], [120.1334153, 23.0021119], [120.1332981, 23.0021319], [120.1326603, 23.0025318], [120.1322222, 23.0029375], [120.1316673, 23.0033373], [120.1311816, 23.0038546], [120.1310536, 23.0040333], [120.1309549, 23.0041712], [120.1307527, 23.0044119], [120.1306444, 23.0045229], [120.1306516, 23.0045296], [120.1303933, 23.0047542], [120.1302064, 23.0049675], [120.1300089, 23.005193], [120.1297263, 23.0054373], [120.1292185, 23.0058384], [120.1289348, 23.0060625], [120.1283755, 23.0065796], [120.12832, 23.0066309], [120.1278123, 23.0070501], [120.1275965, 23.0072643], [120.1275788, 23.007243], [120.1275144, 23.0071667], [120.1273457, 23.0073114], [120.1274294, 23.0073869], [120.1274521, 23.0074075], [120.1271962, 23.0076615], [120.1270707, 23.0077653], [120.1269116, 23.0078969], [120.1268382, 23.0079206], [120.1266243, 23.0079898], [120.1265171, 23.0081287], [120.1260172, 23.0082467], [120.1256033, 23.0083833], [120.1252948, 23.0085709], [120.1252791, 23.0086408], [120.1253042, 23.0087174], [120.1250056, 23.0089701], [120.1250585, 23.00905], [120.1253943, 23.0095575], [120.1254714, 23.0095005], [120.1256934, 23.0097486], [120.1259482, 23.0100599], [120.126102, 23.0102613], [120.1261183, 23.0102836], [120.1263586, 23.0106897], [120.1264226, 23.0107824], [120.1263249, 23.0108746], [120.1263293, 23.0109469], [120.1263563, 23.011031], [120.1263773, 23.0110592], [120.1263416, 23.0111022], [120.1263308, 23.0111636], [120.1262982, 23.0112213], [120.1262042, 23.0112879], [120.1258957, 23.0115072], [120.1255469, 23.0117487], [120.1252603, 23.0119411], [120.1250382, 23.0120902], [120.1249412, 23.0121644], [120.1244806, 23.0124319], [120.1243314, 23.0125214], [120.1241382, 23.0126609], [120.1239512, 23.0128027], [120.1237634, 23.0129473], [120.123585, 23.0130892], [120.1234313, 23.0132027], [120.1232497, 23.0133396], [120.1231046, 23.0134337], [120.1229532, 23.0135283], [120.1227586, 23.0136326], [120.1225831, 23.0137146], [120.1224217, 23.0138216], [120.1222077, 23.0139604], [120.1219201, 23.0141244], [120.1217156, 23.0142612], [120.1216183, 23.0143427], [120.1215149, 23.0144537], [120.1214051, 23.0146354], [120.1212987, 23.0148251], [120.1212118, 23.0149682], [120.1211175, 23.0151304], [120.121021, 23.0152834], [120.120891, 23.0154946], [120.1207773, 23.0156768], [120.1207335, 23.0157274], [120.1206964, 23.015754], [120.1206903, 23.0157584], [120.120725, 23.0157999], [120.1209712, 23.0160497], [120.1210165, 23.0160645], [120.1212573, 23.0160514], [120.1212511, 23.0160207], [120.1214058, 23.0160652], [120.1214294, 23.0161195], [120.1214177, 23.0161744], [120.1213916, 23.0162971], [120.1213792, 23.016355], [120.1213773, 23.0164001], [120.1213346, 23.0165844], [120.1213583, 23.0165835], [120.1213821, 23.0165825], [120.1213834, 23.0165907], [120.1213974, 23.0165899], [120.1213939, 23.0166361], [120.1213928, 23.0166492], [120.1214048, 23.0167022], [120.1213601, 23.0167074], [120.1214027, 23.0168126], [120.1214347, 23.0168891], [120.1214465, 23.0168873], [120.1214714, 23.0169975], [120.121478, 23.017012], [120.1215595, 23.0171925], [120.1215848, 23.0171902], [120.1215875, 23.0172784], [120.121602, 23.0173111], [120.1216177, 23.01736], [120.1216286, 23.0173894], [120.1216404, 23.0174505], [120.1216419, 23.017458], [120.1216479, 23.017489], [120.121648, 23.0174978], [120.1216455, 23.0175781], [120.1216452, 23.0175904], [120.1216435, 23.0176543], [120.1216462, 23.0176548], [120.1216448, 23.0177021], [120.1216419, 23.0177931], [120.1216414, 23.0178362], [120.1214881, 23.0178277], [120.1210031, 23.017824], [120.1210162, 23.0179305], [120.1210998, 23.0185901], [120.1213785, 23.0194797], [120.1214563, 23.0194423], [120.1215387, 23.0197273], [120.1216649, 23.0201599], [120.1218565, 23.0208439], [120.1214064, 23.0210043], [120.1208839, 23.0212748], [120.1205799, 23.0214001], [120.1201646, 23.0216105], [120.1195404, 23.0219677], [120.1188656, 23.0223197], [120.1186234, 23.0224863], [120.1179532, 23.0227344], [120.1178869, 23.0225539], [120.1178624, 23.0212565], [120.1174221, 23.0214035], [120.116883, 23.0215306], [120.1168366, 23.0218209], [120.1155711, 23.0220471], [120.1155211, 23.0221285], [120.1152833, 23.0229587], [120.1153975, 23.0233105], [120.1155531, 23.0233207], [120.1154702, 23.0234171], [120.1138448, 23.0240687]], [[120.1340489, 23.0233315], [120.134058, 23.0235842], [120.1341534, 23.0237408], [120.1347086, 23.024436], [120.1356098, 23.0255844], [120.1356199, 23.0256089], [120.1356276, 23.0256294], [120.1355988, 23.0256951], [120.1357028, 23.0257267], [120.1359342, 23.0258671], [120.1364372, 23.0261721], [120.1367331, 23.0263636], [120.1368815, 23.0265346], [120.1373211, 23.0267457], [120.1373456, 23.0267616], [120.1373938, 23.026813], [120.1372437, 23.0256717], [120.1370318, 23.0244119], [120.1364817, 23.0206376], [120.1363634, 23.0198258], [120.1363557, 23.0198004], [120.1362901, 23.019741], [120.136242, 23.0197555], [120.1358435, 23.0199188], [120.1357373, 23.0199356], [120.1355033, 23.020185], [120.1353453, 23.0203476], [120.1352013, 23.0204803], [120.1350603, 23.0206317], [120.1349691, 23.0207817], [120.1348625, 23.0209598], [120.1347363, 23.0211478], [120.1345858, 23.0214258], [120.1345602, 23.0214914], [120.1344622, 23.0219752], [120.1343943, 23.0223646], [120.1342874, 23.0228745], [120.1340489, 23.0233315]], [[120.1518297, 23.0128507], [120.1519357, 23.0128981], [120.1519872, 23.0129199], [120.1529638, 23.0133523], [120.1530609, 23.0134015], [120.1533301, 23.0134273], [120.1533384, 23.013392], [120.153412, 23.0134024], [120.1534784, 23.0129112], [120.1536475, 23.0129196], [120.1538111, 23.0111009], [120.1538508, 23.0110552], [120.1538586, 23.0110312], [120.1538818, 23.0109596], [120.1539881, 23.0106319], [120.1539255, 23.0103817], [120.1538423, 23.010061], [120.1536897, 23.0101012], [120.1536289, 23.0101004], [120.1534405, 23.0100978], [120.1532516, 23.010095], [120.1532028, 23.0100943], [120.153062, 23.0100927], [120.1528718, 23.0100905], [120.1526809, 23.0100882], [120.1524893, 23.010086], [120.1522969, 23.0100837], [120.1521039, 23.0100814], [120.152079, 23.0103319], [120.1520215, 23.010908], [120.1520143, 23.0109801], [120.1518297, 23.0128507]]], [[[120.1351976, 23.0466936], [120.1354448, 23.0465128], [120.1355509, 23.0464353], [120.1361998, 23.0459609], [120.1365878, 23.0456772], [120.1369753, 23.0453939], [120.1370029, 23.0453738], [120.1370445, 23.0453433], [120.137557, 23.0449687], [120.1387669, 23.0440842], [120.1394183, 23.0436079], [120.1400379, 23.043155], [120.1439937, 23.0477446], [120.145604, 23.0496127], [120.1429414, 23.0515606], [120.1428932, 23.0515958], [120.1426399, 23.0517813], [120.1419587, 23.0522802], [120.1409161, 23.0515887], [120.1408746, 23.0515612], [120.1391835, 23.0504396], [120.1391971, 23.0504178], [120.1391514, 23.0503865], [120.1391196, 23.0504163], [120.1390628, 23.0503805], [120.139052, 23.0503934], [120.1389889, 23.0503426], [120.1384911, 23.049942], [120.1381351, 23.0496556], [120.1377062, 23.0493105], [120.1373352, 23.049012], [120.1366511, 23.0484697], [120.1358982, 23.047863], [120.135893, 23.0478588], [120.1358845, 23.0478452], [120.135873, 23.0478268], [120.1358292, 23.0477567], [120.1356172, 23.0473967], [120.1355571, 23.0472972], [120.135475, 23.0471614], [120.1353958, 23.047034], [120.1353279, 23.0469174], [120.1351976, 23.0466936]]]]}}, {"type": "Feature", "properties": {"name": "澎湖南方四島國家公園", "source": "OpenStreetMap", "osm_type": "relation", "osm_id": 3898969}, "geometry": {"type": "Polygon", "coordinates": [[[119.4641667, 23.2013889], [119.6718546, 23.2013889], [119.7177778, 23.2013889], [119.7177778, 23.2297274], [119.7177778, 23.3244444], [119.4641667, 23.3244444], [119.4641667, 23.2013889]]]}}]}